4.186066389083862,87,11,3,-30,-26,-177,-7.51,0.00,0.00,4.27,16.30,38.88,-0.19,-1.30,0.68
4.20216703414917,96,117,228,106,1-8,-188,-7.51,0.00,0.00,-30.88,22.83,27.40,-0.23,-0.80,0.70
4.223810911178589,114,104,252,66,0,-13,-17,-30,-175,-7.51,0.00,0.00,-71.04,40.28,-2.56,-0.44,-0.44,0.88
4.2434704303741455,110,103,249,77,10,5,-22,-32,-180,-7.51,0.00,0.00,-90.15,57.74,-22.34,-0.57,0.13,0.96
4.264341115951538,104,107,251,87,11,3,-30,-26,-177,-7.51,0.00,0.00,-69.64,46.75,-11.41,-0.64,0.05,0.99
4.280929088592529,96,117,228,106,1-8,-188,-7.51,0.00,0.00,-40.16,32.59,-46.45,-0.41,-0.52,0.69
4.305804491043091,114,104,252,66,0,-13,-17,-30,-175,-9.60,1.95,1.47,-29.72,35.89,-100.59,-0.52,-0.36,1.30
4.325319766998291,110,103,249,77,10,5,-22,-32,-180,-11.42,4.35,2.91,-55.18,59.94,-70.56,-0.46,-0.07,1.42
4.351830244064331,104,107,251,87,11,3,-30,-26,-177,-12.68,7.17,3.38,-60.12,64.70,-56.82,-0.27,0.45,1.08
4.371766090393066,96,117,228,106,1128,52,2,132,76,76,1,-99,-166,-13.95,9.63,3.58,-69.21,52.43,-32.41,-0.12,0.21,0.85
4.3913798332214355,146,34,14,115,80,64,24,-124,-150,-14.29,11.93,4.96,-51.88,36.13,-9.40,0.05,-0.02,0.93
4.416384935379028,130,10,26,97,67,53,3,-156,-134,-14.23,14.18,6.47,-33.51,36.07,-3.23,-0.14,-0.04,1.01
4.440415143966675,137,249,34,68,48,57,13,-180,-123,-14.12,16.55,7.37,-30.15,31.25,6.35,-0.22,0.06,1.03
4.460999011993408,106,48,55,23,14,136,-28,-105,-96,-13.55,18.57,8.48,-36.56,21.91,23.50,-0.25,-0.02,1.07
4.481230020523071,110,114,75,-85,9,18,-22,-16,-69,-12.77,20.17,10.28,-32.23,17.21,16.48,-0.13,-0.30,0.96
4.507739067077637,130,51,85,-182,-41,-140,3,-101,-55,-12.21,21.56,12.22,-24.54,18.55,0.73,-0.12,-0.34,0.96
4.526341199874878,148,27,64,-229,-75,-87,27,-133,-84,-11.69,22.94,13.96,-25.39,11.35,11.54,-0.11,-0.24,1.05
4.5506978034973145,130,41,53,-270,-78,-25,4,-115,-99,-10.65,24.11,16.02,-31.43,6.47,25.02,-0.21,-0.21,0.99
4.57119345664978,120,8,38,-294,-106,35,-8,-159,-118,-9.50,25.15,18.17,-34.06,5.68,33.63,-0.21,-0.33,0.66
4.595904588699341,123,26,29,-284,-105,117,-5,-134,-131,-8.17,25.86,20.68,-38.64,5.86,29.60,-0.21,-0.46,0.86
4.616284608840942,85,106,12,-304,-75,111,-55,-27,-153,-7.06,26.69,23.20,-40.71,8.79,21.91,-0.23,-0.43,0.88
4.640987157821655,69,123,229,-291,-74,-8,-77,-5,-206,-6.17,27.76,25.58,-40.83,13.06,12.57,-0.23,-0.30,0.92
4.661340951919556,58,164,0,-213,-62,-51,-92,48,-170,-5.30,28.99,27.91,-44.56,12.51,13.67,-0.21,-0.13,0.94
4.6859283447265625,68,201,11,-53,0,-9,-78,99,-154,-4.69,30.31,30.11,-47.49,0.37,8.73,-0.27,-0.00,0.95
4.706368446350098,119,176,241,55,14,-77,-10,65,-191,-4.38,31.37,32.17,-47.91,-6.71,5.62,-0.20,-0.09,1.03
4.727230548858643,132,71,15,130,59,-86,6,-74,-149,-3.96,32.30,34.36,-42.05,-4.21,0.06,-0.18,-0.19,0.94
4.7514848709106445,83,118,246,98,38,4,-58,-12,-184,-3.53,33.35,36.52,-40.28,4.46,-4.64,-0.22,-0.15,0.95
4.772287368774414,106,100,223,81,-18,-125,-27,-36,-215,-3.04,34.62,38.70,-44.74,6.65,-0.06,-0.25,-0.12,0.93
4.797353029251099,131,4,36,83,38,-66,5,-163,-121,-2.20,35.65,41.36,-47.79,5.68,12.82,-0.24,-0.20,0.90
4.81767725944519,124,59,255,71,42,0,-3,-90,-171,-1.07,36.36,44.21,-48.77,7.14,16.91,-0.22,-0.29,0.92
4.842400789260864,119,101,0,33,50,0,-11,-34,-168,0.11,36.89,47.30,-54.38,7.57,15.56,-0.21,-0.29,0.92
4.8623433113098145,109,106,255,30,33,-18,-23,-27,-171,1.26,37.43,50.54,-59.69,9.16,13.06,-0.22,-0.27,0.92
4.882404565811157,116,107,243,30,24,-28,-14,-26,-188,2.41,38.07,53.91,-64.33,12.15,9.95,-0.25,-0.20,1.03
4.907143592834473,116,93,245,38,24,12,-14,-45,-185,1.67,37.76,54.29,-69.34,9.03,5.13,-0.24,-0.19,1.02
4.931774854660034,117,112,248,36,19,10,-13,-19,-181,2.62,38.39,57.93,-73.43,5.62,2.26,-0.25,-0.27,1.07
4.952212333679199,110,97,249,36,13,1,-23,-39,-179,3.45,38.81,61.50,-78.92,2.81,0.37,-0.24,-0.34,1.07
4.972560167312622,113,98,253,42,19,33,-18,-38,-174,4.26,39.26,65.24,-86.36,5.68,-3.78,-0.38,-0.42,1.12
4.997348308563232,111,130,254,36,14,14,-21,4,-172,5.08,39.79,69.17,-96.62,9.89,-6.77,-0.51,-0.44,1.06
5.017642259597778,112,107,253,40,9,0,-20,-27,-174,5.87,40.39,73.36,-106.87,12.39,-9.16,-0.57,-0.50,1.07
5.042354583740234,104,109,249,48,10,7,-30,-23,-180,6.78,40.99,77.94,-119.69,19.96,-11.72,-0.69,-0.52,1.15
5.062710523605347,109,107,252,53,16,9,-24,-26,-175,8.33,41.88,83.36,-123.96,37.66,-13.49,-0.74,-0.45,1.25
5.087449073791504,111,110,251,55,14,1,-21,-23,-177,9.88,41.93,88.76,-136.35,31.92,48.77,-0.60,-0.39,1.19
5.107803583145142,108,114,0,66,10,-3,-24,-17,-170,10.92,40.54,93.92,-127.87,13.37,48.34,-0.29,-0.25,1.13
5.132540225982666,109,119,251,78,5,-15,-23,-10,-177,11.32,40.79,98.03,-94.97,-11.11,-34.00,-0.02,0.23,1.11
5.152906656265259,122,122,248,89,15,-16,-7,-6,-180,11.45,42.18,100.94,-76.60,-13.79,-45.90,0.09,0.81,1.10
5.177570343017578,110,110,240,108,20,-9,-23,-22,-191,11.62,42.91,103.38,-52.19,1.71,17.27,0.27,1.00,1.00
5.197938680648804,90,115,225,126,24,-9,-49,-16,-212,11.60,41.23,104.79,-27.65,15.75,100.52,0.15,1.12,0.89
5.222681760787964,78,119,204,150,33,-16,-65,-10,-240,10.92,38.26,105.39,1.04,-3.11,167.54,-0.03,0.77,0.68
5.2430596351623535,49,99,216,164,42,-23,-103,-38,-224,9.73,35.30,104.64,44.01,-0.31,143.01,-0.11,0.38,0.31
5.263404130935669,95,104,224,174,66,68,-42,-30,-212,9.27,33.83,103.00,111.21,7.93,52.73,-0.10,0.38,0.32
5.288098335266113,133,75,234,128,19,-12,7,-69,-200,9.43,33.84,100.68,149.11,5.86,-0.61,0.07,0.48,0.46
5.312718152999878,126,5,28,86,-7,-56,-1,-162,-132,9.74,34.43,97.73,178.89,7.87,-24.05,0.03,0.48,0.63
5.3331334590911865,218,212,70,21,19,58,120,-229,-76,10.07,35.34,94.57,197.45,3.72,-32.17,0.03,0.51,0.74
5.353515386581421,178,65,70,-33,46,154,67,-83,-75,10.34,35.99,91.11,204.28,3.91,-9.40,0.02,0.52,0.77
5.378312587738037,110,119,95,-142,12,30,-23,-10,-42,10.23,36.26,87.19,212.89,-10.38,8.00,-0.09,0.57,0.74
5.3986876010894775,144,59,79,-252,-69,-166,22,-91,-63,9.48,36.36,82.44,222.17,-36.44,22.09,-0.09,0.53,0.82
5.423409700393677,151,41,31,-285,-113,-161,32,-114,-127,8.44,36.21,77.44,224.55,-44.68,22.22,-0.10,0.40,0.86
5.443696022033691,133,244,38,-294,-89,27,7,-186,-119,6.98,36.23,71.69,228.94,-51.51,16.48,-0.10,0.33,0.85
5.468442440032959,128,35,27,-275,-94,124,1,-122,-133,5.95,36.49,66.83,236.15,-46.33,7.02,-0.33,0.19,0.85
5.488845586776733,101,80,23,-293,-76,140,-34,-62,-139,4.97,37.43,62.00,243.10,-38.88,-30.64,-0.46,0.03,0.87
5.513550281524658,74,114,234,-313,-66,-21,-70,-17,-200,3.92,38.45,57.24,233.28,-40.59,-30.58,-0.56,-0.14,1.11
5.533884286880493,75,157,245,-244,-50,18,-69,39,-184,3.04,39.40,52.97,198.91,-28.26,-27.22,-0.63,-0.25,0.96
5.558485269546509,61,184,11,-126,-3,-17,-87,75,-154,2.78,40.30,49.72,170.59,-13.67,-5.19,-0.76,-0.55,0.60
5.578903436660767,101,200,253,1,0,-76,-34,97,-174,3.35,40.87,48.30,99.24,13.06,1.71,-0.48,-1.16,0.43
5.603633165359497,82,113,251,96,32,-73,-60,-18,-177,4.97,40.43,49.48,39.00,26.73,14.59,-0.37,-1.54,0.59
5.623983383178711,126,96,8,102,65,-67,-1,-41,-158,6.25,40.63,51.39,0.55,36.32,-24.60,-0.14,-1.08,0.59
5.644381284713745,104,148,243,57,44,-95,-30,27,-187,7.12,42.54,54.14,-47.85,61.89,-81.97,-0.16,-0.65,0.88
5.669092893600464,143,34,246,97,38,-91,21,-124,-184,8.16,46.10,57.60,-74.83,79.90,-94.18,-0.44,0.24,0.97
5.693720817565918,127,12,29,110,88,-7,0,-153,-130,9.78,49.61,61.23,-50.23,59.02,-78.49,-0.34,-0.05,1.00
5.7141273021698,111,92,253,54,35,-28,-21,-47,-174,10.66,52.65,63.69,-24.60,37.23,-91.13,-0.96,-0.55,1.35
5.734514951705933,117,92,241,47,27,-50,-13,-46,-190,12.93,54.36,67.74,-64.51,47.24,-17.21,-0.62,-0.01,1.60
5.759206295013428,136,75,246,51,5,-21,11,-69,-184,15.99,55.99,73.13,-92.41,60.18,-10.01,-0.40,0.38,0.96
5.779650449752808,124,103,247,40,20,14,-4,-32,-182,18.77,58.34,78.25,-80.32,56.88,-69.76,-0.19,0.15,0.68
5.804245233535767,112,124,250,43,15,10,-20,-4,-178,22.24,60.46,83.65,-46.20,55.36,-106.26,0.19,-0.29,0.88
5.824643850326538,103,99,254,45,12,16,-31,-36,-173,26.70,61.95,89.15,-28.50,65.80,-46.39,0.03,0.13,1.12
5.849296569824219,133,124,2,48,46,60,8,-4,-166,30.46,62.57,94.17,-42.18,43.21,14.28,-0.22,0.49,1.11
5.869755983352661,119,109,251,44,26,10,-10,-24,-177,32.37,62.10,97.69,-49.44,15.63,70.31,-0.28,0.05,1.02
5.894466400146484,110,102,252,43,16,9,-22,-33,-176,33.92,59.97,101.19,-45.65,11.05,61.10,-0.24,-0.47,1.01
5.914825201034546,109,104,249,43,6,8,-24,-30,-179,34.99,58.18,104.11,-36.93,10.74,18.98,-0.13,-0.56,0.92
5.939553260803223,110,116,251,45,15,21,-22,-14,-177,36.39,57.11,107.06,-27.22,15.26,-2.93,-0.12,-0.20,1.01
5.959810733795166,105,117,252,56,9,7,-29,-13,-175,38.35,56.71,110.53,-31.31,15.56,3.60,-0.15,0.06,1.07
5.984592914581299,105,108,249,67,5,10,-28,-25,-179,39.27,55.85,113.33,-38.09,2.44,35.28,-0.22,-0.04,1.02
6.004966735839844,109,118,246,75,16,3,-23,-12,-183,39.28,54.34,115.48,-38.88,-0.98,46.26,-0.18,-0.26,0.90
6.029783725738525,112,115,244,85,9,-19,-19,-16,-186,39.04,52.65,117.18,-33.94,2.62,29.91,-0.19,-0.38,0.89
6.0500266551971436,110,101,234,102,6,-23,-23,-35,-200,39.37,51.39,119.37,-29.79,10.13,0.85,-0.19,-0.28,0.93
6.074739217758179,98,126,228,119,11,-12,-38,-1,-207,40.20,50.71,122.05,-32.47,10.31,-1.65,-0.22,-0.09,0.97
6.095107078552246,85,138,233,146,25,-21,-56,14,-201,40.84,50.01,124.60,-36.87,4.52,3.05,-0.23,-0.14,0.93
6.119786024093628,58,117,214,173,53,-5,-92,-13,-226,41.05,49.13,126.91,-41.38,5.37,1.59,-0.27,-0.29,0.97
6.140166759490967,72,100,202,181,75,30,-73,-35,-242,39.79,49.11,126.87,-43.76,11.05,-2.62,-0.29,-0.19,0.87
6.160619735717773,100,117,228,164,50,33,-36,-13,-207,40.34,48.38,129.59,-44.98,9.09,-1.89,-0.29,-0.13,0.95
6.185173034667969,141,32,9,96,18,-50,18,-126,-157,40.60,47.50,132.22,-45.17,9.52,7.69,-0.26,-0.10,0.96
6.205648422241211,204,240,42,28,-16,-25,102,-192,-113,40.48,46.39,134.42,-46.63,8.36,14.53,-0.21,-0.23,0.93
6.230301380157471,167,35,69,-28,27,100,53,-122,-77,39.94,45.05,136.16,-49.93,7.39,12.82,-0.15,-0.35,0.90
6.250671625137329,132,88,76,-112,23,10,7,-51,-67,39.14,43.69,137.58,-53.41,10.62,8.79,-0.17,-0.33,0.91
6.275525808334351,142,53,101,-203,-48,-88,20,-99,-34,38.91,42.44,139.84,-61.10,13.00,5.92,-0.20,-0.22,1.01
6.295790910720825,146,37,49,-264,-114,-77,25,-119,-104,38.59,41.27,142.49,-68.30,8.48,9.64,-0.24,-0.25,1.01
6.3205342292785645,152,28,38,-283,-101,-19,33,-131,-118,38.02,40.15,144.84,-71.41,6.77,7.63,-0.23,-0.26,1.05
6.340902328491211,129,19,39,-271,-122,115,3,-144,-117,37.48,39.14,147.33,-75.74,4.64,4.21,-0.26,-0.25,1.10
6.365592956542969,120,66,19,-286,-115,87,-8,-81,-143,37.01,38.20,150.02,-85.63,2.99,0.43,-0.34,-0.30,1.11
6.385995626449585,92,85,20,-320,-87,27,-46,-56,-142,36.12,37.28,152.55,-93.32,2.26,3.17,-0.42,-0.39,1.10
6.4063169956207275,65,84,220,-271,-71,36,-82,-57,-219,34.97,36.40,154.97,-102.23,6.35,2.14,-0.52,-0.51,1.09
6.4310462474823,44,169,2,-207,-30,30,-110,55,-166,34.38,36.70,156.99,-114.81,11.90,-3.66,-0.71,-0.54,1.10
6.455666542053223,70,221,0,-60,22,24,-75,124,-169,33.38,36.77,159.23,-125.73,30.46,3.23,-0.88,-0.45,1.12
6.476050853729248,114,158,243,72,50,4,-16,41,-187,32.22,35.65,162.54,-132.45,44.19,23.32,-0.74,-0.24,1.26
6.496464967727661,73,157,237,119,64,-52,-72,39,-196,29.54,34.15,165.21,-145.94,14.16,79.47,-0.34,-0.34,1.17
6.5211100578308105,22,159,250,52,0,-180,-140,42,-178,26.94,32.80,166.99,-119.81,-1.04,28.99,-0.21,-0.36,0.99
6.5458269119262695,26,107,204,71,33,-155,-135,-26,-240,26.94,32.09,170.13,-71.11,-16.85,-43.40,-0.07,0.19,1.08
6.566221475601196,194,50,15,94,65,-48,89,-103,-148,28.98,31.73,173.34,-41.44,-3.17,-89.78,0.29,0.74,1.24
6.5908894538879395,146,21,1,105,65,-2,25,-141,-168,30.72,30.75,175.83,-15.20,20.02,-18.25,0.39,1.10,1.21
6.611164808273315,89,85,7,65,55,8,-50,-55,-159,29.62,29.83,176.37,1.65,13.67,66.22,0.19,1.22,0.98
6.631662368774414,106,83,246,43,37,-33,-28,-58,-183,27.45,29.20,176.01,19.23,-5.74,93.51,0.16,0.74,0.67
6.6563498973846436,113,79,237,49,-1,-7,-19,-63,-195,24.90,28.47,174.73,67.08,4.64,76.84,0.23,0.29,0.30
6.676612854003906,124,113,242,42,9,22,-3,-18,-189,23.58,27.81,172.91,130.07,6.84,36.68,0.02,0.43,0.26
6.701373338699341,108,94,248,40,12,15,-25,-43,-181,23.47,27.55,170.15,171.94,-8.67,6.04,0.12,0.62,0.42
6.721761226654053,128,113,254,45,18,39,1,-18,-173,23.57,27.55,167.10,192.32,-23.25,-1.71,0.06,0.50,0.70
6.746447563171387,120,130,250,49,15,27,-8,4,-179,23.57,27.83,163.71,210.14,-31.56,-3.17,0.02,0.55,0.79
6.766900062561035,115,108,255,53,6,15,-16,-25,-171,23.37,28.05,160.19,208.37,-30.21,9.40,-0.10,0.52,0.70
6.791547060012817,117,114,1,53,13,7,-13,-18,-168,22.80,28.50,156.30,220.21,-40.95,15.32,-0.11,0.52,0.62
6.811870574951172,115,91,253,58,15,4,-15,-48,-174,22.13,29.13,151.98,226.81,-51.45,12.82,-0.09,0.44,0.74
6.836567401885986,108,106,0,54,28,30,-25,-27,-171,21.38,29.85,147.78,233.52,-55.85,0.79,-0.16,0.34,0.86
6.857033967971802,103,111,252,61,21,12,-31,-21,-176,21.20,30.89,143.75,238.71,-52.37,-27.83,-0.23,0.33,0.88
6.881695985794067,109,105,249,75,16,4,-23,-29,-180,21.08,32.22,139.85,234.31,-54.69,-29.72,-0.36,0.21,0.91
6.902151823043823,110,110,250,87,10,-10,-22,-23,-178,20.23,33.59,135.64,228.45,-60.91,-6.29,-0.50,-0.07,1.02
6.926736354827881,108,103,241,94,11,-24,-24,-31,-190,18.87,34.19,131.51,198.73,-51.82,4.58,-0.39,-0.13,1.04
6.947183132171631,114,104,232,113,11,-18,-17,-31,-202,17.40,34.71,128.16,160.52,-30.21,22.52,-0.62,-0.40,0.73
6.971760988235474,90,127,221,128,29,0,-49,0,-217,15.20,34.31,124.50,117.61,-6.84,26.12,-0.51,-0.84,0.48
6.995710372924805,71,141,208,160,41,5,-74,18,-234,13.64,32.80,121.92,62.38,13.61,34.12,-0.32,-1.40,0.62
7.016933441162109,34,113,221,174,70,4,-123,-18,-217,12.49,31.05,121.21,-6.59,25.94,29.72,-0.28,-1.22,0.55
7.037274599075317,99,98,214,198,106,111,-37,-39,-226,12.06,29.69,122.66,-52.98,40.28,-5.86,-0.39,-0.77,0.77
7.062132835388184,125,80,233,130,19,-24,-2,-63,-201,12.92,29.67,124.49,-82.58,64.58,-41.38,-0.49,-0.27,0.89
7.0822913646698,141,247,26,51,-6,-41,18,-183,-134,14.67,30.05,128.44,-63.66,43.21,-23.44,-0.82,-0.34,1.03
7.107095956802368,158,228,67,-14,42,132,41,-207,-80,15.45,30.92,130.74,-32.53,42.72,-94.85,-0.92,-0.97,1.06
7.127701282501221,151,79,62,-72,28,93,31,-64,-86,18.37,32.19,134.49,-37.66,47.00,-127.99,-0.25,0.26,1.46
7.14771842956543,130,86,111,-166,6,0,4,-54,-21,21.98,32.55,139.47,-79.53,71.96,-88.75,-0.03,0.50,1.12
7.172500133514404,154,35,94,-253,-52,-38,36,-123,-43,24.70,31.89,144.18,-79.47,63.48,-48.77,-0.06,0.51,0.81
7.197231769561768,174,17,45,-290,-97,-37,63,-146,-109,26.58,31.09,147.87,-54.32,49.68,-48.71,0.05,0.23,1.01
7.2177557945251465,131,36,41,-294,-88,72,5,-121,-114,28.09,30.03,150.93,-38.64,47.12,-28.38,-0.15,0.23,1.22
7.242237567901611,132,62,30,-309,-81,87,7,-86,-129,28.31,28.80,153.29,-35.16,36.99,16.97,-0.30,0.17,1.04
7.262598514556885,91,82,11,-327,-92,15,-48,-59,-154,27.81,27.71,155.44,-39.86,27.83,28.99,-0.26,0.03,0.97
7.283073902130127,90,77,238,-325,-68,-23,-49,-66,-194,26.83,26.34,157.19,-34.36,17.15,29.79,-0.19,-0.25,0.99
7.307796478271484,114,98,255,-239,-34,74,-16,-38,-172,25.45,24.62,158.22,-31.43,15.14,23.74,-0.05,-0.34,0.98
7.332347393035889,100,170,26,-133,6,46,-36,56,-134,24.09,23.20,159.34,-30.82,7.14,34.18,-0.10,-0.24,1.09
7.352853536605835,110,200,242,9,40,41,-23,96,-189,22.46,22.07,160.64,-34.85,-2.69,46.02,-0.20,-0.17,1.02
7.37326192855835,73,150,244,108,59,16,-72,30,-186,20.55,21.17,161.89,-37.23,-4.27,48.40,-0.23,-0.24,0.97
7.397984027862549,93,153,0,98,19,-173,-44,34,-168,18.44,20.31,162.96,-36.99,-3.72,42.11,-0.21,-0.36,0.94
7.422550678253174,117,157,218,11,15,-238,-13,40,-221,16.25,19.17,163.35,-34.18,2.69,30.15,-0.18,-0.44,0.91
7.44302773475647,158,187,4,116,19,-148,41,-263,-163,14.33,18.26,163.99,-36.56,5.00,24.72,-0.20,-0.32,0.89
7.463232755661011,95,96,17,102,78,47,-43,-41,-146,12.39,17.62,164.85,-41.44,2.44,19.65,-0.25,-0.34,0.94
7.487992525100708,115,58,244,65,56,-32,-15,-91,-187,10.84,17.08,166.05,-42.42,2.62,9.03,-0.22,-0.23,0.92
7.508370876312256,120,72,244,63,23,-11,-9,-73,-187,9.89,16.60,167.76,-38.76,8.06,0.24,-0.23,-0.10,1.00
7.533235311508179,108,109,244,43,27,9,-25,-23,-186,9.38,16.21,169.78,-38.45,6.10,-2.44,-0.21,-0.06,1.05
7.553439140319824,128,105,248,36,22,3,1,-29,-181,8.77,15.73,171.82,-41.20,5.68,-2.38,-0.21,-0.07,1.00
7.578110218048096,119,95,249,52,21,32,-11,-42,-179,7.90,15.16,173.38,-42.48,6.41,-1.65,-0.25,-0.18,0.99
7.598650217056274,114,115,253,42,15,28,-17,-16,-174,6.67,14.86,174.51,-43.82,3.23,7.08,-0.25,-0.22,0.95
7.623230218887329,123,115,252,45,17,16,-5,-15,-175,4.98,14.70,174.95,-45.47,3.78,14.34,-0.29,-0.26,0.97
7.643581867218018,117,109,250,47,13,19,-13,-24,-179,3.32,14.64,174.94,-50.78,3.91,15.01,-0.27,-0.33,0.89
7.663969039916992,112,112,255,44,18,21,-20,-20,-171,1.84,14.52,174.81,-57.56,3.78,14.95,-0.25,-0.41,0.91
7.688665151596069,105,111,251,49,13,8,-29,-21,-177,0.29,14.38,174.81,-65.86,8.00,11.54,-0.25,-0.35,0.97
7.7089855670928955,106,112,249,56,24,34,-28,-20,-180,-1.08,14.16,175.28,-72.39,5.98,7.26,-0.24,-0.31,1.03
7.733740329742432,106,130,251,67,19,30,-28,3,-177,-2.23,13.93,175.86,-78.49,2.56,2.08,-0.24,-0.35,1.05
7.754145622253418,111,123,249,84,18,11,-20,-5,-180,-3.20,13.79,176.43,-85.51,3.23,-0.31,-0.26,-0.36,1.06
7.779001951217651,108,109,250,99,16,3,-25,-24,-178,-4.18,14.30,177.19,-94.73,1.34,4.09,-0.41,-0.44,1.11
7.799341201782227,111,101,242,107,12,-9,-20,-34,-188,-5.10,14.96,178.17,-106.81,6.10,6.53,-0.57,-0.57,1.02
7.823953151702881,105,111,235,117,41,22,-29,-21,-199,-5.83,15.62,179.52,-119.57,12.33,6.04,-0.70,-0.57,1.05
7.844248533248901,92,124,220,137,27,5,-46,-3,-219,-6.41,16.28,-178.55,-132.39,23.99,6.10,-0.86,-0.49,1.10
7.869058132171631,58,143,200,158,47,20,-92,20,-245,-6.98,16.69,-176.16,-140.26,47.12,2.62,-0.80,-0.17,1.33
7.889369010925293,31,106,208,179,51,11,-128,-28,-235,-8.10,16.81,-174.16,-150.70,25.02,61.83,-0.37,-0.21,1.21
7.909799575805664,105,123,220,199,85,97,-29,-5,-218,-10.18,16.32,-172.86,-131.77,4.27,50.42,-0.17,-0.23,1.02
7.9344000816345215,133,87,236,117,13,-75,7,-53,-197,-10.33,16.11,-171.54,-77.45,-15.08,-40.04,-0.14,0.24,1.09
7.959578514099121,137,253,11,58,-38,-105,12,-175,-154,-8.73,14.99,-169.16,-43.76,-0.49,-75.32,0.46,0.63,1.20
7.979524850845337,154,240,64,-10,45,117,36,-191,-84,-8.02,13.21,-167.32,-25.15,24.84,-8.85,0.34,0.88,1.12
8.004464626312256,161,67,63,-61,23,102,45,-79,-84,-8.90,12.15,-166.14,-3.48,25.02,53.71,0.14,1.08,0.92
8.024566650390625,127,95,105,-154,-7,16,0,-42,-29,-10.11,11.68,-165.38,21.12,-1.53,66.10,0.13,0.79,0.71
8.049254894256592,150,56,83,-254,-66,-52,31,-95,-58,-11.34,11.27,-165.57,60.61,-0.24,53.10,0.17,0.40,0.33
8.069687366485596,165,23,42,-287,-100,-57,51,-138,-112,-12.36,10.91,-166.74,106.45,7.26,51.70,0.06,0.46,0.26
8.090036392211914,120,21,50,-295,-102,31,-9,-141,-103,-13.12,10.90,-168.79,141.78,-5.98,40.16,0.01,0.67,0.38
8.114730596542358,128,62,26,-304,-97,96,1,-86,-134,-13.53,11.28,-171.12,169.56,-29.97,30.64,-0.06,0.59,0.60
8.135327100753784,105,57,14,-327,-96,34,-29,-93,-150,-13.91,11.87,-173.89,191.10,-37.72,30.58,-0.03,0.59,0.79
8.159825801849365,66,104,240,-306,-48,27,-80,-31,-191,-14.32,12.36,-176.95,198.61,-35.71,30.40,-0.08,0.42,0.63
8.180169343948364,112,88,13,-251,1,87,-19,-51,-151,-14.58,13.26,179.64,214.05,-28.56,15.69,-0.21,0.37,0.62
8.204944610595703,110,180,17,-130,21,53,-23,71,-146,-14.29,13.80,176.26,222.05,-26.37,-4.88,-0.16,0.42,0.78
8.225222826004028,112,232,236,21,36,-7,-20,139,-197,-14.06,14.64,172.76,230.96,-34.73,-10.38,-0.23,0.33,0.82
8.250079154968262,98,152,244,125,41,-124,-39,33,-186,-13.38,15.72,169.09,242.31,-34.36,-41.02,-0.26,0.31,0.85
8.270301342010498,14,136,242,69,63,-91,-150,11,-189,-12.46,17.06,165.34,246.58,-33.81,-47.49,-0.37,0.17,0.84
8.295008659362793,50,84,204,72,11,-197,-102,-56,-240,-11.30,18.85,161.30,239.56,-40.41,-55.54,-0.39,-0.02,0.93
8.315349340438843,133,40,246,91,17,-91,8,-116,-183,-10.79,20.40,157.62,223.69,-45.23,-35.58,-0.58,-0.14,1.26
8.342670202255249,169,244,30,127,69,30,56,-186,-129,-10.64,21.96,154.34,189.94,-37.05,-35.10,-0.60,-0.25,0.96
8.360301494598389,122,113,2,52,62,3,-6,-18,-167,-11.59,23.91,150.59,151.98,-20.14,3.60,-0.68,-0.46,0.59
8.38520359992981,114,87,245,38,31,-32,-16,-53,-185,-12.61,24.50,146.92,82.28,4.09,25.33,-0.37,-0.92,0.57
8.405457019805908,127,69,239,45,30,29,0,-77,-193,-14.40,23.15,144.51,26.37,13.18,55.24,-0.23,-1.40,0.74
8.4301176071167,117,126,239,44,32,39,-12,0,-192,-16.14,21.38,143.10,-32.10,28.99,43.70,-0.23,-0.81,0.67
8.450469493865967,107,119,254,40,30,2,-26,-10,-173,-16.66,19.68,145.00,-89.97,48.28,10.07,-0.44,-0.64,0.90
8.4754638671875,110,108,251,52,24,40,-22,-25,-176,-15.72,19.66,148.39,-84.78,61.10,-19.96,-0.68,-0.18,0.86
8.495996952056885,125,127,254,48,18,18,-2,0,-173,-14.81,20.34,150.80,-53.59,39.25,-21.91,-0.81,-0.61,0.81
8.521199703216553,113,107,253,54,16,16,-18,-26,-175,-12.44,21.04,151.64,-15.26,56.27,-166.38,-0.82,-1.01,1.03
8.540519952774048,106,117,0,60,20,15,-28,-13,-169,-7.01,21.99,155.43,-43.95,78.61,-181.15,-0.09,0.45,1.55
8.566014051437378,112,117,254,60,11,-14,-20,-13,-173,-3.27,20.57,159.90,-79.77,92.96,-84.84,-0.03,0.67,1.00
8.586142539978027,120,95,1,61,29,23,-8,-42,-167,-1.95,18.98,163.66,-84.23,63.42,-10.56,0.07,0.71,0.81
8.611211776733398,102,98,254,72,22,21,-33,-38,-173,-1.83,17.40,166.74,-68.60,34.85,25.94,0.04,0.37,1.10
8.63265585899353,111,117,251,72,0,-31,-21,-12,-177,-2.98,16.17,168.92,-58.78,12.63,58.90,-0.19,-0.13,1.08
8.656125783920288,114,96,247,93,13,0,-17,-41,-182,-4.11,15.41,170.09,-41.99,28.50,12.76,-0.22,-0.16,0.98
8.676728963851929,115,113,239,98,10,-5,-16,-18,-193,-4.00,14.36,171.71,-30.94,31.13,-5.62,-0.19,-0.04,1.06
8.7008798122406,109,104,234,118,10,-8,-24,-30,-199,-4.26,13.50,173.18,-31.43,19.41,13.18,-0.15,-0.05,1.09
8.721832990646362,91,130,221,144,34,11,-47,4,-217,-5.19,12.47,174.16,-36.62,8.30,37.17,-0.07,-0.17,1.03
8.746143817901611,76,135,203,163,39,-10,-67,11,-240,-6.51,11.64,174.28,-35.03,0.06,41.02,-0.15,-0.32,0.97
8.766911268234253,55,110,205,180,51,-14,-96,-22,-239,-7.69,11.63,174.00,-34.85,1.53,30.82,-0.23,-0.30,0.89
8.786400318145752,89,129,213,190,42,31,-50,2,-227,-8.75,12.40,173.55,-35.28,0.49,22.52,-0.23,-0.32,0.92
8.812016010284424,141,68,232,126,-29,-111,18,-79,-202,-9.77,12.69,172.67,-35.58,2.87,22.34,-0.16,-0.41,0.83
8.831501007080078,193,221,45,46,-18,-52,87,-217,-108,-10.78,12.60,171.93,-42.36,11.78,23.13,-0.19,-0.39,0.83
8.857035636901855,155,237,66,-8,14,153,37,-196,-81,-11.63,12.72,171.42,-46.02,12.33,17.15,-0.23,-0.37,0.86
8.877049922943115,143,95,76,-85,34,127,21,-42,-67,-12.23,12.63,171.84,-46.81,14.16,8.00,-0.26,-0.17,0.94
8.901372194290161,133,94,113,-190,-10,-29,8,-44,-18,-12.29,12.52,173.28,-47.73,11.60,-1.59,-0.25,-0.08,0.98
8.922555685043335,144,38,68,-281,-77,-81,23,-119,-78,-12.43,12.47,174.85,-47.61,11.47,0.67,-0.25,-0.03,0.98
8.947629928588867,156,29,37,-303,-80,-41,38,-130,-119,-12.52,12.39,176.33,-48.10,9.22,0.00,-0.23,-0.07,0.97
8.984169721603394,135,12,37,-315,-111,47,10,-153,-119,-12.63,12.47,177.52,-48.52,5.74,-0.18,-0.24,-0.12,0.94
9.025062322616577,119,49,23,-314,-100,97,-10,-104,-139,-12.81,12.51,178.38,-51.82,6.53,1.59,-0.22,-0.09,-0.89
9.061904191970825,93,81,27,-327,-88,75,-45,-61,-133,-13.00,12.56,179.47,-54.02,7.69,9.03,-0.20,-0.06,-2.61
9.098816871643066,77,79,216,-307,-70,-15,-66,-63,-223,-13.45,12.69,-179.48,-55.60,3.66,22.64,-0.24,-0.23,-0.33
9.135676145553589,13,195,252,-224,-1,60,-151,90,-176,-13.99,12.81,-178.33,-59.94,2.50,17.27,-0.23,-0.42,-3.76
9.17251443862915,98,231,252,-37,32,47,-38,138,-175,-14.45,13.14,-178.15,-66.59,8.36,4.82,-0.26,-0.42,-1.82
9.209359884262085,94,168,240,99,43,-47,-43,55,-192,-14.50,13.08,-176.56,-77.64,9.28,-0.18,-0.24,-0.28,-3.18
9.246270895004272,128,69,26,132,78,-105,0,-76,-134,-14.63,13.32,-175.05,-87.95,5.43,3.54,-0.23,-0.26,-3.32
9.279018640518188,110,128,223,81,35,-125,-22,1,-215,-15.10,13.65,-174.55,-93.81,4.03,7.26,-0.32,-0.41,0.37
9.315888166427612,156,47,6,114,51,-120,38,-106,-161,-15.59,14.06,-173.81,-104.55,8.30,-0.37,-0.41,-0.49,-1.35
9.357184171676636,111,243,41,105,67,-48,-21,-188,-114,-15.92,14.44,-172.75,-113.16,13.73,-2.93,-0.56,-0.54,-3.46
9.389602422714233,100,83,242,74,32,5,-35,-58,-189,-15.96,14.31,-170.06,-130.43,26.37,3.30,-0.75,-0.50,-3.28
9.426461696624756,123,105,248,44,26,-44,-5,-29,-181,-16.69,14.49,-168.05,-142.33,51.33,18.13,-0.97,-0.25,-2.84
9.463311195373535,108,70,239,48,18,-13,-25,-75,-193,-18.01,14.15,-164.97,-161.62,32.78,90.21,-0.59,-0.16,-1.95
9.496092796325684,127,115,0,46,18,16,0,-16,-171,-20.22,14.80,-162.01,-148.13,2.81,79.77,-0.08,-0.24,0.23
9.532926321029663,117,115,245,44,15,-1,-13,-15,-185,-20.57,15.46,-159.75,-93.02,-10.07,-12.15,-0.14,0.08,-2.04
9.565704345703125,118,114,3,54,17,32,-12,-17,-165,-19.45,15.59,-157.87,-52.80,-11.90,-56.09,0.36,0.51,-0.46
9.598499059677124,121,126,248,49,18,17,-7,0,-181,-18.25,13.46,-156.12,-21.91,33.45,-17.88,0.27,0.86,-3.16
9.635321617126465,108,106,255,56,10,6,-25,-28,-171,-18.82,12.18,-155.05,-0.43,29.91,43.88,0.13,1.20,-0.97
9.668094873428345,110,90,0,52,16,9,-23,-50,-168,-19.98,12.50,-154.93,21.12,0.06,72.51,0.22,0.71,-2.13
9.700908899307251,111,105,254,51,14,12,-20,-28,-173,-21.30,12.16,-155.31,65.49,5.74,76.48,0.07,0.48,-1.97
9.737733602523804,113,121,252,55,16,11,-18,-8,-175,-21.96,12.21,-157.31,129.70,6.65,0.85,0.08,0.56,-1.63
9.774590015411377,103,126,252,71,28,21,-31,-1,-176,-21.23,11.91,-160.12,171.14,-7.87,-26.37,0.17,0.73,-3.82
9.807401895523071,106,128,243,89,21,-11,-27,1,-188,-20.31,11.98,-163.57,202.64,-25.39,-32.59,0.06,0.65,-3.40
9.844286680221558,111,120,244,107,33,-7,-20,-9,-187,-19.21,12.58,-167.93,218.32,-34.73,-39.55,0.08,0.65,-1.33
9.885146379470825,103,104,227,122,26,-27,-32,-30,-208,-18.18,13.26,-172.12,222.53,-44.01,-18.62,-0.01,0.67,-3.65
9.917940855026245,92,132,219,143,36,-3,-46,6,-219,-18.09,14.74,-177.25,227.05,-59.88,11.47,-0.08,0.63,-3.82
9.954819917678833,72,152,203,165,41,-23,-74,33,-241,-18.61,16.50,177.55,236.45,-77.88,30.40,-0.11,0.57,-2.62
9.991647005081177,38,97,189,188,67,-4,-119,-39,-260,-19.61,18.47,171.93,241.76,-85.02,35.22,-0.11,0.44,-2.24
10.028523445129395,90,121,214,192,89,108,-48,-8,-226,-20.52,20.40,166.23,250.18,-77.51,13.37,-0.18,0.34,-3.62
10.06131911277771,141,71,231,132,6,-68,18,-75,-204,-20.89,22.67,160.75,254.15,-72.88,-9.28,-0.35,0.05,-1.77
10.09821629524231,182,235,26,52,-58,-82,73,-199,-134,-21.25,25.25,154.28,251.95,-62.93,-22.71,-0.46,-0.05,-2.59
10.135038614273071,148,249,76,-16,8,153,27,-179,-67,-21.73,27.29,148.60,224.18,-55.91,-21.06,-0.53,-0.10,-3.41
10.171872615814209,147,108,78,-97,28,108,27,-25,-65,-22.77,28.27,143.67,166.69,-31.37,37.72,-0.66,-0.49,-1.39
10.208718538284302,139,85,117,-207,-28,-93,16,-56,-12,-24.19,28.20,139.60,114.01,-8.42,43.70,-0.36,-1.00,-3.36
10.245742559432983,152,25,66,-285,-103,-88,33,-136,-81,-25.87,27.20,136.74,24.60,6.35,74.58,-0.19,-1.38,-0.48
10.282498121261597,160,22,60,-316,-85,-6,44,-140,-89,-27.10,26.10,135.92,-25.94,20.81,47.67,-0.21,-0.98,-2.44
10.323422193527222,150,253,42,-312,-111,75,30,-174,-113,-27.32,25.30,136.62,-81.12,43.21,15.63,-0.45,-0.49,-3.68
10.360451698303223,118,53,32,-309,-93,154,-11,-98,-127,-26.11,25.91,139.77,-104.68,58.17,-12.15,-0.90,-0.01,-1.12
10.397137880325317,93,130,13,-327,-75,70,-44,4,-152,-25.57,25.77,141.54,-68.54,36.19,-33.75,-0.65,-0.46,-2.85
10.434032917022705,64,73,201,-298,-69,-9,-84,-71,-243,-22.42,27.31,142.29,-20.63,54.81,-181.52,-0.57,-0.72,-1.46
10.470863819122314,5,202,0,-201,-10,41,-163,100,-169,-17.57,29.14,144.80,-49.44,85.33,-173.77,-0.05,0.33,-3.15
10.503682136535645,97,243,242,-21,21,1,-40,155,-189,-13.50,28.76,148.91,-79.04,95.40,-58.35,-0.05,0.84,-2.38
10.54055380821228,109,149,239,100,43,-78,-24,28,-192,-12.45,27.79,151.43,-87.40,59.81,-1.40,-0.01,0.61,-2.03
10.577495574951172,103,75,10,112,96,-69,-31,-69,-155,-12.50,27.10,153.00,-62.62,26.92,22.03,-0.08,0.07,-2.50
10.61427903175354,35,142,195,73,109,-73,-123,19,-252,-12.58,25.53,154.80,-48.83,24.11,18.80,-0.07,-0.25,-1.73
10.65114164352417,108,64,14,122,57,-48,-25,-83,-150,-12.66,25.70,155.22,-38.70,38.76,1.46,-0.19,0.06,-2.25
10.687988996505737,117,4,14,105,52,-57,-13,-163,-150,-12.31,25.28,156.21,-39.86,30.03,8.73,-0.15,0.20,-3.55
10.724822998046875,103,87,249,82,24,16,-31,-52,-180,-12.98,25.02,156.69,-36.25,3.05,40.16,-0.10,-0.11,-3.56
10.761667728424072,131,105,254,46,28,-36,5,-28,-173,-14.32,24.84,156.78,-36.99,-3.78,48.89,-0.07,-0.31,-1.55
10.790439128875732,128,66,239,50,23,8,1,-81,-193,-15.52,24.74,156.55,-33.69,-0.49,32.10,-0.15,-0.31,-3.00
10.827235221862793,116,115,251,47,16,22,-14,-16,-177,-16.21,24.71,156.78,-33.81,1.34,23.19,-0.18,-0.16,-0.97
10.864074468612671,114,95,252,35,14,-9,-17,-42,-175,-16.95,24.74,157.18,-39.86,-2.26,29.91,-0.14,-0.24,-3.48
10.896865367889404,116,102,3,56,20,40,-15,-33,-165,-18.52,24.33,156.13,-41.44,-0.73,32.78,-0.19,-0.37,0.26
10.929653882980347,128,126,253,51,17,26,1,-1,-174,-19.45,24.25,156.61,-48.58,-0.12,31.31,-0.22,-0.36,-1.49
10.966485500335693,116,104,2,52,15,14,-15,-30,-167,-20.12,24.21,157.27,-50.54,2.69,19.59,-0.21,-0.32,-3.16
11.003329515457153,109,106,254,54,15,11,-23,-28,-173,-20.38,24.24,158.06,-47.36,6.35,6.23,-0.21,-0.16,-2.74
11.03614616394043,110,109,250,50,13,6,-22,-23,-178,-20.41,24.29,158.85,-43.70,10.25,-1.40,-0.21,-0.03,-3.10
11.072990655899048,105,109,250,61,16,10,-29,-23,-178,-20.36,24.37,159.76,-47.36,8.18,-1.28,-0.20,-0.03,-3.35
11.109831094741821,102,138,248,68,28,15,-33,14,-181,-20.33,24.25,161.56,-50.66,7.26,2.75,-0.21,-0.14,-2.19
11.14667558670044,111,119,245,85,24,-4,-21,-10,-185,-20.42,24.32,162.52,-51.94,7.87,1.16,-0.24,-0.15,-3.79
11.183554649353027,117,121,237,109,23,-5,-13,-8,-196,-20.41,24.35,163.66,-58.65,9.58,-1.83,-0.26,-0.18,-1.48
11.220468044281006,109,116,236,125,27,-10,-24,-14,-197,-20.38,24.39,164.87,-60.42,7.75,-2.01,-0.21,-0.27,-2.96
11.25727367401123,92,133,222,148,32,-11,-46,8,-216,-20.89,24.70,165.10,-62.56,9.28,6.71,-0.19,-0.29,-2.29
11.290101528167725,44,145,212,176,51,10,-110,24,-229,-21.09,24.68,166.34,-69.46,10.01,6.29,-0.22,-0.25,-0.10
11.331004619598389,31,103,174,198,71,32,-128,-31,-279,-21.25,24.73,167.87,-79.22,6.65,3.05,-0.23,-0.21,-2.65
11.36793851852417,109,105,235,202,67,57,-24,-29,-199,-21.29,24.80,169.65,-85.63,6.71,-1.16,-0.24,-0.24,-3.20
11.4047372341156,134,34,248,131,33,-24,9,-123,-181,-21.19,24.95,171.56,-90.27,2.75,-5.49,-0.26,-0.30,-3.83
11.441598653793335,235,211,49,31,-60,-35,143,-230,-104,-21.04,25.16,173.61,-97.35,2.50,-8.67,-0.37,-0.41,-4.20
11.478497982025146,150,41,73,-36,48,169,31,-114,-71,-20.89,25.31,175.92,-108.22,6.29,-8.54,-0.55,-0.56,-0.67
11.511252164840698,123,109,89,-121,32,33,-5,-24,-51,-20.84,25.45,178.56,-120.97,11.35,-1.95,-0.78,-0.58,-4.06
11.55217456817627,141,85,113,-243,-68,-194,18,-56,-18,-21.07,25.34,-178.79,-136.05,39.73,12.15,-1.04,-0.39,1.02
11.593137741088867,163,25,46,-304,-133,-156,48,-136,-108,-21.86,24.66,-175.88,-148.38,40.41,47.06,-0.56,-0.20,-0.17
11.630042314529419,115,22,39,-318,-115,-11,-15,-140,-117,-24.36,24.69,-173.38,-152.40,0.37,79.83,-0.11,-0.30,-2.71
11.670986652374268,122,19,38,-276,-110,159,-7,-144,-118,-24.90,25.51,-171.02,-116.03,-7.51,-2.38,-0.22,0.19,-2.80
11.707849740982056,96,81,22,-314,-85,149,-41,-61,-140,-23.70,26.13,-168.14,-76.72,-28.08,-47.06,0.19,0.54,0.01
11.7488853931427,47,130,227,-327,-70,-57,-106,3,-209,-22.97,24.73,-166.04,-48.71,-0.49,4.58,0.27,0.69,-3.38
11.785669803619385,93,110,243,-236,-17,109,-45,-22,-187,-24.10,24.61,-165.66,-15.44,27.83,60.85,0.12,0.98,0.05
11.822545766830444,81,217,2,-114,36,9,-60,119,-166,-25.68,24.72,-166.04,6.41,10.80,68.66,0.13,0.75,-4.20
11.855290174484253,122,179,12,22,15,-99,-7,68,-153,-27.00,24.98,-166.93,56.27,5.43,57.74,0.09,0.50,-1.87
11.89216685295105,112,65,251,134,60,-75,-19,-82,-177,-27.54,25.01,-168.76,94.73,9.70,17.27,0.05,0.50,-2.36
11.928986549377441,9,90,233,114,97,53,-156,-48,-201,-26.72,24.54,-170.56,154.24,0.92,-22.71,0.17,0.61,-3.80
11.965863466262817,41,224,138,69,2,-124,-114,129,-327,-25.83,24.45,-173.57,186.34,-4.21,-18.92,0.04,0.67,-3.57
12.006864786148071,110,231,45,102,23,-134,-23,-203,-109,-25.10,24.91,-177.74,212.52,-20.02,-38.33,0.17,0.52,-2.82
12.035542488098145,137,52,0,92,27,15,12,-99,-170,-23.85,25.27,178.39,221.80,-17.33,-35.89,0.07,0.55,-2.53
12.068297624588013,128,125,236,56,26,5,1,-2,-196,-23.03,26.01,173.76,232.18,-29.60,-29.79,-0.06,0.60,-0.67
12.101065874099731,129,65,249,45,31,-3,2,-82,-180,-22.68,27.41,168.54,243.96,-55.66,-19.10,-0.13,0.54,-0.13
12.137926816940308,116,110,239,49,31,37,-14,-23,-193,-22.74,29.37,162.75,246.77,-72.20,-11.11,-0.08,0.46,-3.31
12.174763202667236,117,124,252,43,18,11,-12,-4,-175,-23.32,31.30,157.19,242.31,-75.93,6.16,-0.18,0.38,-2.67
12.207562446594238,123,93,254,52,22,27,-5,-44,-173,-24.89,33.00,150.78,247.62,-79.16,21.85,-0.31,0.25,-2.70
12.244412422180176,118,113,253,55,17,40,-12,-18,-175,-26.19,34.68,144.21,254.27,-65.49,-5.62,-0.48,-0.04,-3.97
12.28126573562622,119,112,254,44,9,13,-10,-20,-172,-27.01,36.40,137.91,242.00,-54.14,-25.45,-0.53,0.02,-1.59
12.314021587371826,116,105,0,47,9,16,-14,-29,-171,-26.73,37.39,134.33,183.41,-34.67,11.60,-0.49,-0.32,-3.62
12.350893020629883,106,117,253,50,12,14,-28,-12,-174,-28.33,37.27,129.63,133.79,-10.62,40.34,-0.60,-0.89,-1.87
12.383636713027954,103,135,0,55,16,2,-32,10,-169,-29.65,36.47,126.24,72.39,13.12,37.05,-0.29,-1.30,-2.48
12.41643238067627,111,134,254,63,21,-3,-21,8,-173,-30.36,35.61,124.75,-3.66,24.41,32.65,-0.19,-1.05,-3.79
12.453294038772583,108,108,240,82,21,-1,-25,-25,-192,-30.39,34.93,124.99,-46.63,45.53,6.47,-0.27,-0.38,-2.73
12.49015498161316,115,120,250,95,21,-11,-15,-9,-178,-29.31,34.49,127.08,-94.79,65.00,-9.95,-0.49,-0.01,-3.19
12.527026653289795,112,106,235,107,15,-26,-20,-27,-199,-27.10,34.56,131.99,-99.55,56.34,0.18,-0.74,0.16,-2.78
12.563848972320557,95,88,229,134,19,5,-42,-52,-206,-25.13,35.55,133.96,-38.64,40.41,-117.98,-0.41,-0.56,-3.40
12.596707105636597,77,153,222,148,38,19,-66,34,-216,-21.27,36.92,137.25,-19.84,41.50,-152.34,-0.42,-0.46,-2.57
12.633506536483765,49,152,210,174,43,-9,-104,33,-231,-17.49,38.73,141.21,-69.03,88.50,-73.73,-0.15,0.41,-1.64
12.670339822769165,45,128,163,201,70,31,-109,1,-294,-14.79,38.17,145.56,-90.45,76.66,-17.09,-0.19,0.83,-2.66
12.707190752029419,104,137,211,186,25,-1,-30,13,-231,-13.89,37.38,148.54,-79.16,41.44,9.52,0.00,0.21,-3.54
12.744113445281982,152,48,251,96,-1,-214,33,-105,-177,-13.43,35.62,150.88,-51.70,24.11,-6.35,0.04,-0.30,-2.65
12.780941724777222,35,138,46,45,11,-96,219,-327,-107,-13.16,35.27,151.45,-36.50,38.09,-17.52,-0.07,-0.16,-2.93
12.81370735168457,185,6,82,-3,25,219,77,-161,-60,-11.61,34.40,154.57,-42.36,38.76,-2.01,-0.11,0.28,-3.41
12.850583553314209,157,112,104,-120,6,135,40,-20,-30,-12.14,33.96,155.17,-41.69,8.97,43.21,-0.13,0.04,-3.37
12.8874192237854,143,81,114,-230,-31,-43,20,-61,-17,-13.43,33.71,155.17,-38.70,8.30,37.05,-0.19,-0.36,-1.88
12.924324035644531,169,16,77,-274,-104,-39,56,-147,-66,-14.46,33.36,154.67,-32.29,13.55,4.76,-0.14,-0.32,-1.75
12.961156606674194,151,48,53,-313,-65,44,32,-105,-98,-14.49,33.46,155.18,-28.20,9.40,-5.86,-0.13,-0.07,-3.82
12.99806809425354,143,19,30,-327,-121,48,21,-143,-129,-14.65,33.56,155.70,-33.02,8.67,11.72,-0.15,0.05,-2.47
13.039006471633911,118,28,22,-308,-94,129,-12,-131,-140,-15.51,33.53,156.01,-40.71,-0.31,32.53,-0.13,-0.08,-2.19
13.075845718383789,77,144,5,-327,-42,98,-66,22,-163,-16.63,33.55,156.19,-40.04,-3.72,36.13,-0.09,-0.24,-3.82
13.11274242401123,89,83,228,-288,-73,2,-50,-58,-208,-18.07,33.66,155.68,-38.64,-0.12,21.42,-0.12,-0.22,-3.32
13.145674228668213,95,195,3,-177,-12,5,-42,90,-165,-18.59,33.78,156.13,-37.35,1.04,11.35,-0.13,-0.11,-4.43
13.182408809661865,105,229,253,2,20,-26,-29,136,-174,-19.10,34.29,156.47,-37.23,0.92,10.25,-0.19,-0.03,-4.33
13.219323873519897,101,139,252,124,56,-52,-34,16,-176,-19.53,34.53,157.02,-41.87,-1.22,9.16,-0.16,-0.09,-3.65
13.256102800369263,16,121,239,80,34,-117,-148,-8,-193,-19.82,33.67,158.29,-46.20,0.67,11.35,-0.20,-0.21,-3.68
13.292945861816406,113,94,235,53,73,-154,-18,-44,-198,-20.25,33.86,158.95,-50.66,4.76,5.55,-0.23,-0.31,-1.03
13.329831838607788,115,58,229,100,30,-65,-15,-91,-206,-20.53,33.99,159.87,-53.77,7.75,3.78,-0.24,-0.32,-3.68
13.366688966751099,113,38,26,122,56,23,-18,-119,-135,-20.72,34.09,160.82,-56.40,9.28,1.89,-0.23,-0.35,-2.60
13.403550624847412,118,104,246,75,28,-29,-11,-30,-183,-20.92,34.14,161.97,-62.38,8.48,5.49,-0.16,-0.33,-4.14
13.440374374389648,119,69,250,61,40,-4,-10,-77,-178,-21.29,34.19,162.99,-70.62,11.11,7.57,-0.16,-0.30,-3.22
13.473176956176758,120,88,244,47,33,23,-8,-52,-187,-21.65,34.28,164.17,-77.15,12.39,3.23,-0.23,-0.30,-0.10
13.510042667388916,125,118,249,42,26,20,-2,-12,-179,-21.78,34.45,165.68,-84.84,9.46,-3.85,-0.25,-0.30,-0.92
13.542880773544312,120,93,249,46,19,12,-8,-45,-179,-21.73,34.59,167.72,-90.39,9.03,-5.55,-0.26,-0.33,-3.04
13.575647592544556,122,99,0,43,20,32,-7,-37,-170,-21.69,34.69,169.80,-100.28,8.54,-1.04,-0.33,-0.42,-3.97
13.612380743026733,128,117,250,43,12,30,1,-13,-178,-21.94,34.78,171.80,-109.07,14.77,3.48,-0.53,-0.60,-3.71
13.64514422416687,118,103,0,41,8,29,-11,-31,-169,-22.25,34.90,174.01,-123.78,13.61,5.55,-0.70,-0.65,-1.67
13.682012796401978,111,119,255,43,17,29,-20,-10,-172,-22.52,35.03,176.69,-138.00,17.76,1.95,-0.95,-0.49,-3.65
13.714891195297241,107,115,252,52,15,26,-26,-16,-176,-23.47,35.26,178.77,-144.90,29.17,10.19,-0.71,-0.30,-0.05
13.751774549484253,107,127,252,53,21,35,-26,0,-175,-25.32,35.41,-178.88,-156.31,12.45,66.77,-0.20,-0.20,-1.97
13.784444570541382,113,132,246,67,21,14,-18,6,-184,-25.02,35.61,-175.96,-109.92,1.34,-33.57,-0.03,0.02,-4.25
13.821344137191772,111,126,243,89,19,4,-21,-1,-187,-23.15,36.00,-172.85,-75.44,-15.08,-57.37,-0.06,0.56,-1.90
13.858163118362427,116,123,241,108,-5,-51,-14,-4,-191,-21.42,36.61,-170.42,-42.18,-12.57,-53.04,0.51,0.79,-4.20
13.895036697387695,113,114,234,125,24,-13,-18,-17,-200,-21.21,36.59,-169.58,-16.30,11.54,15.75,0.34,1.04,-1.47
13.931865930557251,96,127,228,141,44,11,-41,0,-208,-22.92,36.84,-170.37,7.45,4.70,68.05,0.24,0.99,-2.22
13.964664459228516,71,135,218,167,41,-5,-74,11,-221,-24.49,37.27,-171.69,31.13,3.30,64.27,0.17,0.60,-4.16
14.001546859741211,34,116,184,190,42,-1,-124,-14,-266,-26.28,37.64,-174.38,89.05,3.30,59.20,0.08,0.56,-4.18
14.038369417190552,88,125,222,203,45,45,-52,-2,-215,-26.95,38.00,-177.58,141.42,-4.58,18.37,0.16,0.53,-2.46
14.075270175933838,151,75,224,130,-11,-133,31,-69,-213,-26.90,38.57,178.62,190.00,-19.10,-5.68,0.15,0.66,-3.73
14.116187334060669,190,20,251,63,-117,-195,84,-143,-177,-25.52,38.80,175.60,213.01,-29.85,-21.61,0.12,0.66,-3.40
14.153048038482666,214,238,85,-5,-2,108,115,-194,-55,-24.92,39.88,171.10,222.78,-34.67,-18.80,0.12,0.64,-0.94
14.18584132194519,171,79,80,-67,11,138,58,-63,-62,-25.04,41.03,166.03,228.94,-42.05,2.50,-0.02,0.56,-3.36
14.222703218460083,152,95,114,-187,-31,-8,32,-42,-16,-25.48,42.48,160.59,245.91,-54.57,6.47,-0.10,0.49,-3.17
14.25955319404602,156,63,83,-282,-95,-89,39,-86,-58,-26.40,44.08,154.32,252.99,-62.74,-0.06,-0.11,0.52,-1.55
14.300504207611084,179,16,39,-306,-130,-102,68,-147,-117,-26.36,45.39,149.92,253.30,-70.74,8.12,-0.22,0.44,0.62
14.33741283416748,135,6,34,-304,-129,53,10,-161,-123,-26.70,46.83,144.92,258.67,-75.62,5.00,-0.35,0.19,-2.30
14.3783118724823,122,50,19,-298,-110,101,-7,-102,-143,-28.44,48.49,137.67,257.81,-66.77,-8.24,-0.52,-0.22,-3.65
14.415197610855103,88,100,26,-327,-71,77,-52,-36,-134,-28.60,49.52,133.00,244.20,-49.32,-40.10,-0.45,-0.20,-3.33
14.452072858810425,92,50,220,-267,-53,36,-46,-103,-218,-29.90,50.93,127.39,184.81,-22.09,-9.52,-0.62,-0.24,-0.81
14.493002653121948,37,231,252,-192,-1,81,-120,138,-176,-32.34,51.33,122.21,132.87,-5.86,22.09,-0.43,-0.59,-3.89
14.529951333999634,89,222,252,-36,23,-39,-50,126,-175,-34.60,48.82,118.47,45.59,7.75,70.43,-0.16,-1.27,-3.18
14.566743850708008,120,105,245,111,68,-44,-8,-29,-185,-36.65,46.68,116.43,-15.93,16.60,65.67,-0.23,-1.28,-0.25
14.603622913360596,244,69,226,134,143,81,-186,-77,-211,-37.33,45.60,116.48,-54.99,35.58,17.03,-0.21,-0.79,-0.25
14.644538879394531,8,205,155,90,-24,-117,-158,104,-304,-35.35,44.90,120.67,-90.94,50.60,-7.63,-0.51,-0.19,-2.54
14.677353382110596,135,55,37,84,19,-137,10,-95,-120,-32.57,44.76,125.73,-83.01,57.13,-26.31,-0.63,-0.01,-0.57
14.718271255493164,124,222,252,102,35,-65,-4,-215,-175,-30.76,46.22,128.92,-45.23,47.36,-56.58,-0.36,-0.36,0.36
14.747146606445312,131,110,3,61,33,42,5,-23,-165,-27.28,48.32,131.41,-13.31,52.25,-176.27,-0.46,-0.54,-3.71
14.783812284469604,131,126,249,34,29,-40,5,-1,-179,-22.56,50.53,135.24,-37.78,82.64,-132.75,-0.52,-0.12,-2.87
14.816622734069824,125,70,242,35,13,-19,-2,-76,-188,-16.68,50.54,142.16,-65.19,93.93,-65.67,-0.39,0.85,-3.35
14.853488206863403,121,113,248,51,13,30,-7,-18,-181,-14.86,49.87,145.50,-94.48,63.05,7.14,-0.04,0.74,-1.05
14.890279531478882,111,118,250,44,12,4,-21,-12,-178,-15.11,49.05,147.15,-77.33,35.89,28.14,0.19,0.09,-2.92
14.927149057388306,116,116,254,56,16,23,-14,-14,-173,-15.35,46.86,148.55,-39.86,22.58,3.30,0.12,-0.34,-3.05
14.960137605667114,118,122,252,56,15,16,-11,-6,-175,-14.92,44.96,150.14,-37.96,35.28,10.25,-0.12,0.15,-2.48
14.996849775314331,112,91,254,54,8,11,-20,-48,-173,-15.76,44.42,150.46,-44.80,16.48,38.21,-0.15,0.26,-3.24
15.02971339225769,112,98,253,56,8,18,-19,-39,-174,-17.27,44.23,150.16,-36.68,0.98,49.80,-0.15,-0.18,-2.86
15.06236457824707,107,123,2,46,9,0,-26,-5,-166,-19.19,44.00,149.43,-38.15,-3.42,43.58,-0.07,-0.41,-2.65
15.095172643661499,101,121,246,64,6,-8,-34,-7,-183,-20.95,42.32,148.78,-28.20,-1.59,27.65,-0.10,-0.39,-0.14
15.131990194320679,115,124,243,81,11,-6,-16,-4,-187,-20.91,41.05,150.25,-34.12,1.40,19.10,-0.22,-0.12,0.98
15.16485595703125,114,124,239,94,20,-4,-16,-4,-192,-21.54,39.88,151.48,-38.02,-6.96,40.41,-0.16,-0.23,-0.09
15.201705932617188,105,127,244,115,13,-10,-29,0,-186,-22.81,38.43,151.96,-41.63,-5.49,42.54,-0.18,-0.39,0.61
15.238584280014038,103,119,229,138,29,0,-31,-10,-206,-23.78,36.94,152.47,-42.30,-0.12,22.09,-0.17,-0.45,0.88
15.275371789932251,72,145,218,162,46,21,-72,23,-221,-23.94,35.67,153.78,-42.05,7.45,8.00,-0.22,-0.24,0.27
15.312209844589233,46,140,176,191,47,15,-108,17,-277,-23.56,34.66,155.85,-41.87,6.84,2.01,-0.22,0.01,-0.79
15.345377206802368,66,116,198,205,34,32,-81,-14,-247,-23.06,33.89,158.04,-44.31,5.13,3.97,-0.25,-0.07,0.99
15.381968975067139,146,96,215,168,-6,-53,25,-41,-225,-22.80,32.92,159.89,-45.84,5.00,2.75,-0.22,-0.17,0.97
15.422831535339355,84,13,244,90,-28,-144,-57,-151,-186,-22.70,31.86,161.36,-46.63,6.77,-1.46,-0.26,-0.26,0.90
15.459691286087036,160,231,44,-5,19,113,43,-204,-110,-22.62,30.80,162.70,-48.95,9.03,-2.26,-0.24,-0.23,-1.40
15.492475986480713,196,27,79,-45,0,131,92,-133,-64,-23.61,31.06,162.22,-55.11,9.52,2.32,-0.20,-0.26,-1.03
15.529339075088501,143,108,107,-137,30,72,21,-24,-26,-23.92,31.14,163.25,-59.45,7.32,10.31,-0.13,-0.28,-3.54
15.566179513931274,126,90,109,-263,-56,-75,0,-48,-23,-24.35,31.17,164.24,-61.89,5.98,13.73,-0.14,-0.27,-3.37
15.60718822479248,177,13,51,-300,-127,-129,66,-152,-101,-24.72,31.27,165.41,-68.12,4.09,8.85,-0.20,-0.28,-2.10
15.643977165222168,118,30,54,-308,-87,87,-12,-128,-97,-25.06,31.49,166.59,-
15.680922508239746,145,40,33,-312,-96,113,24,-115,-125,4,115.65,-33.45,-2.62,31.43,-0.13,-0.19,-3.37
15.717835664749146,91,74,14,-327,-106,52,-47,-70,-150,-47.47,41.26,115.40,-36.56,-4.52,22.52,-0.16,-0.20,-4.50
15.754746437072754,59,110,215,-315,-68,3,-90,-23,-224,-48.41,41.05,115.25,-38.39,-3.36,18.92,-0.20,-0.26,-1.53
15.791571378707886,68,146,247,-237,7,116,-79,25,-183,-49.01,40.97,115.39,-46.75,2.62,7.57,-0.19,-0.19,-4.42
15.828286409378052,98,219,2,-92,27,58,-38,122,-166,-49.61,41.04,115.78,-53.16,0.79,5.13,-0.20,-0.31,-0.93
15.861165523529053,107,201,0,40,34,-18,-26,98,-170,-50.14,41.09,116.23,-52.73,9.09,2.08,-0.22,-0.20,-4.06
15.898011684417725,96,100,246,115,69,-75,-41,-35,-183,-50.43,41.18,116.87,-56.64,9.58,-0.67,-0.20,-0.24,-4.31
15.93494963645935,37,118,226,93,84,-75,-119,-12,-210,-50.63,41.29,117.64,-57.43,11.90,-5.43,-0.17,-0.30,-3.01
15.97169804573059,2,135,165,61,8,-207,-166,11,-292,-50.68,41.45,118.60,-62.44,13.43,-6.41,-0.16,-0.23,-4.35
16.00854182243347,125,26,28,104,39,-69,-2,-134,-132,-50.77,41.54,119.62,-67.99,13.49,-1.77,-0.20,-0.17,-1.70
16.041407823562622,162,25,253,105,77,7,46,-136,-175,-51.08,41.57,120.71,-73.85,8.18,3.30,-0.22,-0.23,-0.47
16.074166297912598,140,99,8,59,61,42,17,-38,-159,-51.53,41.71,121.76,-78.25,6.77,-0.31,-0.20,-0.18,-4.38
16.11095905303955,106,83,241,53,40,-2,-27,-59,-190,-51.82,41.89,123.08,-84.29,5.37,-3.11,-0.23,-0.19,-2.25
16.147778749465942,114,99,245,50,10,11,-17,-36,-185,-52.14,42.10,124.52,-93.20,2.20,-3.23,-0.31,-0.29,-4.63
16.18053412437439,128,116,252,48,6,15,1,-15,-175,-52.49,42.41,126.17,-102.72,2.26,-6.23,-0.48,-0.60,-3.01
16.213443756103516,109,108,253,44,12,2,-23,-25,-174,-52.69,42.75,128.20,-118.77,4.58,-8.36,-0.59,-0.72,-1.50
16.250253438949585,119,110,252,48,17,14,-10,-23,-175,-53.05,42.19,131.32,-131.84,14.47,-2.26,-0.96,-0.62,-3.23
16.287126541137695,118,112,252,49,20,21,-11,-20,-175,-52.87,42.03,134.30,-148.19,46.33,2.81,-1.06,-0.30,-1.00
16.32392382621765,110,109,253,53,20,28,-22,-23,-175,-53.32,41.05,137.19,-158.87,33.02,63.48,-0.40,-0.19,-3.40
16.360795736312866,106,100,249,55,24,25,-28,-35,-179,-55.53,39.87,138.92,-136.35,-4.21,49.87,0.06,-0.36,-4.21
16.39762592315674,112,115,255,56,23,33,-20,-15,-171,-55.31,40.56,140.95,-82.82,-8.91,-40.83,-0.27,0.05,-2.97
16.430466651916504,105,132,251,64,17,14,-29,6,-177,-54.32,42.38,142.48,-35.22,-11.78,-110.53,0.51,0.55,-4.12
16.46329641342163,108,134,246,78,15,-2,-25,8,-184,-51.86,43.18,144.61,-18.49,32.35,-52.06,0.35,1.09,-3.44
16.500104665756226,113,126,247,97,19,-8,-18,-1,-182,-51.94,42.69,144.56,1.04,21.42,49.68,0.15,1.13,-0.97
16.53700590133667,106,113,238,114,15,-26,-27,-18,-195,-53.86,42.07,142.67,27.83,-8.67,66.71,0.30,0.72,-4.40
16.573848009109497,95,103,230,134,23,2,-42,-31,-205,-55.45,41.74,140.34,71.04,-7.39,53.04,0.18,0.53,-1.65
16.606637001037598,79,140,224,149,27,1,-64,17,-212,-56.59,41.60,137.04,116.33,-4.33,24.11,0.22,0.43,-4.60
16.647473573684692,49,162,190,167,43,-15,-104,47,-259,-57.01,41.67,133.15,163.39,-0.98,3.60,0.18,0.66,-2.88
16.684383153915405,49,102,189,189,60,13,-103,-33,-259,-57.24,42.46,128.25,202.45,-23.19,-28.99,0.16,0.65,-1.75
16.72118377685547,111,125,221,199,37,16,-20,-2,-217,-57.95,43.69,122.57,223.63,-42.79,-23.80,0.17,0.72,-4.61
16.754069566726685,137,42,1,100,2,-98,13,-114,-168,-59.55,44.48,116.10,225.40,-48.10,9.89,0.01,0.76,-3.58
16.79491877555847,253,191,44,22,-50,-111,167,-257,-110,-62.14,44.47,108.95,226.20,-62.99,50.48,-0.06,0.67,-1.59
16.82780957221985,183,16,71,-23,19,166,74,-147,-74,-65.30,43.64,101.24,229.31,-68.12,66.83,-0.11,0.57,-4.40
16.864646911621094,149,115,101,-123,39,83,29,-15,-34,-68.13,42.89,93.58,234.92,-66.16,55.30,-0.15,0.33,-4.17
16.901533365249634,145,85,116,-240,-38,-90,24,-56,-14,-70.61,42.35,85.84,249.39,-54.57,15.93,-0.21,0.22,-3.83
16.942429304122925,169,21,46,-292,-125,-99,55,-141,-107,-72.79,42.31,78.11,248.72,-46.45,-13.79,-0.31,0.06,-4.54
16.97926902770996,130,46,46,-311,-98,11,4,-108,-107,-75.05,42.30,70.64,233.95,-46.20,-10.50,-0.40,-0.16,-3.37
17.016130447387695,140,9,37,-301,-117,90,17,-157,-119,-77.12,41.40,63.72,211.36,-48.89,12.63,-0.47,-0.25,-4.61
17.057079076766968,121,44,23,-321,-106,114,-7,-110,-139,-78.77,40.67,57.84,172.12,-24.72,2.14,-0.64,-0.63,0.16
17.0939359664917,92,122,239,-327,-41,59,-46,-6,-193,-79.67,40.15,53.28,106.02,9.95,-4.27,-0.50,-0.93,-3.54
17.12674593925476,128,65,4,-249,-40,69,0,-83,-163,-79.98,39.64,51.25,38.82,19.29,4.21,-0.24,-1.04,-4.43
17.163578510284424,92,194,19,-142,14,71,-47,89,-144,-79.93,39.20,50.72,-25.39,34.30,-0.92,-0.24,-0.71,-3.96
17.19644260406494,106,214,14,18,58,16,-28,116,-150,-79.80,39.30,51.50,-70.98,44.92,-5.62,-0.32,-0.42,-1.76
17.233315467834473,76,168,227,112,43,-88,-68,54,-209,-79.75,40.02,52.87,-92.47,61.04,-25.63,-0.57,-0.11,-4.68
17.27008843421936,57,95,15,79,51,-118,-93,-43,-148,-78.33,42.13,56.19,-55.97,34.48,-47.49,-0.53,-0.68,-3.35
17.30699062347412,106,62,199,45,32,-190,-27,-87,-246,-79.88,44.22,55.22,-21.00,54.57,-150.45,-0.69,-0.92,-0.93
17.343807458877563,70,51,234,91,12,-89,-76,-101,-199,-82.29,47.93,53.41,-35.03,69.95,-167.60,0.12,0.55,-4.20
17.376538038253784,133,77,34,95,39,0,8,-66,-124,-83.14,50.67,53.78,-76.54,76.84,-57.56,-0.03,0.65,-2.97
17.40535068511963,132,94,241,65,53,2,7,-44,-191,-82.45,51.36,55.72,-87.71,62.32,-0.73,-0.07,0.59,-2.09
17.442158222198486,103,77,248,73,35,41,-32,-66,-181,-82.16,51.41,57.08,-60.61,35.34,10.25,0.01,0.11,0.69
17.4749493598938,115,137,239,53,9,8,-16,13,-193,-82.02,51.02,57.85,-46.26,30.76,16.60,-0.13,-0.15,-3.50
17.511776208877563,130,105,242,48,14,-13,3,-29,-189,-81.85,50.70,58.40,-39.00,37.90,6.41,-0.19,-0.01,-4.77
17.54854440689087,113,100,251,63,21,35,-18,-36,-177,-81.86,50.77,58.72,-35.46,35.03,-0.12,-0.12,0.06,-3.41
17.581391096115112,116,115,3,49,12,27,-15,-15,-165,-81.88,50.46,58.98,-34.48,20.32,25.02,-0.09,-0.06,-4.87
17.614120960235596,112,121,0,44,10,6,-19,-7,-169,-81.89,49.24,59.34,-38.15,7.14,47.06,-0.01,-0.20,-2.92
17.650952100753784,120,112,255,48,10,17,-8,-19,-172,-79.47,48.68,63.05,-31.62,2.01,35.95,-0.14,-0.25,-0.02
17.683828115463257,110,122,248,50,17,27,-22,-7,-181,-77.51,48.24,66.19,-30.76,-6.16,39.12,-0.17,-0.17,-1.35
17.72057819366455,105,133,251,62,16,17,-29,8,-177,-78.17,47.10,65.88,-33.57,-1.34,35.22,-0.20,-0.14,-2.42
17.753441095352173,111,144,255,70,22,16,-21,23,-172,-78.63,45.90,65.79,-35.58,-1.22,41.44,-0.18,-0.23,-1.94
17.790208339691162,118,124,250,80,25,6,-12,-4,-179,-79.06,44.78,65.72,-36.62,-2.20,37.41,-0.12,-0.28,-3.96
17.827075004577637,113,112,246,96,18,-11,-19,-20,-184,-79.58,43.56,65.66,-38.70,-0.43,24.11,-0.16,-0.36,-0.06
17.863934993743896,112,122,241,109,0,-37,-20,-6,-190,-80.21,42.87,65.54,-39.92,3.36,15.50,-0.19,-0.20,-4.55
17.896822214126587,116,93,238,131,18,-7,-15,-45,-194,-80.91,42.48,65.32,-40.10,4.33,4.94,-0.19,-0.14,-4.52
17.933619022369385,92,129,231,151,27,16,-46,2,-204,-81.58,42.19,65.16,-41.44,6.90,1.46,-0.20,-0.22,-1.68
17.966463565826416,75,144,219,169,37,-4,-69,22,-219,-82.18,41.93,65.08,-44.92,8.00,1.34,-0.17,-0.19,-4.18
18.00729012489319,39,118,179,191,52,10,-117,-11,-273,-82.74,41.70,65.14,-48.65,9.64,1.04,-0.20,-0.29,-2.91
18.040101766586304,76,126,218,193,46,58,-68,0,-220,-83.29,41.35,65.33,-55.05,9.46,6.04,-0.23,-0.32,-3.61
18.076975345611572,139,80,214,136,-5,-89,15,-62,-226,-83.71,40.95,65.74,-61.40,9.70,9.28,-0.21,-0.33,-3.92
18.113888025283813,136,33,240,73,-60,-148,11,-125,-191,-84.12,40.52,66.25,-64.03,8.73,10.74,-0.15,-0.30,-3.94
18.150872945785522,191,232,78,4,-12,79,85,-202,-65,-84.47,40.09,66.85,-68.54,11.90,12.27,-0.19,-0.20,-4.64
18.18364405632019,190,49,78,-44,17,158,83,-103,-64,-84.76,39.73,67.67,-77.88,11.23,12.15,-0.23,-0.22,-2.45
18.220306396484375,131,108,108,-147,5,55,4,-24,-24,-85.06,39.37,68.66,-84.05,12.08,10.62,-0.24,-0.27,-1.68
18.253231525421143,146,79,85,-263,-76,-86,24,-63,-55,-85.31,39.05,69.86,-89.84,15.69,6.96,-0.27,-0.26,-1.69
18.294055700302124,154,41,43,-292,-121,-93,36,-115,-111,-85.61,38.84,71.18,-100.10,13.00,6.23,-0.37,-0.40,-2.88
18.330888032913208,134,19,42,-327,-106,10,8,-144,-113,-86.08,38.69,72.44,-112.00,15.50,7.26,-0.55,-0.57,-4.13
18.371809244155884,135,21,31,-299,-97,130,10,-140,-127,-86.20,38.41,74.31,-122.62,18.62,14.77,-0.78,-0.61,-3.80
18.40885829925537,107,89,16,-325,-90,119,-26,-50,-148,-86.15,38.16,76.67,-142.40,29.97,8.30,-0.98,-0.46,-4.08
18.445651054382324,56,126,222,-318,-51,-1,-95,-1,-215,-84.04,39.04,82.30,-147.16,38.64,17.15,-0.82,-0.36,-1.04
18.482539176940918,59,155,234,-223,61,196,-90,37,-199,-83.65,37.28,85.65,-167.85,17.21,101.56,-0.34,-0.30,-2.45
18.519365549087524,75,239,247,-80,61,86,-68,149,-182,-83.95,36.36,87.97,-124.27,3.85,12.39,-0.19,0.07,-4.33
18.556230545043945,103,189,255,43,36,-44,-31,82,-172,-84.91,37.33,88.71,-63.42,-28.93,-62.50,0.10,0.48,-3.46
18.593066453933716,34,149,228,118,57,-77,-124,29,-208,-85.81,39.47,88.66,-43.88,-8.67,-75.87,0.68,0.77,-2.46
18.62994122505188,35,164,209,41,7,-188,-122,49,-233,-86.00,39.72,88.67,-8.00,21.24,25.70,0.52,0.90,-4.55
18.666876077651978,97,8,211,100,-50,-265,-39,-158,-230,-85.59,38.51,88.18,13.79,22.89,58.53,0.27,0.84,-3.73
18.70369863510132,156,71,44,108,43,-8,38,-74,-110,-85.99,37.59,86.79,45.96,-2.08,36.38,0.27,0.55,-2.77
18.740446090698242,140,31,251,82,68,-20,17,-127,-176,-86.85,36.98,83.98,86.85,-16.60,22.09,0.25,0.51,-4.55
18.773340225219727,106,84,247,73,36,37,-28,-56,-182,-87.90,36.35,80.20,136.96,-28.08,25.33,0.29,0.54,-1.69
18.810088396072388,111,126,240,48,24,-6,-20,0,-191,-89.27,35.54,75.09,172.00,-38.21,23.62,0.20,0.60,-1.62
18.842905044555664,128,101,250,52,28,3,0,-34,-179,-91.05,34.76,69.03,204.65,-60.55,9.64,0.16,0.60,-2.25
18.879767894744873,116,106,249,57,19,31,-15,-27,-180,-93.13,33.79,62.04,219.24,-59.45,13.37,0.10,0.60,-3.86
18.912606239318848,110,105,255,51,14,2,-22,-28,-172,-94.57,32.65,55.40,232.36,-46.14,16.24,-0.09,0.59,-3.84
18.94947099685669,118,114,250,52,10,13,-11,-17,-179,-96.02,31.59,48.39,245.00,-50.35,7.20,-0.13,0.55,-4.00
18.986302137374878,117,103,253,57,13,16,-13,-32,-174,-97.67,30.60,40.89,261.96,-53.89,-8.42,-0.19,0.32,-1.87
19.023123264312744,109,99,252,49,12,12,-23,-37,-175,-99.70,29.66,32.99,267.33,-47.36,-36.80,-0.23,0.20,-1.50
19.055994749069214,111,112,254,52,11,9,-21,-19,-173,-100.99,30.61,26.19,263.12,-51.88,-19.65,-0.29,0.18,-4.12
19.09285068511963,111,113,253,59,17,20,-21,-18,-175,-102.57,28.93,18.52,256.96,-65.86,-7.08,-0.48,-0.08,0.04
19.12961983680725,106,141,251,72,19,12,-27,19,-177,-103.51,26.41,11.70,235.66,-62.62,-25.09,-0.41,-0.29,-3.87
19.166415214538574,108,132,244,91,24,-10,-24,7,-187,-103.96,24.32,6.50,197.94,-29.17,-4.64,-0.69,-0.41,-3.43
19.199305534362793,108,133,238,116,16,-17,-25,7,-194,-103.79,22.74,2.94,123.54,4.94,12.76,-0.49,-0.73,-3.20
19.236173152923584,103,127,229,141,22,-25,-32,0,-207,-101.94,22.04,3.23,48.65,16.66,64.21,-0.23,-1.28,-1.06
19.269009590148926,80,133,218,164,48,0,-63,8,-220,-99.31,22.27,5.63,-23.25,16.30,68.30,-0.07,-1.13,-3.70
19.30589270591736,58,132,188,193,56,-2,-91,6,-261,-97.79,21.45,8.00,-68.18,33.08,31.25,-0.33,-0.65,-2.36
19.342592000961304,42,113,167,194,53,-9,-113,-18,-288,-97.14,21.00,10.08,-100.16,53.89,-7.08,-0.67,-0.29,-4.02
19.37950897216797,115,109,229,179,58,46,-16,-24,-207,-97.61,23.44,10.82,-81.54,55.66,-34.79,-0.76,-0.02,-2.96
19.412349700927734,139,21,4,99,15,-82,15,-141,-164,-98.99,23.33,10.77,-44.98,36.87,-93.63,-0.44,-0.54,-2.96
19.449169158935547,240,157,51,28,19,38,151,-302,-100,-101.86,24.47,11.46,-21.06,49.62,-171.75,-0.58,-0.75,-3.71
19.485957145690918,169,46,76,-31,34,216,55,-107,-67,-105.91,25.88,9.19,-53.10,92.71,-148.01,-0.11,0.43,-0.15
19.522822856903076,100,128,103,-135,46,97,-36,1,-32,-107.82,27.22,9.12,-82.58,87.40,-53.10,-0.08,0.99,-3.86
19.559667348861694,126,64,112,-259,-44,-112,-1,-83,-20,-108.06,28.19,10.03,-98.08,54.63,29.60,0.08,0.74,-3.77
19.596612215042114,163,27,49,-297,-96,-81,47,-133,-103,-107.07,27.58,11.39,-68.85,22.89,50.35,-0.02,-0.04,-0.50
19.63350486755371,108,51,48,-327,-83,2,-24,-101,-105,-106.30,26.54,12.44,-43.15,22.58,18.80,-0.15,-0.32,-0.10
19.674322605133057,139,0,35,-313,-97,103,16,-169,-123,-106.33,26.12,12.62,-36.50,39.37,-1.10,-0.19,0.07,-2.73
19.711333513259888,109,61,10,-305,-103,174,-24,-88,-156,-106.51,25.82,12.57,-32.65,33.69,1.22,-0.15,0.14,-1.71
19.752125024795532,62,149,230,-327,-73,-28,-86,29,-205,-106.14,25.04,12.76,-34.97,16.54,32.65,-0.10,-0.09,-4.67
19.789078950881958,99,113,251,-228,-19,86,-37,-18,-176,-104.97,23.46,13.78,-40.10,-3.05,53.96,-0.06,-0.32,-1.13
19.82191252708435,74,235,8,-79,32,42,-71,144,-158,-104.12,21.93,14.22,-29.72,-3.66,35.64,-0.17,-0.32,-4.06
19.858691692352295,108,178,4,43,22,-78,-24,68,-164,-102.97,22.74,16.29,-27.22,-0.79,21.85,-0.16,-0.17,-3.93
19.891539096832275,72,126,238,132,53,-78,-73,0,-194,-101.98,23.80,18.14,-32.59,-1.22,28.44,-0.20,-0.14,0.94
19.928398847579956,15,133,213,113,47,-43,-148,7,-227,-100.65,24.51,20.42,-37.60,-7.57,38.88,-0.16,-0.29,0.90
19.96923565864563,97,118,207,72,-44,-221,-40,-11,-235,-99.12,24.98,22.98,-40.22,-4.15,39.00,-0.19,-0.41,0.87
20.006130695343018,148,240,32,106,40,-78,28,-192,-126,-97.82,25.49,25.63,-46.33,1.95,20.87,-0.20,-0.40,0.86
20.042918920516968,117,22,11,111,58,52,-13,-140,-154,-96.89,26.40,28.03,-41.20,6.53,6.96,-0.22,-0.28,0.93
20.075774669647217,126,124,249,47,52,30,-1,-3,-180,-96.10,27.70,30.28,-41.81,8.42,-0.37,-0.22,-0.05,1.01
20.112591981887817,118,90,242,36,43,-22,-12,-49,-189,-95.38,28.85,32.47,-43.03,4.33,3.11,-0.16,-0.08,-2.47
20.145409107208252,127,91,247,56,17,34,0,-48,-182,-95.82,28.21,32.31,-45.35,4.52,-2.69,-0.16,-0.17,-3.95
20.182241678237915,116,118,250,44,18,10,-14,-12,-178,-96.26,27.65,32.27,-48.77,7.39,-1.59,-0.23,-0.26,-0.34
20.219056367874146,116,85,252,41,16,11,-15,-56,-176,-96.58,27.07,32.37,-53.89,8.54,2.75,-0.23,-0.23,-4.00
20.251951217651367,115,119,255,47,16,31,-15,-10,-171,-96.80,26.40,32.65,-59.14,6.71,13.85,-0.23,-0.31,-2.31
20.28877067565918,123,115,249,43,13,22,-5,-15,-179,-96.82,25.60,33.08,-64.33,6.53,17.70,-0.18,-0.32,-4.67
20.32554268836975,119,116,251,48,1,19,-11,-14,-177,-96.83,24.87,33.65,-70.74,7.87,12.82,-0.22,-0.31,-1.83
20.358468294143677,112,112,249,49,10,5,-20,-19,-180,-96.96,24.34,34.31,-77.82,10.01,6.65,-0.25,-0.31,-1.16
20.395233154296875,107,120,251,62,12,12,-26,-9,-177,-96.17,25.25,37.43,-85.94,9.22,1.04,-0.27,-0.29,-3.49
20.43213129043579,100,121,250,74,25,25,-36,-8,-178,-96.51,25.02,38.31,-92.71,11.60,-4.70,-0.33,-0.35,0.79
20.464842081069946,107,142,248,86,19,1,-26,19,-181,-96.86,24.75,39.41,-103.58,10.13,1.16,-0.42,-0.42,-2.49
20.501772165298462,113,117,247,107,25,-13,-19,-13,-183,-97.10,24.50,40.74,-113.95,9.77,4.03,-0.56,-0.62,-4.11
20.53866171836853,113,124,228,131,27,-8,-18,-3,-208,-97.28,24.35,42.35,-129.52,17.82,2.50,-0.76,-0.61,-1.25
20.575416803359985,91,127,224,152,33,-9,-47,0,-213,-97.25,24.75,44.36,-142.09,37.05,-3.66,-1.02,-0.35,-4.19
20.612251043319702,67,142,189,175,26,-32,-80,19,-260,-97.01,25.56,46.65,-153.38,42.91,29.42,-0.68,-0.29,-2.18
20.649166584014893,27,116,169,189,36,-27,-133,-14,-286,-95.68,24.34,50.04,-160.28,21.30,72.33,-0.07,-0.29,-3.65
20.6860249042511,114,137,229,202,51,50,-17,12,-206,-95.74,23.80,52.01,-107.36,2.99,-29.79,-0.15,0.05,-4.11
20.722888708114624,159,44,243,127,5,-114,42,-110,-188,-97.37,24.66,52.00,-61.83,-18.68,-74.89,0.28,0.53,-0.62
20.763819694519043,225,252,30,30,-71,-118,130,-176,-129,-99.15,26.04,51.41,-27.22,6.96,-52.37,0.59,0.75,-4.32
20.796614170074463,171,3,70,-16,17,138,58,-165,-76,-99.04,25.97,50.72,-0.61,22.83,28.81,0.30,1.05,-3.47
20.829479455947876,127,108,80,-93,28,109,0,-25,-62,-98.08,24.87,49.99,17.09,5.98,67.93,0.21,0.89,-4.58
20.8663272857666,149,93,117,-224,-40,-96,29,-45,-12,-97.54,23.72,48.47,51.57,-6.59,53.96,0.18,0.58,-2.24
20.90723705291748,157,25,61,-282,-107,-108,39,-136,-87,-97.34,22.55,45.67,107.48,-23.13,33.02,0.15,0.46,-1.74
20.94406485557556,160,25,59,-313,-92,-7,43,-135,-90,-97.83,21.56,41.31,153.75,-22.89,15.32,0.22,0.56,-4.42
20.981008529663086,142,6,37,-308,-126,92,20,-160,-119,-98.60,20.88,35.84,195.80,-27.22,-15.93,0.14,0.65,-3.92
21.021920680999756,108,41,33,-306,-105,159,-25,-115,-125,-100.05,20.02,29.52,215.52,-44.07,-28.38,0.13,0.62,-2.12
21.058692932128906,69,135,0,-327,-69,73,-76,11,-169,-101.54,18.79,22.83,225.10,-49.74,-15.81,0.08,0.60,-1.63
21.09569478034973,67,101,221,-300,-93,-51,-80,-34,-217,-102.53,17.03,15.75,235.11,-61.58,-3.54,-0.05,0.60,-4.05
21.132469654083252,86,188,28,-138,-6,29,-55,81,-132,-103.26,14.71,8.82,249.69,-78.98,3.54,-0.13,0.58,-1.81
21.169338703155518,104,239,252,24,33,-1,-30,148,-175,-103.34,11.76,2.01,254.64,-90.33,15.38,-0.15,0.53,-4.89
21.20218801498413,66,132,236,110,77,-71,-81,6,-197,-103.22,10.44,-4.95,251.04,-89.36,18.01,-0.28,0.38,-1.54
21.24311637878418,248,58,215,138,128,17,-181,-92,-225,-102.21,8.52,-8.93,248.90,-91.98,15.50,-0.42,-0.04,-2.50
21.279917001724243,64,177,168,63,-48,-204,-84,66,-287,-101.77,8.23,-14.22,251.16,-73.43,-8.42,-0.51,-0.31,-4.02
21.316821336746216,143,244,36,107,36,-93,21,-186,-121,-101.80,7.12,-17.97,220.21,-48.52,-27.28,-0.59,-0.26,-2.44
21.349589586257935,124,9,6,103,64,40,-4,-156,-161,-101.27,6.75,-20.55,159.91,-22.58,21.48,-0.59,-0.43,-4.55
21.382412672042847,130,124,244,55,50,41,3,-3,-186,-100.18,7.44,-21.63,94.97,-4.94,50.54,-0.27,-1.02,-4.33
21.419132709503174,132,92,246,29,35,-41,6,-47,-184,-98.33,8.18,-20.82,8.48,5.80,85.94,-0.25,-1.20,-1.67
21.45206642150879,116,92,245,53,21,35,-15,-46,-185,-96.95,8.94,-18.68,-33.39,19.90,46.33,-0.23,-0.94,-0.56
21.484827756881714,117,129,253,41,12,3,-13,2,-174,-96.67,10.36,-15.70,-75.13,44.01,1.28,-0.42,-0.46,-2.56
21.521566152572632,117,97,252,47,19,5,-13,-39,-175,-97.35,11.27,-12.43,-91.92,62.62,-32.78,-0.76,0.18,-1.92
21.554428577423096,122,109,252,63,20,48,-7,-24,-175,-97.64,13.72,-10.47,-66.89,31.25,-23.32,-0.58,-0.28,-3.29
21.591201782226562,120,125,253,48,14,16,-9,-2,-175,-100.30,14.90,-9.23,-20.94,42.05,-141.36,-0.66,-0.88,-2.28
21.624016046524048,117,95,255,54,9,15,-13,-42,-172,-103.47,14.72,-8.23,-40.04,62.99,-133.61,-0.12,0.32,-3.98
21.656822443008423,110,108,0,49,8,19,-22,-24,-171,-106.04,16.78,-8.74,-85.45,82.82,-29.54,-0.05,0.87,-4.00
21.693605184555054,108,111,247,51,10,7,-24,-21,-182,-106.47,17.35,-7.74,-93.32,54.26,13.12,-0.07,0.53,-1.86
21.726370334625244,104,128,0,61,13,19,-30,1,-171,-106.62,19.42,-7.03,-57.19,27.59,2.75,-0.10,-0.23,1.07
21.759189128875732,115,143,243,78,9,0,-15,21,-187,-106.51,21.11,-5.19,-35.22,30.40,-3.48,-0.08,-0.28,-1.63
21.79599666595459,108,124,237,103,16,-6,-24,-4,-195,-106.55,20.54,-3.86,-39.43,37.66,-4.09,-0.17,0.05,-2.72
21.832825183868408,108,130,239,123,11,-20,-24,4,-193,-106.55,19.82,-2.75,-42.54,28.38,12.02,-0.18,0.03,0.52
21.869759559631348,106,119,230,144,28,-12,-28,-11,-204,-105.61,18.73,-0.95,-42.11,10.25,36.32,-0.20,-0.34,-0.08
21.9065363407135,69,156,216,167,51,19,-77,38,-224,-104.86,17.56,0.71,-38.76,12.88,14.28,-0.11,-0.39,-3.04
21.939430236816406,43,138,184,198,57,7,-112,14,-267,-104.50,16.89,2.61,-32.96,16.24,-0.12,-0.10,-0.21,-3.62
21.976256132125854,77,114,183,199,51,19,-66,-16,-267,-104.52,15.67,3.18,-33.39,9.40,6.16,-0.24,0.01,-2.60
22.013049840927124,133,92,218,167,2,-61,8,-47,-221,-104.52,14.59,3.02,-36.99,0.31,20.26,-0.22,0.00,-3.54
22.049971342086792,106,18,250,92,-10,-129,-28,-144,-179,-103.58,15.89,4.86,-38.88,-3.78,32.47,-0.19,-0.14,-3.47
22.086771726608276,179,206,57,7,23,103,69,-237,-93,-103.03,14.25,5.683
22.119609355926514,167,41,70,-35,24,186,52,-114,-76,13,-0.03,-1.60
22.156428575515747,129,111,110,-139,21,84,3,-20,-22,-94.29,14.44,-14.69,-46.08,33.26,5.37,-0.19,0.31,0.03
22.193392276763916,147,88,114,-258,-54,-103,27,-51,-17,-93.29,14.45,-12.06,-35.71,6.29,30.88,-0.15,-0.06,-2.53
22.23429584503174,177,25,41,-298,-140,-123,66,-136,-114,-92.02,14.45,-9.58,-33.26,-2.87,36.62,-0.05,-0.39,-1.22
22.271284103393555,132,35,50,-323,-101,14,6,-122,-103,-90.98,13.86,-7.43,-28.99,1.28,27.16,-0.06,-0.27,-3.77
22.31204319000244,145,17,28,-301,-113,93,24,-146,-131,-90.23,15.42,-6.16,-30.70,-0.67,22.71,-0.16,-0.05,-2.85
22.34893536567688,99,57,26,-327,-99,111,-36,-92,-135,-89.14,14.45,-3.99,-35.77,-5.80,34.91,-0.17,-0.11,-1.78
22.385809659957886,64,108,230,-324,-55,8,-84,-25,-205,-87.93,15.59,-1.88,-38.33,-8.12,35.71,-0.12,-0.29,-3.64
22.422700881958008,77,151,244,-236,30,184,-67,31,-186,-86.64,14.99,0.76,-43.09,-5.86,32.35,-0.14,-0.39,-3.39
22.459495544433594,91,13,249,-71,69,61,-47,189,-179,-85.75,13.73,2.78,-46.14,-0.73,18.37,-0.20,-0.34,-1.79
22.49636173248291,115,155,255,82,38,-48,-16,37,-172,-84.84,13.08,5.17,-45.96,4.15,7.69,-0.24,-0.19,-3.01
22.53324842453003,112,128,254,125,25,-126,-19,1,-173,-84.04,14.10,7.43,-45.41,6.16,7.81,-0.20,-0.12,-1.25
22.57010293006897,78,139,217,82,47,-113,-64,15,-222,-83.71,12.97,7.79,-49.80,5.37,11.29,-0.20,-0.15,-3.46
22.606980085372925,186,38,12,116,18,-161,78,-119,-153,-83.13,11.71,8.54,-51.76,6.41,11.17,-0.21,-0.21,-2.84
22.643874645233154,109,236,43,103,65,-38,-23,-197,-112,-82.59,10.73,9.02,-56.82,8.42,5.98,-0.27,-0.27,-2.40
22.68064308166504,97,99,244,89,40,44,-40,-37,-186,-82.19,11.96,11.49,-61.28,10.50,2.99,-0.23,-0.26,-3.17
22.717528581619263,119,115,244,45,30,-29,-11,-16,-186,-81.51,13.00,14.14,-64.03,9.52,2.75,-0.25,-0.31,0.64
22.75042414665222,122,71,239,42,20,6,-6,-74,-193,-81.41,12.26,14.56,-69.58,9.58,6.59,-0.19,-0.26,-3.50
22.7831552028656,111,131,248,54,19,27,-21,5,-181,-80.41,13.25,17.66,-75.99,10.01,10.44,-0.21,-0.28,-0.94
22.81995987892151,115,100,248,48,18,0,-15,-36,-181,-80.00,13.46,18.21,-83.07,11.96,3.91,-0.25,-0.29,-3.52
22.85269069671631,121,98,1,62,16,35,-7,-38,-168,-79.54,15.05,20.88,-89.90,14.53,-3.66,-0.27,-0.26,-3.98
22.885582447052002,123,115,254,57,15,33,-5,-15,-173,-79.90,14.69,21.77,-98.14,13.00,-6.90,-0.33,-0.34,-1.25
22.92236328125,112,92,255,51,14,20,-19,-46,-172,-80.16,14.40,22.78,-106.93,12.76,-4.64,-0.43,-0.51,-4.45
22.955096006393433,112,99,0,47,7,4,-19,-36,-170,-80.19,14.63,23.90,-117.43,17.40,-0.98,-0.61,-0.72,0.62
22.983850955963135,105,99,0,46,9,9,-29,-36,-170,-80.13,15.99,25.58,-133.85,26.98,-4.21,-0.89,-0.66,-4.05
23.02071523666382,104,105,250,54,14,18,-30,-29,-178,-79.60,18.14,29.68,-143.31,47.73,-12.08,-0.99,-0.43,-1.79
23.057472229003906,112,138,252,63,25,23,-19,14,-176,-78.72,18.06,32.28,-166.56,26.73,69.09,-0.40,-0.22,-3.29
23.090377807617188,115,142,245,85,28,-6,-15,19,-185,-77.59,16.75,35.11,-138.92,3.05,22.40,-0.07,-0.18,-4.07
23.12723731994629,106,121,235,108,27,-11,-28,-7,-199,-79.08,17.60,35.73,-90.64,-13.55,-63.35,-0.07,0.31,-2.31
23.168330430984497,106,111,229,128,24,-18,-27,-21,-206,-81.49,17.89,35.24,-46.02,-5.49,-109.62,0.46,0.64,0.07
23.20094656944275,96,130,223,147,36,-5,-41,3,-214,-82.78,18.48,34.39,-23.13,21.73,-35.89,0.46,1.03,-4.27
23.237804412841797,64,140,211,177,46,-15,-83,17,-230,-82.12,18.05,33.60,-2.08,13.49,53.04,0.26,1.12,-2.60
23.274759769439697,38,83,168,201,60,24,-118,-58,-288,-81.32,16.67,32.36,22.71,-16.72,67.02,0.31,0.80,-4.42
23.311448335647583,112,116,234,203,60,104,-19,-14,-200,-80.48,15.12,30.31,72.75,-12.57,69.82,0.11,0.64,-3.01
23.348294019699097,157,68,250,120,-2,-98,40,-79,-178,-80.26,14.00,26.75,120.36,-8.24,21.12,0.23,0.45,-1.51
23.389221668243408,225,236,35,25,-48,-83,130,-197,-122,-79.73,13.30,22.16,167.30,-17.03,38.33,0.13,0.63,-4.36
23.422003269195557,171,246,72,-26,2,98,58,-183,-73,-79.62,12.28,16.68,191.71,-34.55,18.92,0.16,0.70,-3.43
23.454808473587036,149,98,81,-99,16,68,29,-38,-60,-79.65,10.88,10.81,211.24,-45.78,16.48,0.12,0.62,-0.91
23.49163579940796,132,83,124,-214,-25,-54,7,-59,-3,-79.17,9.61,4.62,218.38,-44.49,35.40,-0.05,0.53,-3.58
23.528509616851807,148,34,75,-293,-86,-81,28,-124,-69,-78.01,8.62,-1.53,236.45,-48.46,22.22,-0.14,0.44,-1.59
23.56541681289673,172,11,48,-319,-88,-22,59,-154,-104,-76.81,7.93,-6.87,253.42,-48.03,-2.44,-0.11,0.40,0.11
23.60223126411438,138,5,51,-315,-100,97,14,-163,-101,-77.04,7.59,-14.33,264.59,-51.33,-29.97,-0.14,0.42,-4.04
23.643311023712158,118,46,19,-323,-100,122,-11,-108,-143,-76.85,7.01,-19.40,265.63,-57.25,-41.63,-0.30,0.34,-3.13
23.680067777633667,82,123,0,-327,-71,74,-59,-5,-169,-76.50,5.76,-23.93,255.43,-69.34,-30.33,-0.37,0.19,-4.52
23.716999292373657,67,84,205,-291,-82,0,-79,-56,-239,-75.74,5.14,-28.42,249.94,-69.89,-4.21,-0.53,-0.10,-4.36
23.75387167930603,74,188,18,-177,-19,10,-70,81,-145,-74.54,4.36,-32.41,228.09,-61.71,-6.04,-0.52,-0.24,-1.61
23.786577224731445,88,237,245,4,23,-18,-51,146,-185,-73.75,4.87,-35.52,166.32,-20.02,13.55,-0.63,-0.65,-2.85
23.823468446731567,83,107,244,132,37,-78,-59,-26,-186,-73.08,5.34,-37.00,83.13,3.17,30.94,-0.36,-1.22,-3.97
23.8602557182312,23,72,0,111,104,6,-138,-73,-168,-72.14,6.40,-36.49,15.99,13.85,46.75,-0.27,-1.25,-1.48
23.89710235595703,88,170,166,65,49,-106,-52,56,-291,-71.35,7.43,-34.54,-43.70,26.49,32.78,-0.18,-0.61,-4.48
23.929906129837036,134,42,4,89,-3,-205,9,-113,-163,-71.19,9.06,-31.72,-94.36,46.45,13.55,-0.49,-0.38,-3.88
23.966742038726807,105,198,39,119,66,8,-29,-247,-116,-71.25,10.39,-28.38,-95.95,52.80,-1.22,-0.81,0.18,-0.03
24.003565073013306,137,103,242,78,41,69,13,-31,-189,-70.96,11.55,-25.03,-72.88,28.99,-7.57,-0.61,-0.18,-4.30
24.03640055656433,122,120,248,36,18,-47,-7,-9,-181,-73.14,11.44,-23.31,-33.14,44.07,-143.37,-0.42,-0.78,0.55
24.069193840026855,122,71,249,41,27,3,-7,-74,-180,-76.62,12.20,-23.05,-36.56,67.50,-151.31,-0.19,-0.37,1.61
24.105981826782227,121,125,246,47,25,26,-7,-3,-183,-79.33,14.57,-23.27,-63.35,97.90,-74.34,-0.32,0.65,1.23
24.138837099075317,113,122,255,46,23,7,-19,-7,-172,-80.42,17.01,-22.85,-100.22,71.59,17.76,-0.21,0.90,0.95
24.175631046295166,110,109,251,54,24,18,-22,-24,-177,-79.67,19.22,-21.86,-87.34,35.95,61.95,-0.06,0.05,0.92
24.208399534225464,121,122,2,56,16,14,-8,-6,-166,-78.53,21.27,-19.84,-52.92,18.13,12.76,-0.01,-0.48,0.99
24.245256423950195,114,107,252,49,14,-4,-17,-27,-176,-78.75,23.37,-18.73,-35.28,41.81,-20.20,-0.13,-0.11,1.03
24.27807307243347,100,83,249,58,16,11,-36,-58,-179,-79.80,25.55,-19.06,-38.70,43.88,-16.72,-0.17,0.30,0.95
24.314894199371338,108,111,251,48,9,7,-24,-21,-177,-79.95,27.44,-19.06,-39.73,17.94,25.51,-0.14,0.06,0.76
24.34769296646118,104,117,251,58,16,7,-30,-13,-176,-78.96,29.37,-17.88,-38.51,3.60,39.43,-0.13,-0.27,-0.87
24.3845055103302,109,139,248,76,17,0,-23,15,-181,-78.04,31.30,-16.33,-36.38,6.59,25.82,-0.17,-0.35,-0.72
24.41732358932495,106,134,241,96,12,-30,-28,9,-191,-77.38,32.90,-14.96,-29.72,4.70,8.00,-0.17,-0.22,0.85
24.45417857170105,112,117,235,123,27,-7,-19,-14,-198,-77.37,34.57,-14.41,-30.64,3.66,8.42,-0.18,-0.09,0.59
24.491047382354736,101,116,227,140,43,0,-34,-15,-209,-76.62,36.07,-13.36,-38.02,-8.42,43.27,-0.16,-0.15,0.88
24.527828454971313,79,134,216,156,38,-5,-64,9,-223,-75.22,37.61,-11.50,-40.71,-8.18,43.33,-0.13,-0.27,-0.33
24.560712337493896,54,133,179,189,54,15,-96,7,-272,-73.55,39.12,-9.20,-42.24,-5.98,42.97,-0.18,-0.36,-0.06
24.597551107406616,48,100,175,201,54,42,-105,-35,-279,-72.59,40.76,-7.22,-44.13,4.70,12.39,-0.23,-0.24,0.89
24.634389400482178,112,106,232,176,49,47,-20,-28,-203,-72.51,42.43,-6.14,-45.29,6.96,1.46,-0.24,-0.06,0.79
24.671289205551147,109,27,252,92,2,-74,-24,-132,-175,-72.47,44.03,-5.18,-44.98,5.62,2.81,-0.23,-0.06,0.79
24.7040536403656,191,219,54,10,1,65,85,-220,-97,-72.07,45.54,-3.57,-47.97,6.41,0.79,-0.22,-0.16,0.79
24.74087357521057,165,27,69,-41,8,129,50,-133,-77,-71.84,47.15,-2.12,-50.54,7.63,-3.23,-0.22,-0.27,0.86
24.773648500442505,134,105,92,-117,33,68,8,-28,-46,-71.22,48.77,-0.09,-49.19,8.97,-2.75,-0.25,-0.35,-1.63
24.810523986816406,151,81,113,-233,-36,-89,32,-60,-18,-70.27,50.26,2.31,-53.89,10.38,0.79,-0.24,-0.37,0.86
24.851486444473267,148,23,52,-297,-131,-112,27,-138,-100,-69.40,51.83,4.76,-61.34,10.86,0.49,-0.23,-0.36,0.99
24.888347625732422,121,35,45,-315,-98,1,-7,-122,-109,-68.43,53.47,7.49,-72.14,12.63,-0.43,-0.24,-0.33,1.01
24.925209760665894,146,6,40,-293,-110,131,25,-161,-116,-67.33,54.96,10.64,-79.41,9.70,-2.50,-0.22,-0.39,1.01
24.96612572669983,96,84,19,-322,-96,121,-40,-56,-143,-66.10,56.34,14.10,-87.16,9.52,-6.59,-0.25,-0.38,1.06
25.003009796142578,66,135,241,-327,-67,-10,-80,10,-190,-64.86,57.81,17.96,-95.89,8.67,-7.93,-0.33,-0.42,1.12
25.03984808921814,114,64,1,-255,-72,4,-17,-84,-167,-63.29,58.96,22.24,-108.46,6.65,-4.39,-0.47,-0.57,1.10
25.072656869888306,118,168,29,-135,6,64,-11,55,-130,-61.29,60.00,27.21,-116.70,11.11,-5.31,-0.65,-0.69,1.11
25.109508752822876,102,235,241,0,38,11,-33,143,-190,-59.22,61.12,32.51,-132.87,21.42,-10.93,-0.76,-0.58,0.02
25.146324396133423,104,126,241,99,57,-83,-30,-1,-191,-56.91,62.89,38.35,-143.31,43.27,-15.20,-0.91,-0.40,1.32
25.18319869041443,111,78,0,112,87,-103,-21,-64,-170,-52.24,63.98,46.79,-158.02,28.32,72.75,-0.59,-0.21,0.08
25.220085859298706,236,123,178,68,68,-113,-197,-4,-274,-46.65,63.16,55.98,-141.30,5.68,60.36,-0.10,-0.11,-1.38
25.256925106048584,147,40,22,136,49,-29,26,-115,-139,-45.03,63.90,60.68,-87.89,-24.60,-16.78,-0.21,0.27,1.00
25.289736032485962,132,39,23,82,52,-48,6,-117,-138,-46.90,65.25,60.91,-55.42,-29.42,-56.40,0.25,0.78,-0.76
25.326555967330933,116,74,251,81,48,44,-14,-70,-176,-47.43,66.60,61.97,-38.70,1.16,-18.25,0.44,0.76,-2.13
25.363391637802124,120,118,252,52,36,-4,-8,-12,-176,-44.00,66.57,65.57,1.04,28.50,71.90,0.13,1.00,1.00
25.396167278289795,124,97,236,53,27,7,-4,-39,-196,-41.59,66.24,67.75,33.87,4.15,57.62,0.14,0.67,0.00
25.428978443145752,126,118,251,56,17,9,-1,-11,-177,-40.42,66.20,67.64,79.53,-0.79,43.15,0.06,0.57,0.41
25.46579670906067,113,102,250,56,21,3,-18,-33,-178,-40.17,66.63,65.56,124.94,2.50,14.22,0.04,0.52,0.24
25.502647161483765,115,110,255,62,23,30,-15,-22,-171,-41.49,67.48,60.85,180.54,-4.27,-21.48,0.15,0.58,0.31
25.53545308113098,123,117,254,58,19,11,-5,-13,-173,-42.87,68.62,55.39,203.25,-13.24,-17.64,0.03,0.65,-2.00
25.568246364593506,116,86,0,60,16,17,-15,-54,-170,-45.33,69.71,48.29,222.53,-31.86,-16.42,0.06,0.60,0.62
25.60506796836853,114,94,255,52,13,15,-17,-43,-172,-47.10,70.34,41.87,226.07,-33.87,7.81,-0.03,0.59,-0.64
25.641924619674683,109,92,253,50,11,11,-24,-46,-174,-48.78,70.34,35.24,239.44,-50.96,34.97,-0.11,0.60,0.57
25.674704551696777,108,107,1,56,20,25,-24,-26,-168,-49.80,70.07,28.92,249.15,-62.93,42.36,-0.09,0.50,-0.14
25.7075035572052,113,144,248,67,17,7,-19,22,-181,-49.84,69.60,23.41,256.41,-69.15,47.30,-0.14,0.41,-0.57
25.74431276321411,110,130,242,88,29,-4,-22,3,-189,-48.74,69.37,19.02,259.46,-66.96,41.44,-0.26,0.16,0.68
25.781288862228394,107,137,238,119,28,-1,-26,12,-194,-47.73,69.36,14.23,260.31,-56.76,3.60,-0.36,-0.08,-1.05
25.814017057418823,92,123,223,138,28,-26,-46,-5,-214,-46.87,69.34,9.90,254.88,-57.43,-4.46,-0.61,-0.28,0.93
25.850866079330444,68,146,204,171,48,14,-78,25,-240,-46.41,69.50,5.59,209.17,-36.19,-10.01,-0.69,-0.43,0.94
25.887756824493408,34,156,160,190,58,19,-124,38,-298,-43.13,70.01,5.30,164.43,-12.08,10.62,-0.61,-0.67,-0.08
25.92456841468811,84,103,195,206,51,39,-57,-32,-252,-37.81,70.26,8.57,67.44,11.90,39.98,-0.36,-1.27,0.39
25.957372665405273,121,90,221,167,5,-59,-8,-49,-216,-29.42,70.43,16.69,4.39,19.59,56.27,-0.21,-1.19,0.62
25.99827766418457,137,28,248,74,-60,-168,13,-131,-181,-22.71,70.82,24.41,-55.91,36.32,8.24,-0.16,-0.81,0.72
26.031013011932373,182,210,69,0,9,94,73,-231,-76,-18.32,72.66,31.09,-87.95,53.47,-24.48,-0.46,-0.34,0.75
26.063841342926025,183,46,78,-44,30,177,74,-108,-65,-16.64,75.77,35.08,-82.03,62.50,-42.48,-0.84,0.16,1.01
26.100677728652954,137,102,110,-154,13,52,12,-33,-22,-13.41,77.90,40.21,-49.80,36.74,-67.50,-0.71,-0.65,0.98
26.137568473815918,137,65,101,-268,-69,-82,13,-82,-34,-15.29,80.57,39.61,-25.70,45.72,-143.68,-0.65,-0.51,1.01
26.178493976593018,156,29,47,-309,-137,-84,38,-131,-106,-21.69,85.14,35.17,-72.27,81.85,-109.13,-0.19,0.53,-0.98
26.21546745300293,121,40,34,-327,-126,22,-7,-116,-123,-39.13,88.70,19.99,-95.83,79.53,-37.60,-0.06,0.87,-0.88
26.256328344345093,138,29,27,-310,-118,102,14,-130,-133,161.71,88.83,-136.79,-85.21,48.95,-10.50,0.08,0.26,0.25
26.293206453323364,88,87,20,-327,-102,113,-51,-53,-142,130.70,87.08,-166.03,-52.19,25.39,7.39,-0.01,-0.14,0.30
26.334147691726685,87,100,220,-313,-69,-13,-54,-35,-218,113.25,85.29,177.94,-45.29,26.55,24.78,-0.18,-0.05,0.98
26.371028423309326,46,184,254,-204,-29,84,-108,76,-173,107.31,83.14,173.56,-48.89,26.79,21.73,-0.19,0.03,1.03
26.40788745880127,92,245,253,-20,29,36,-46,157,-174,100.31,81.17,168.22,-44.13,16.97,33.14,-0.15,-0.15,-2.12
26.444730758666992,99,118,251,85,49,-44,-37,-11,-177,90.67,79.65,159.96,-39.55,12.57,26.25,-0.14,-0.41,0.94
26.481613397598267,101,84,16,135,35,-123,-35,-57,-148,87.24,78.00,157.80,-35.71,17.21,7.57,-0.13,-0.31,0.71
26.51845693588257,147,142,189,75,43,-74,26,19,-259,85.63,76.55,157.50,-35.16,2.01,18.92,-0.16,-0.16,0.85
26.551247596740723,135,36,8,90,5,-231,10,-121,-158,83.89,75.05,157.28,-38.21,2.26,17.82,-0.23,-0.12,0.96
26.58808946609497,127,216,48,129,94,45,0,-224,-104,80.72,73.53,155.76,-39.06,-1.95,25.94,-0.21,-0.26,0.89
26.624937534332275,113,112,229,77,43,20,-18,-19,-206,77.50,72.15,154.04,-40.16,-1.89,23.80,-0.16,-0.33,-0.22
26.66184639930725,113,114,251,47,32,-25,-18,-17,-177,74.67,70.73,152.71,-41.38,5.19,11.05,-0.19,-0.30,0.05
26.694580078125,127,76,243,61,27,18,0,-68,-188,73.36,69.29,153.00,-41.99,7.20,4.21,-0.20,-0.22,-0.08
26.73140001296997,123,113,250,53,22,23,-5,-18,-178,72.89,67.92,154.19,-43.33,8.48,-0.18,-0.22,-0.18,0.63
26.764233350753784,107,105,249,48,15,0,-26,-29,-179,72.69,66.56,155.73,-44.56,7.63,-1.22,-0.19,-0.11,0.97
26.80104684829712,120,103,255,56,13,17,-9,-31,-171,72.54,65.23,157.47,-46.63,7.02,-1.34,-0.20,-0.08,0.98
26.833854913711548,122,131,0,53,15,16,-6,5,-171,72.34,63.96,159.11,-49.93,8.79,-2.26,-0.21,-0.12,0.99
26.862544536590576,128,123,1,52,17,-23,0,-4,-167,71.65,62.61,160.39,-53.53,8.91,4.03,-0.25,-0.16,0.70
26.903428077697754,104,100,252,57,18,-23,-30,-35,-176,70.49,61.32,161.21,-53.53,5.98,3.11,-0.26,-0.25,0.35
26.93622398376465,112,100,0,63,23,-5,-20,-36,-169,68.79,60.09,161.40,-53.53,6.53,6.29,-0.22,-0.34,0.23
26.973064661026,110,90,253,67,25,-7,-22,-49,-174,67.20,58.77,161.77,-58.53,7.75,3.60,-0.18,-0.30,0.69
27.005919456481934,103,102,251,72,19,3,-31,-33,-177,66.07,57.48,162.79,-69.70,6.71,-0.73,-0.23,-0.31,0.89
27.042747497558594,118,118,242,79,16,-18,-12,-11,-189,64.88,56.30,163.92,-74.04,5.74,-3.66,-0.28,-0.39,1.06
27.083664655685425,119,111,229,101,21,-6,-10,-21,-207,63.69,55.24,165.04,-79.16,5.25,-10.19,-0.27,-0.42,1.08
27.116479635238647,102,112,224,123,20,1,-32,-20,-213,62.48,54.24,166.37,-92.65,3.36,-7.57,-0.35,-0.47,0.48
27.153320789337158,80,146,209,144,22,-5,-63,25,-233,61.05,53.32,167.75,-104.19,4.70,-8.06,-0.45,-0.59,1.08
27.19014620780945,57,145,197,183,48,12,-93,24,-248,59.35,52.57,169.19,-116.82,6.47,-9.28,-0.59,-0.73,1.10
27.22702407836914,31,106,158,202,75,68,-128,-27,-301,57.81,51.80,170.94,-128.60,18.31,-10.01,-0.90,-0.67,0.96
27.25983762741089,110,128,222,195,74,97,-22,1,-216,56.52,50.71,173.38,-144.23,48.89,-15.38,-1.00,-0.34,1.29
27.30074906349182,106,43,253,117,28,-76,-28,-111,-174,54.48,48.90,175.82,-153.87,35.34,40.41,-0.53,-0.16,0.72
27.333553075790405,231,199,62,17,-32,0,138,-247,-86,50.40,47.41,176.72,-145.20,-0.73,58.47,-0.07,-0.30,0.99
27.37039351463318,184,17,70,-31,22,146,75,-146,-75,49.33,46.47,179.21,-100.83,-15.56,-19.65,-0.27,0.22,0.93
27.403185844421387,132,117,95,-124,34,57,6,-13,-42,51.07,46.44,-177.28,-58.17,-33.39,-66.16,0.32,0.72,0.12
27.444124937057495,145,77,116,-248,-36,-118,23,-66,-14,52.30,45.45,-174.63,-40.65,8.73,-17.21,0.36,0.77,0.79
27.48512077331543,139,38,50,-303,-120,-103,16,-118,-103,51.14,44.27,-174.28,-3.54,27.59,58.65,0.17,1.05,0.70
27.52199959754944,125,22,47,-320,-94,24,-2,-139,-106,49.20,43.51,-174.99,20.45,2.08,66.04,0.16,0.67,0.60
27.558865785598755,134,24,37,-304,-119,132,8,-137,-119,47.96,42.99,-176.02,68.36,-6.29,36.68,0.13,0.52,0.51
27.599730968475342,106,73,20,-327,-89,129,-27,-71,-142,47.58,42.51,-177.65,109.13,-1.83,15.81,0.10,0.45,0.00
27.63662338256836,65,128,232,-327,-57,-4,-82,1,-202,48.14,42.13,-179.93,170.59,-3.05,-19.47,0.16,0.54,0.32
27.669854879379272,109,77,0,-253,-4,101,-24,-66,-171,49.12,41.86,177.25,196.59,-12.76,-28.99,0.06,0.59,0.55
27.71033239364624,111,209,13,-101,44,84,-20,109,-151,50.08,41.85,174.13,215.58,-32.04,-28.32,0.10,0.58,0.76
27.743160247802734,114,190,249,36,35,-50,-17,84,-180,50.43,42.09,170.40,219.30,-38.45,-2.44,-0.02,0.60,0.23
27.784062385559082,41,140,233,131,48,-85,-114,17,-200,49.74,42.71,165.68,233.15,-54.26,25.88,-0.10,0.66,0.61
27.82090663909912,9,143,219,76,-15,-123,-156,20,-220,48.84,43.69,160.62,242.07,-64.51,27.16,-0.10,0.48,0.69
27.857805252075195,158,62,213,102,-61,-231,41,-86,-228,47.14,44.37,155.10,247.68,-69.27,33.08,-0.19,0.26,0.72
27.89058804512024,151,1,53,117,62,-33,31,-167,-98,45.77,44.84,149.73,252.50,-59.08,13.61,-0.30,0.18,0.87
27.92744016647339,133,23,253,109,74,73,7,-138,-174,44.69,45.39,144.53,253.66,-55.36,-6.10,-0.37,0.07,0.84
27.964265823364258,122,110,247,62,47,34,-7,-22,-182,43.33,45.82,139.24,247.68,-58.59,4.94,-0.43,-0.17,0.85
27.99709153175354,119,86,240,36,34,-9,-10,-55,-191,41.68,45.91,134.08,209.23,-40.04,12.70,-0.54,-0.27,0.93
28.03390121459961,125,94,243,48,27,28,-3,-44,-187,39.41,45.38,129.68,168.09,-23.19,32.59,-0.59,-0.61,0.13
28.066713571548462,114,107,248,43,9,12,-16,-26,-181,37.60,44.58,125.75,103.33,5.68,15.63,-0.43,-1.17,0.52
28.103516340255737,115,94,255,43,9,16,-15,-43,-172,36.43,43.05,123.91,41.81,21.48,25.33,-0.36,-1.29,0.69
28.14037799835205,118,116,248,46,11,33,-11,-14,-181,35.83,41.60,124.04,-31.31,33.39,-0.55,-0.31,-0.88,0.73
28.173321962356567,114,128,254,43,4,21,-17,1,-173,36.63,40.52,127.41,-74.04,48.10,-21.12,-0.43,-0.38,0.85
28.206082344055176,102,127,251,54,5,11,-33,0,-176,39.08,40.62,132.49,-88.26,63.54,-46.81,-0.93,-0.04,0.95
28.238724946975708,102,129,250,63,11,11,-32,3,-179,40.57,40.69,136.38,-53.65,45.04,-65.37,-0.78,-0.94,1.10
28.275545358657837,112,121,247,70,16,6,-20,-7,-182,44.21,41.43,140.41,-25.82,68.91,-179.02,-0.71,-0.42,1.63
28.308483839035034,111,124,250,81,34,18,-21,-3,-178,49.87,41.75,146.63,-71.29,89.78,-141.54,0.10,0.65,1.15
28.345290899276733,111,135,245,97,40,-2,-20,10,-185,53.05,40.45,151.86,-96.01,77.27,-7.45,0.06,0.80,0.80
28.382161140441895,122,116,242,116,40,-3,-6,-14,-188,53.45,38.76,155.44,-84.41,43.76,30.15,-0.03,0.42,0.96
28.41907048225403,107,111,229,133,31,-13,-27,-21,-206,53.03,37.13,157.90,-60.73,21.55,31.68,-0.16,-0.07,1.22
28.45581340789795,90,129,222,158,38,-1,-49,3,-216,51.54,35.33,159.18,-52.06,22.28,36.44,-0.24,-0.31,0.87
28.488709449768066,76,142,190,180,40,-14,-68,19,-259,51.20,33.63,161.03,-40.16,39.06,-14.22,-0.17,-0.10,0.96
28.525572299957275,36,91,168,198,43,12,-121,-48,-288,51.29,32.06,163.12,-38.45,28.08,1.83,-0.12,-0.03,0.99
28.56235980987549,127,118,235,203,71,69,0,-12,-199,50.38,30.56,164.57,-39.92,12.33,26.00,-0.18,-0.24,1.07
28.59923243522644,131,44,253,123,30,-62,5,-110,-174,48.81,29.14,165.48,-38.82,4.82,24.84,-0.16,-0.35,0.78
28.63611888885498,228,192,51,16,-49,-38,134,-255,-101,.1,41.81,5.80,-0.11,0.33,-1.19
28.673034191131592,174,13,65,-23,-7,136,63,-151,-82,-2.63,16.56,166.73,-58.96,19.04,20.87,-0.05,-0.13,0.52
28.709816932678223,135,109,106,-113,18,102,11,-24,-28,-3.02,16.03,167.60,-45.78,28.50,14.40,-0.14,-0.04,-0.64
28.74662733078003,133,77,125,-251,-37,-84,8,-66,-2,-2.77,15.79,169.60,-41.50,29.54,2.20,-0.16,0.02,-0.87
28.783491134643555,148,23,60,-298,-99,-77,28,-138,-89,-3.08,15.51,170.31,-37.35,13.73,17.76,-0.13,-0.10,-1.08
28.820343494415283,132,36,51,-326,-76,17,6,-121,-100,-3.89,14.89,170.28,-34.00,8.18,13.49,-0.08,-0.23,-3.06
28.857272386550903,139,17,30,-327,-117,62,15,-147,-129,-4.61,14.28,170.41,-34.18,2.38,15.08,-0.12,-0.17,-2.10
28.898268699645996,114,41,12,-327,-112,108,-16,-114,-153,-5.20,14.57,170.69,-29.54,-3.11,19.59,-0.20,-0.11,-1.60
28.93507146835327,71,173,227,-327,-65,25,-74,61,-209,-6.00,16.06,170.75,-32.78,-7.51,26.98,-0.20,-0.11,-1.87
28.971896171569824,78,74,1,-252,12,100,-65,-70,-167,-7.15,16.61,170.67,-35.10,-8.85,34.67,-0.19,-0.19,-0.43
29.00875210762024,147,208,20,-81,80,149,26,108,-143,-8.16,17.13,170.40,-37.66,-6.84,26.55,-0.19,-0.33,0.67
29.04165554046631,113,219,254,58,44,-6,-18,122,-173,-9.24,16.86,169.99,-41.50,-3.66,14.53,-0.19,-0.35,-2.14
29.082529067993164,22,145,233,128,26,-122,-139,23,-201,-9.53,16.98,170.76,-43.58,1.89,8.54,-0.27,-0.29,-0.15
29.119489908218384,32,105,224,82,-11,-105,-126,-29,-213,-9.94,17.04,171.11,-43.82,0.98,1.89,-0.24,-0.21,-0.60
29.16033434867859,152,42,239,103,19,-137,33,-113,-193,-10.22,16.86,171.87,-45.29,3.78,4.03,-0.22,-0.16,-1.09
29.19722032546997,117,252,40,108,87,11,-13,-176,-115,-10.55,17.63,172.30,-50.78,3.54,5.07,-0.22,-0.15,-3.42
29.234116315841675,101,90,236,71,41,15,-34,-49,-197,-11.11,17.52,172.89,-55.79,3.78,6.04,-0.25,-0.26,-2.93
29.270912885665894,118,109,251,44,27,-25,-12,-24,-177,-11.27,17.62,174.02,-59.39,7.32,2.50,-0.31,-0.37,-0.55
29.303690433502197,126,90,233,47,35,30,0,-49,-201,-11.67,18.05,174.12,-62.99,10.19,-3.23,-0.26,-0.33,-2.90
29.336503744125366,113,128,254,46,19,21,-19,1,-173,-11.65,17.97,175.57,-69.82,11.35,-2.14,-0.25,-0.29,-2.18
29.37341332435608,115,117,249,43,12,-16,-15,-13,-180,-11.59,17.97,177.15,-76.35,9.58,-4.52,-0.22,-0.33,-2.35
29.41018295288086,117,95,255,56,18,31,-13,-42,-171,-11.92,17.97,177.43,-83.50,10.62,-10.07,-0.29,-0.42,1.05
29.44312357902527,115,127,246,48,12,17,-15,0,-184,-11.73,17.97,179.48,-93.81,9.83,-11.35,-0.32,-0.43,-0.78
29.479769945144653,114,95,251,52,5,12,-17,-42,-176,-11.59,18.09,-178.54,-104.98,10.93,-9.40,-0.44,-0.53,-2.92
29.51264715194702,113,111,0,57,10,33,-18,-21,-170,-11.74,18.47,-177.02,-117.07,11.35,-8.24,-0.62,-0.71,-0.72
29.545457363128662,112,128,247,61,11,15,-20,1,-182,-11.71,18.65,-174.64,-135.19,22.64,-13.18,-0.72,-0.63,-2.10
29.5823335647583,107,111,250,71,12,3,-26,-21,-178,-11.35,18.34,-171.62,-145.20,46.51,-28.69,-0.81,-0.44,-1.05
29.615089654922485,100,140,251,83,14,2,-35,17,-177,-11.76,18.20,-169.28,-161.80,40.34,36.19,-0.70,-0.25,-0.40
29.651937007904053,111,135,246,93,11,-32,-20,10,-184,-13.89,18.44,-166.24,-157.23,14.34,84.66,-0.12,-0.18,-3.44
29.688802003860474,111,93,237,116,14,-27,-20,-45,-196,-14.82,19.38,-164.80,-101.01,-13.49,-17.33,-0.29,0.24,0.09
29.725633144378662,108,94,236,132,21,4,-25,-44,-197,-12.91,19.78,-162.17,-57.86,-38.27,-78.80,0.42,0.88,-1.69
29.762394905090332,87,127,225,145,36,20,-52,0,-211,-11.06,18.82,-159.88,-37.11,5.07,-10.13,0.50,0.64,-0.63
29.79524540901184,65,136,206,178,31,11,-83,12,-236,-12.33,18.87,-159.78,-3.05,22.46,64.09,0.22,1.11,0.51
29.832078218460083,37,132,188,199,39,12,-120,7,-261,-14.17,19.40,-160.17,25.82,-13.31,90.82,0.11,0.79,-2.88
29.86492085456848,72,148,228,194,31,57,-73,27,-208,-15.43,19.83,-160.88,70.43,-14.53,68.54,0.12,0.56,0.40
29.905838012695312,161,62,229,128,-22,-151,45,-86,-206,-15.55,19.26,-162.16,120.67,-0.79,2.81,0.16,0.60,-2.92
29.942744970321655,200,219,21,52,-45,-125,96,-220,-141,-14.93,18.86,-164.51,164.31,-6.59,-12.27,0.17,0.67,-1.38
29.979597568511963,169,246,76,-10,34,176,55,-184,-68,-14.33,18.80,-167.64,200.93,-18.80,-5.00,0.03,0.73,-0.92
30.012423276901245,156,75,77,-66,41,159,38,-69,-66,-13.37,18.46,-171.17,214.23,-31.43,-13.49,0.09,0.52,0.29
30.049278736114502,140,100,119,-175,14,33,17,-35,-11,-12.53,18.15,-174.59,221.80,-29.48,-4.94,-0.01,0.54,-1.08
30.086094856262207,152,60,83,-276,-54,-48,33,-89,-59,-12.46,19.22,-179.04,230.04,-39.86,9.89,-0.12,0.54,-1.51
30.122971773147583,152,55,48,-323,-94,-65,32,-96,-105,-12.46,20.53,176.12,249.57,-50.11,2.08,-0.14,0.51,-2.80
30.1638662815094,151,21,28,-327,-136,-33,31,-141,-131,-12.11,21.89,172.00,255.25,-57.25,-5.13,-0.17,0.40,-1.82
30.200835466384888,136,28,16,-327,-118,73,11,-131,-148,-11.92,23.73,167.06,253.36,-58.78,-10.31,-0.27,0.27,0.43
30.237672090530396,106,87,22,-327,-92,95,-27,-53,-140,-12.09,25.50,160.95,254.39,-60.55,-15.87,-0.41,0.12,-1.66
30.278589725494385,50,60,205,-312,-89,-31,-102,-89,-238,-11.85,28.15,156.26,250.18,-61.52,-31.92,-0.48,-0.25,-0.07
30.315449953079224,97,168,20,-166,-2,107,-40,55,-142,-12.10,30.27,150.52,229.19,-60.67,-39.98,-0.51,-0.29,0.26
30.34821891784668,62,41,227,1,65,87,-86,226,-209,-12.60,31.75,145.64,168.95,-24.84,10.86,-0.70,-0.43,-0.51
30.384977340698242,103,167,0,92,55,-74,-32,53,-168,-14.34,32.28,141.26,109.68,-0.73,27.10,-0.41,-0.95,-0.30
30.42189621925354,28,113,239,121,73,-93,-132,-19,-193,-16.25,30.54,137.95,24.29,13.24,64.64,-0.18,-1.31,0.65
30.45468783378601,128,127,240,27,6,-221,1,0,-191,-17.93,28.89,136.60,-28.69,20.69,57.56,-0.18,-0.89,-3.45
30.49156355857849,142,26,219,101,2,-181,19,-134,-220,-19.14,27.64,136.28,-81.18,40.59,20.63,-0.38,-0.38,-0.22
30.52838397026062,124,21,57,117,69,-14,-4,-141,-93,-18.70,27.22,138.34,-98.82,52.67,1.77,-0.53,-0.10,-3.22
30.561185121536255,131,58,245,74,42,-31,5,-92,-185,-17.59,27.52,140.49,-61.10,42.48,-38.27,-0.52,-0.26,-2.29
30.598000049591064,118,64,250,67,38,14,-11,-84,-178,-15.55,28.17,141.88,-27.89,44.74,-122.62,-0.65,-1.02,0.98
30.63483953475952,115,100,244,52,34,31,-16,-36,-186,-11.62,28.88,144.75,-29.05,68.30,-144.47,-0.39,-0.28,-2.50
30.66771650314331,120,118,245,38,21,-3,-9,-12,-185,-7.32,28.39,149.64,-70.86,93.69,-93.02,-0.34,0.54,-0.58
30.70040202140808,126,90,0,43,10,-7,0,-49,-169,-4.81,27.31,154.00,-94.24,72.81,-8.85,-0.26,0.82,-1.13
30.733144998550415,112,98,0,45,3,11,-20,-39,-169,-3.64,25.76,157.96,-90.82,56.03,6.23,0.08,0.21,-2.46
30.76599144935608,111,116,248,46,5,28,-21,-14,-181,-3.19,23.60,160.12,-50.66,33.51,-14.40,0.08,-0.22,-0.66
30.80276656150818,109,116,248,47,1,9,-23,-14,-181,-2.36,21.81,161.48,-35.89,38.76,-28.87,-0.04,0.01,-2.90
30.835659980773926,104,117,255,59,9,24,-31,-13,-171,-1.72,21.16,162.52,-38.88,40.65,4.46,-0.18,0.40,-3.21
30.872466325759888,120,124,253,61,22,14,-10,-4,-175,-2.41,21.01,163.70,-46.26,9.64,51.45,-0.17,0.06,0.46
30.90928316116333,104,116,247,68,27,20,-30,-14,-183,-3.92,20.95,163.90,-41.38,-3.72,48.10,-0.07,-0.37,-2.37
30.942099809646606,100,125,0,74,22,21,-35,-2,-171,-5.15,20.23,162.94,-32.04,6.53,23.44,-0.07,-0.46,-1.06
30.97892117500305,109,138,251,84,20,-16,-24,14,-177,-5.90,19.61,161.91,-27.89,10.62,7.08,-0.11,-0.10,-2.78
31.015819787979126,113,107,243,108,30,-9,-18,-26,-188,-6.13,20.85,163.15,-37.17,6.10,19.04,-0.20,-0.01,-2.05
31.052712440490723,110,107,230,121,17,-24,-22,-26,-205,-7.06,20.96,163.53,-41.56,-6.10,40.41,-0.17,-0.24,-2.37
31.089550256729126,93,123,226,145,24,-4,-44,-5,-210,-8.16,21.01,163.85,-42.48,-3.17,38.33,-0.15,-0.37,-1.99
31.126380681991577,83,142,205,170,20,-30,-58,19,-239,-9.29,20.22,163.43,-46.14,6.10,17.15,-0.16,-0.31,-2.00
31.163272857666016,29,109,182,185,42,-7,-130,-24,-268,-9.61,20.29,163.94,-43.82,11.35,7.51,-0.20,-0.20,-0.56
31.200095891952515,97,111,225,200,70,90,-39,-21,-211,-9.53,19.78,165.54,-42.85,12.21,7.02,-0.21,-0.05,-0.00
31.236956357955933,150,72,242,146,13,-52,30,-73,-189,-9.55,19.55,167.16,-43.46,7.45,8.85,-0.19,-0.08,0.29
31.27392053604126,155,12,10,51,-62,-72,37,-153,-155,-9.77,19.82,167.83,-47.61,6.16,3.85,-0.17,-0.09,-3.49
31.310636281967163,140,252,76,-12,46,171,17,-175,-67,-9.86,19.74,168.60,-49.56,10.25,-3.42,-0.18,-0.12,-2.78
31.343389987945557,142,97,62,-82,14,78,20,-40,-86,-10.29,20.48,168.58,-51.94,9.89,5.68,-0.27,-0.21,-0.62
31.380387544631958,138,114,113,-196,-31,-112,14,-17,-19,-10.80,20.78,168.72,-54.87,10.31,6.84,-0.24,-0.23,-2.23
31.42131733894348,164,47,61,-287,-110,-164,49,-106,-87,-11.39,20.12,169.14,-58.04,8.79,7.45,-0.18,-0.34,-0.47
31.462181329727173,171,16,42,-313,-112,-78,58,-147,-113,-11.59,20.10,170.14,-62.68,11.84,5.43,-0.14,-0.28,-2.66
31.499089241027832,133,10,29,-283,-132,73,8,-156,-131,-12.22,19.64,170.37,-71.29,12.33,7.69,-0.20,-0.23,-2.42
31.535986185073853,128,41,25,-298,-126,114,1,-114,-136,-12.89,19.80,170.58,-80.93,10.44,7.02,-0.24,-0.26,-1.59
