4.004184722900391,37.0,92.0,1.0,122.0,105.0,10.0,-120.0,-47.0,-167.0,-36.52,10.97,171.1,-71.84,19.1,-5.49,-0.17,-0.32,0.94
4.041029691696167,100.0,160.0,200.0,62.0,26.0,-149.0,-36.0,44.0,-245.0,-36.71,10.56,171.98,-74.65,15.69,1.1,-0.21,-0.27,0.97
4.07788610458374,127.0,34.0,249.0,91.0,16.0,-151.0,0.0,-124.0,-180.0,-37.09,10.78,173.09,-80.08,14.04,4.58,-0.25,-0.21,1.03
4.114746570587158,108.0,221.0,33.0,133.0,57.0,21.0,-24.0,-217.0,-125.0,-37.37,10.93,174.66,-86.0,11.84,4.94,-0.31,-0.21,1.07
4.151571750640869,118.0,123.0,242.0,70.0,47.0,49.0,-12.0,-5.0,-189.0,-37.58,11.29,176.12,-92.04,13.67,0.55,-0.33,-0.21,1.09
4.184431314468384,132.0,107.0,252.0,33.0,28.0,-73.0,6.0,-26.0,-175.0,-37.75,11.53,177.32,-99.12,13.92,-1.34,-0.34,-0.3,1.1
4.221191644668579,127.0,53.0,246.0,51.0,3.0,-10.0,0.0,-98.0,-183.0,-37.95,11.89,178.35,-107.12,16.42,-2.81,-0.48,-0.47,1.11
4.253987789154053,115.0,134.0,247.0,59.0,12.0,17.0,-16.0,8.0,-182.0,-38.35,12.44,179.74,-118.04,18.31,3.36,-0.63,-0.52,1.1
4.290848731994629,118.0,101.0,251.0,38.0,8.0,-28.0,-12.0,-34.0,-176.0,-38.66,13.04,-178.68,-131.84,16.72,-6.47,-0.73,-0.53,1.27
4.323577404022217,120.0,98.0,0.0,56.0,16.0,25.0,-9.0,-38.0,-168.0,-38.76,13.5,-176.87,-139.53,16.72,-0.24,-0.86,-0.65,1.34
4.356415033340454,120.0,119.0,254.0,52.0,15.0,15.0,-9.0,-10.0,-172.0,-40.21,14.31,-175.17,-149.48,0.73,71.41,-0.58,-0.42,1.02
4.39319920539856,113.0,92.0,255.0,51.0,10.0,7.0,-18.0,-46.0,-171.0,-41.51,14.6,-173.87,-129.27,-3.42,21.61,-0.22,-0.29,1.02
4.425987720489502,117.0,104.0,0.0,53.0,11.0,4.0,-13.0,-30.0,-171.0,-40.51,13.88,-172.42,-85.94,-6.47,-66.59,-0.11,0.12,1.07
4.4587318897247314,112.0,95.0,0.0,50.0,11.0,6.0,-20.0,-43.0,-170.0,-37.94,12.91,-169.48,-44.98,-21.42,-106.87,0.43,0.59,1.25
4.4915642738342285,104.0,102.0,254.0,58.0,12.0,6.0,-30.0,-33.0,-173.0,-35.16,11.25,-167.64,-13.18,13.73,-86.0,0.6,0.85,1.12
4.528367280960083,111.0,126.0,248.0,68.0,11.0,-2.0,-21.0,0.0,-180.0,-34.41,9.43,-166.41,2.5,33.39,-17.7,0.32,1.0,1.06
4.561194896697998,119.0,120.0,244.0,83.0,17.0,-3.0,-10.0,-9.0,-186.0,-34.61,8.4,-165.56,17.09,4.46,18.13,0.31,0.74,0.79
4.598034381866455,118.0,123.0,242.0,104.0,40.0,11.0,-11.0,-5.0,-189.0,-35.28,8.01,-165.33,49.44,-15.56,48.89,0.21,0.54,0.51
4.63895583152771,102.0,102.0,232.0,117.0,25.0,-15.0,-32.0,-33.0,-203.0,-36.33,8.17,-165.96,86.06,-24.29,63.54,0.15,0.55,0.37
4.671765565872192,96.0,115.0,226.0,143.0,30.0,1.0,-41.0,-15.0,-210.0,-37.43,8.75,-167.84,140.14,-36.87,57.13,0.14,0.61,0.32
4.708609580993652,92.0,128.0,210.0,159.0,35.0,-17.0,-46.0,0.0,-231.0,-38.2,9.56,-170.38,170.72,-49.13,48.58,0.08,0.6,0.57
4.745471239089966,42.0,98.0,190.0,180.0,53.0,-10.0,-113.0,-38.0,-259.0,-38.93,10.43,-173.32,192.69,-55.73,51.76,0.09,0.63,0.65
4.782511234283447,110.0,117.0,213.0,198.0,75.0,114.0,-22.0,-13.0,-228.0,-40.03,11.36,-176.55,202.51,-50.17,63.96,-0.05,0.51,0.59
4.823300123214722,166.0,83.0,237.0,140.0,-13.0,-108.0,52.0,-58.0,-196.0,-41.32,12.43,179.87,222.17,-48.95,61.77,-0.11,0.46,0.54
4.860190391540527,200.0,232.0,40.0,37.0,-79.0,-154.0,97.0,-202.0,-116.0,-42.03,13.55,175.67,245.79,-43.88,32.35,-0.15,0.33,0.58
4.897034645080566,147.0,248.0,60.0,-24.0,-12.0,79.0,26.0,-181.0,-88.0,-41.83,14.29,171.41,267.09,-34.55,-19.84,-0.14,0.37,0.81
4.929927825927734,151.0,59.0,85.0,-82.0,12.0,123.0,32.0,-91.0,-56.0,-41.07,15.14,167.15,266.72,-42.11,-28.08,-0.2,0.44,0.99
4.96679949760437,144.0,104.0,134.0,-189.0,-24.0,-6.0,22.0,-31.0,9.0,-40.91,16.47,162.9,255.13,-64.33,-1.53,-0.29,0.3,1.02
5.003655433654785,132.0,60.0,60.0,-294.0,-105.0,-107.0,7.0,-89.0,-88.0,-41.8,18.12,158.58,240.72,-77.64,27.1,-0.37,-0.1,1.08
5.0445098876953125,147.0,30.0,39.0,-295.0,-86.0,-60.0,26.0,-128.0,-117.0,-43.83,19.5,153.7,222.05,-57.86,50.29,-0.49,-0.31,1.05
5.081456184387207,137.0,9.0,30.0,-307.0,-105.0,30.0,13.0,-158.0,-128.0,-45.48,21.14,148.57,176.57,-21.3,40.53,-0.62,-0.58,0.59
5.118285655975342,133.0,28.0,20.0,-286.0,-97.0,123.0,7.0,-131.0,-142.0,-46.71,21.27,144.11,112.3,10.5,34.06,-0.42,-0.91,0.48
5.155172824859619,109.0,101.0,39.0,-325.0,-64.0,125.0,-23.0,-35.0,-117.0,-48.29,19.93,141.07,44.07,18.19,63.66,-0.28,-1.54,0.56
5.196024656295776,92.0,56.0,235.0,-268.0,-41.0,14.0,-46.0,-94.0,-199.0,-49.76,18.38,139.38,-22.77,25.02,39.31,-0.2,-1.15,0.58
5.232896089553833,64.0,160.0,254.0,-189.0,22.0,165.0,-83.0,43.0,-173.0,-49.94,17.22,140.31,-71.47,40.22,-10.8,-0.33,-0.7,0.84
5.269839525222778,46.0,254.0,217.0,-57.0,57.0,89.0,-107.0,169.0,-222.0,-48.68,17.38,143.43,-85.82,60.24,-34.0,-0.55,-0.23,0.88
5.306649446487427,77.0,174.0,239.0,70.0,43.0,-45.0,-67.0,62.0,-193.0,-46.6,17.96,146.49,-53.1,56.15,-65.31,-0.59,-0.43,0.89
5.339487314224243,91.0,122.0,0.0,144.0,49.0,-131.0,-47.0,-6.0,-170.0,-44.28,19.73,147.54,-16.85,43.58,-125.61,-0.9,-0.96,1.04
5.376349210739136,85.0,140.0,212.0,62.0,-9.0,-207.0,-55.0,17.0,-229.0,-40.15,20.84,150.41,-30.64,68.3,-158.2,-0.47,0.2,1.54
5.413252592086792,216.0,28.0,25.0,112.0,10.0,-179.0,118.0,-132.0,-136.0,-36.13,20.41,154.72,-81.36,82.76,-92.96,-0.2,0.67,1.26
5.450099468231201,133.0,238.0,22.0,96.0,67.0,-50.0,7.0,-195.0,-139.0,-34.23,19.32,158.9,-94.6,62.99,-21.97,-0.16,0.53,0.83
5.482921123504639,106.0,55.0,2.0,88.0,74.0,107.0,-27.0,-95.0,-166.0,-33.28,17.72,162.64,-71.04,39.98,-5.86,0.18,0.09,0.86
5.519705533981323,115.0,123.0,254.0,41.0,32.0,-7.0,-15.0,-4.0,-173.0,-32.99,16.03,164.82,-52.19,30.94,8.42,-0.05,-0.02,1.14
5.552449464797974,131.0,77.0,232.0,27.0,31.0,3.0,5.0,-66.0,-203.0,-33.26,14.87,166.86,-49.44,28.63,27.28,-0.21,0.03,1.05
5.589235305786133,126.0,106.0,244.0,54.0,21.0,46.0,-1.0,-27.0,-186.0,-33.57,14.17,168.86,-45.78,23.44,25.27,-0.22,-0.03,1.05
5.622079372406006,112.0,113.0,250.0,37.0,13.0,6.0,-19.0,-18.0,-179.0,-34.04,13.51,170.02,-38.15,11.54,24.78,-0.19,-0.23,1.03
5.654935836791992,123.0,94.0,0.0,47.0,16.0,24.0,-5.0,-43.0,-170.0,-34.9,12.86,170.09,-35.03,8.73,18.8,-0.03,-0.34,0.98
5.6916663646698,120.0,116.0,252.0,48.0,12.0,27.0,-9.0,-15.0,-176.0,-35.36,11.88,170.34,-34.36,14.22,6.16,-0.06,-0.2,0.94
5.724551200866699,118.0,101.0,250.0,43.0,7.0,10.0,-12.0,-34.0,-178.0,-35.71,11.55,171.41,-35.22,6.59,15.32,-0.19,-0.06,1.0
5.761275291442871,104.0,93.0,253.0,49.0,7.0,27.0,-30.0,-45.0,-174.0,-36.23,11.56,172.68,-38.51,-7.51,27.65,-0.23,-0.12,1.01
5.79413104057312,109.0,122.0,249.0,43.0,5.0,11.0,-23.0,-6.0,-180.0,-37.28,11.77,173.24,-34.3,-12.08,38.51,-0.15,-0.19,0.91
5.830899477005005,111.0,125.0,252.0,57.0,13.0,20.0,-21.0,-3.0,-176.0,-38.36,11.94,173.13,-35.46,-9.52,31.98,-0.16,-0.3,0.9
5.863802909851074,110.0,137.0,250.0,76.0,14.0,16.0,-22.0,13.0,-179.0,-39.27,11.91,172.78,-35.16,-5.25,20.51,-0.18,-0.32,0.9
5.8965818881988525,109.0,134.0,248.0,91.0,17.0,0.0,-24.0,8.0,-181.0,-39.83,12.02,172.65,-36.38,0.85,9.77,-0.21,-0.25,0.87
5.93744158744812,101.0,117.0,243.0,107.0,16.0,-18.0,-35.0,-12.0,-187.0,-40.19,12.51,173.02,-37.78,0.0,6.77,-0.3,-0.23,0.88
5.974346160888672,107.0,102.0,235.0,118.0,17.0,-26.0,-26.0,-33.0,-198.0,-40.52,12.84,173.09,-41.99,0.12,2.5,-0.25,-0.31,0.95
6.011210203170776,100.0,124.0,232.0,140.0,26.0,-6.0,-36.0,-4.0,-202.0,-40.87,12.85,172.89,-42.97,5.25,2.01,-0.25,-0.35,0.95
6.0480382442474365,74.0,150.0,220.0,161.0,45.0,-15.0,-70.0,30.0,-219.0,-41.26,12.9,172.89,-49.62,9.46,2.62,-0.27,-0.34,0.89
6.084967613220215,39.0,109.0,181.0,201.0,66.0,11.0,-117.0,-24.0,-270.0,-41.7,12.9,172.82,-56.46,8.12,3.6,-0.23,-0.42,0.89
6.121711015701294,96.0,121.0,206.0,203.0,67.0,93.0,-40.0,-8.0,-237.0,-42.16,12.77,172.75,-63.84,9.52,5.37,-0.22,-0.45,0.88
6.158757209777832,116.0,82.0,230.0,144.0,-2.0,-85.0,-15.0,-59.0,-205.0,-42.65,12.69,172.79,-68.73,10.62,5.55,-0.22,-0.41,0.88
6.195464372634888,146.0,0.0,250.0,65.0,-68.0,-152.0,24.0,-171.0,-178.0,-43.02,12.65,173.27,-74.22,11.05,4.7,-0.26,-0.31,0.97
6.232285022735596,160.0,240.0,73.0,-3.0,28.0,114.0,43.0,-192.0,-72.0,-43.21,12.6,174.45,-82.95,14.1,0.49,-0.32,-0.21,1.05
6.265107154846191,175.0,62.0,67.0,-61.0,11.0,105.0,64.0,-87.0,-79.0,-43.37,12.81,175.98,-86.79,12.7,-7.26,-0.32,-0.28,1.04
6.302167892456055,119.0,93.0,111.0,-153.0,-17.0,14.0,-10.0,-45.0,-21.0,-43.4,12.94,176.99,-91.19,10.19,-15.38,-0.3,-0.34,1.04
6.338923454284668,140.0,55.0,94.0,-272.0,-104.0,-69.0,17.0,-96.0,-43.0,-43.4,13.12,177.91,-98.51,10.8,-15.93,-0.41,-0.5,1.08
6.37978458404541,182.0,24.0,40.0,-294.0,-110.0,-79.0,72.0,-137.0,-115.0,-43.41,13.39,178.91,-111.33,12.51,-14.16,-0.5,-0.59,1.09
6.416753768920898,134.0,30.0,43.0,-311.0,-119.0,28.0,8.0,-129.0,-111.0,-43.53,13.87,-179.78,-121.09,14.83,-10.8,-0.68,-0.62,1.12
6.453551769256592,130.0,38.0,27.0,-310.0,-110.0,78.0,3.0,-118.0,-133.0,-43.51,14.38,-178.05,-134.89,26.61,-19.29,-0.81,-0.49,1.27
6.490468502044678,109.0,57.0,29.0,-327.0,-97.0,76.0,-23.0,-93.0,-131.0,-43.37,14.41,-175.93,-141.48,39.31,-11.17,-0.67,-0.37,1.39
6.531297445297241,67.0,88.0,216.0,-314.0,-53.0,-18.0,-79.0,-51.0,-223.0,-44.98,14.76,-174.01,-157.41,17.76,84.66,-0.4,-0.24,1.14
6.5642266273498535,58.0,166.0,6.0,-230.0,40.0,192.0,-91.0,51.0,-161.0,-46.47,14.3,-172.35,-124.82,3.78,30.27,-0.19,0.04,1.01
6.6010212898254395,84.0,252.0,246.0,-65.0,61.0,95.0,-56.0,166.0,-183.0,-45.86,14.45,-169.98,-69.34,-30.76,-33.08,-0.13,0.35,1.05
6.707553148269653,80.0,150.0,205.0,75.0,34.0,-117.0,-63.0,30.0,-238.0,-40.25,10.6,174.84,-83.86,11.35,-3.54,-0.28,-0.33,1.03
6.744409799575806,195.0,10.0,25.0,118.0,36.0,-114.0,91.0,-156.0,-136.0,-40.23,10.61,175.79,-91.13,10.8,-4.09,-0.31,-0.35,1.06
6.822160720825195,111.0,104.0,253.0,70.0,30.0,34.0,-20.0,-31.0,-174.0,-40.25,10.6,174.84,-83.86,11.35,-3.54,-0.28,-0.33,1.03
6.854959011077881,129.0,92.0,247.0,34.0,31.0,-37.0,3.0,-47.0,-183.0,-40.23,10.61,175.79,-91.13,10.8,-4.09,-0.31,-0.35,1.06
6.891745567321777,123.0,90.0,239.0,35.0,34.0,41.0,-5.0,-49.0,-193.0,-40.21,10.77,176.87,-100.4,12.39,-4.21,-0.36,-0.4,1.07
6.924496173858643,120.0,133.0,241.0,47.0,11.0,18.0,-8.0,8.0,-190.0,-40.41,11.11,178.08,-112.85,16.72,0.79,-0.52,-0.52,1.12
6.957348108291626,108.0,92.0,252.0,39.0,10.0,-2.0,-24.0,-47.0,-175.0,-40.55,11.46,179.36,-119.2,19.35,-4.27,-0.73,-0.67,1.22
6.994186639785767,109.0,111.0,249.0,55.0,7.0,30.0,-24.0,-21.0,-179.0,-40.54,11.95,-178.99,-131.47,28.56,-15.63,-1.01,-0.62,1.34
7.026977300643921,118.0,131.0,255.0,48.0,9.0,11.0,-11.0,5.0,-172.0,-40.27,12.26,-176.96,-141.05,31.98,-4.21,-0.84,-0.43,1.26
7.063822031021118,107.0,102.0,255.0,56.0,13.0,10.0,-26.0,-33.0,-171.0,-41.58,12.88,-174.9,-161.99,4.94,64.09,-0.34,-0.39,1.12
7.100682973861694,107.0,109.0,253.0,62.0,11.0,12.0,-26.0,-23.0,-175.0,-42.05,12.47,-173.22,-125.67,-1.83,-12.51,-0.06,-0.27,1.04
7.133554697036743,112.0,105.0,250.0,59.0,9.0,1.0,-20.0,-29.0,-178.0,-40.29,12.07,-171.51,-64.15,-14.65,-91.74,-0.19,0.18,1.13
7.1703362464904785,105.0,113.0,252.0,68.0,17.0,13.0,-29.0,-18.0,-176.0,-37.64,10.88,-169.55,-31.98,-20.51,-110.6,0.51,0.71,1.24
7.20311975479126,110.0,131.0,248.0,84.0,18.0,6.0,-22.0,4.0,-181.0,-35.96,9.41,-168.01,-7.02,7.45,-26.73,0.41,0.94,1.15
7.240018367767334,112.0,114.0,247.0,96.0,13.0,-16.0,-20.0,-18.0,-183.0,-36.4,8.72,-166.86,10.13,4.27,45.1,0.1,1.1,1.06
7.276967763900757,122.0,105.0,240.0,112.0,15.0,-14.0,-6.0,-29.0,-191.0,-37.07,8.7,-166.32,30.27,-27.47,42.54,0.34,0.7,0.6
7.313814878463745,110.0,98.0,236.0,129.0,25.0,-1.0,-22.0,-38.0,-197.0,-37.64,8.31,-166.52,66.96,-11.29,31.98,0.16,0.44,0.37
7.350538969039917,85.0,139.0,221.0,150.0,43.0,15.0,-56.0,15.0,-217.0,-38.18,8.11,-167.52,107.54,-11.29,38.21,0.11,0.49,0.28
7.383313179016113,58.0,131.0,198.0,174.0,43.0,0.0,-92.0,4.0,-248.0,-38.7,8.31,-169.85,159.97,-23.44,34.79,0.15,0.63,0.33
7.42015266418457,62.0,114.0,168.0,194.0,55.0,26.0,-86.0,-16.0,-287.0,-39.09,8.82,-172.64,187.56,-37.11,33.81,0.06,0.67,0.61
7.4569573402404785,104.0,132.0,222.0,186.0,38.0,27.0,-30.0,7.0,-215.0,-39.79,9.65,-175.7,198.97,-55.48,57.01,0.02,0.65,0.67
7.493844747543335,146.0,36.0,255.0,115.0,0.0,-137.0,24.0,-121.0,-172.0,-41.01,10.63,-179.02,206.79,-55.79,70.86,-0.07,0.51,0.61
7.5306782722473145,12.0,178.0,63.0,22.0,-28.0,-66.0,187.0,-274.0,-85.0,-42.56,12.03,177.14,226.56,-57.13,74.22,-0.12,0.39,0.53
7.563544750213623,151.0,7.0,69.0,-35.0,-13.0,100.0,31.0,-159.0,-76.0,-43.52,13.21,173.11,242.0,-43.15,44.74,-0.18,0.27,0.68
7.5963451862335205,159.0,94.0,88.0,-108.0,9.0,68.0,43.0,-44.0,-51.0,-43.71,14.02,168.8,257.2,-39.12,-9.34,-0.19,0.2,0.85
7.633123159408569,152.0,78.0,134.0,-208.0,-41.0,-45.0,33.0,-65.0,8.0,-42.84,14.93,164.51,263.24,-35.64,-37.84,-0.24,0.22,1.0
7.670032739639282,174.0,4.0,66.0,-278.0,-130.0,-84.0,62.0,-164.0,-80.0,-42.22,16.28,160.26,251.04,-54.2,-22.22,-0.33,0.07,1.03
7.706921815872192,141.0,21.0,56.0,-287.0,-97.0,41.0,18.0,-141.0,-95.0,-42.53,17.95,155.44,235.6,-62.99,11.17,-0.55,-0.23,1.18
7.743755578994751,127.0,28.0,49.0,-294.0,-99.0,117.0,0.0,-132.0,-104.0,-43.35,19.35,150.86,207.52,-44.19,10.68,-0.57,-0.34,0.91
7.7806127071380615,107.0,80.0,11.0,-318.0,-85.0,55.0,-27.0,-63.0,-154.0,-44.09,20.96,146.28,155.27,-8.36,8.85,-0.61,-0.69,0.57
7.817476987838745,76.0,87.0,14.0,-327.0,-47.0,24.0,-68.0,-53.0,-150.0,-45.13,20.98,142.08,83.86,14.4,36.99,-0.41,-1.2,0.54
7.858360767364502,135.0,76.0,223.0,-305.0,-55.0,-31.0,10.0,-68.0,-214.0,-46.43,19.47,139.61,21.18,21.85,51.09,-0.19,-1.26,0.65
7.8952717781066895,40.0,172.0,251.0,-214.0,28.0,139.0,-115.0,60.0,-177.0,-47.54,17.57,138.63,-42.66,36.01,34.0,-0.27,-0.73,0.7
7.932229518890381,80.0,224.0,241.0,-55.0,26.0,47.0,-63.0,129.0,-190.0,-46.95,17.06,141.18,-82.46,46.08,7.26,-0.54,-0.39,0.91
7.96504020690918,108.0,133.0,248.0,94.0,27.0,-10.0,-25.0,7.0,-181.0,-45.64,16.9,144.67,-88.01,60.97,-19.41,-0.69,-0.0,0.91
8.005809783935547,40.0,166.0,244.0,143.0,26.0,-34.0,-116.0,51.0,-186.0,-44.44,17.46,147.46,-60.36,38.7,-28.93,-0.6,-0.59,0.82
8.042686939239502,58.0,158.0,224.0,60.0,-32.0,-183.0,-92.0,40.0,-212.0,-41.87,18.94,147.76,-22.28,54.2,-155.82,-0.69,-0.99,1.31
8.07963490486145,157.0,44.0,232.0,66.0,-47.0,-291.0,39.0,-110.0,-202.0,-37.65,19.21,150.84,-40.28,73.97,-135.31,-0.19,0.25,1.61
8.116462469100952,132.0,237.0,38.0,121.0,83.0,-17.0,6.0,-196.0,-118.0,-34.27,18.11,155.05,-76.78,84.29,-39.31,-0.25,0.77,1.12
8.153367280960083,115.0,92.0,247.0,87.0,113.0,124.0,-15.0,-46.0,-182.0,-33.54,16.55,158.74,-95.09,60.85,25.21,-0.01,0.58,0.83
8.190179824829102,106.0,128.0,237.0,50.0,43.0,-21.0,-28.0,0.0,-196.0,-33.82,14.92,161.71,-66.16,19.78,34.79,0.07,-0.12,0.95
8.226993799209595,106.0,69.0,242.0,40.0,26.0,-25.0,-27.0,-77.0,-188.0,-34.3,13.65,162.39,-43.58,20.14,14.34,-0.11,-0.43,1.0
8.259803056716919,124.0,88.0,247.0,62.0,18.0,18.0,-4.0,-52.0,-183.0,-33.8,12.65,163.76,-34.67,36.74,-9.46,-0.19,0.04,1.09
8.29680323600769,95.0,114.0,249.0,48.0,28.0,36.0,-43.0,-16.0,-179.0,-33.41,11.72,165.82,-37.23,26.79,8.97,-0.17,0.06,1.11
8.329673290252686,115.0,110.0,250.0,38.0,12.0,-4.0,-15.0,-22.0,-179.0,-33.93,11.09,167.35,-36.68,1.22,43.76,-0.22,-0.24,1.02
8.366276025772095,127.0,90.0,253.0,48.0,12.0,26.0,0.0,-49.0,-174.0,-34.94,10.57,167.16,-35.64,1.1,31.01,-0.12,-0.45,0.96
8.399138927459717,111.0,125.0,245.0,48.0,15.0,32.0,-21.0,-3.0,-184.0,-35.31,9.98,166.96,-27.65,10.5,6.84,-0.12,-0.31,0.61
8.431773900985718,108.0,118.0,1.0,53.0,11.0,3.0,-25.0,-12.0,-168.0,-35.44,9.86,167.98,-33.14,6.65,12.76,-0.21,-0.07,1.02
8.468637704849243,116.0,115.0,248.0,59.0,16.0,12.0,-14.0,-16.0,-181.0,-35.88,9.72,169.21,-37.96,0.0,37.66,-0.16,-0.08,0.99
8.505466938018799,123.0,108.0,250.0,68.0,20.0,17.0,-5.0,-24.0,-178.0,-36.84,9.51,169.76,-40.47,-6.04,46.14,-0.14,-0.27,0.92
8.538236618041992,119.0,109.0,0.0,76.0,23.0,17.0,-10.0,-23.0,-169.0,-38.03,9.5,169.27,-40.1,-3.11,32.04,-0.19,-0.48,0.86
8.57513165473938,111.0,112.0,247.0,89.0,10.0,-10.0,-21.0,-19.0,-182.0,-38.52,9.59,168.78,-37.6,3.36,10.38,-0.23,-0.43,0.87
8.61201810836792,111.0,89.0,234.0,104.0,12.0,-9.0,-21.0,-50.0,-200.0,-38.78,9.76,168.85,-39.92,6.1,8.36,-0.23,-0.26,0.88
8.648818731307983,111.0,92.0,232.0,115.0,1.0,-6.0,-21.0,-46.0,-202.0,-38.96,9.89,169.74,-39.86,3.85,12.02,-0.23,-0.16,0.96
8.6856689453125,96.0,153.0,221.0,136.0,19.0,-3.0,-41.0,35.0,-217.0,-39.08,9.92,170.5,-42.3,6.53,8.06,-0.21,-0.21,0.99
8.718517065048218,87.0,137.0,210.0,167.0,33.0,-10.0,-53.0,13.0,-232.0,-39.21,10.01,171.19,-46.26,8.18,3.3,-0.27,-0.26,0.92
8.755366325378418,27.0,97.0,181.0,194.0,58.0,19.0,-133.0,-39.0,-270.0,-39.3,10.16,171.28,-47.12,12.94,-0.55,-0.25,-0.3,0.93
8.792212724685669,106.0,141.0,223.0,211.0,79.0,138.0,-27.0,19.0,-214.0,-39.3,10.09,171.8,-54.02,13.85,0.67,-0.2,-0.23,0.95
8.829044103622437,154.0,84.0,1.0,140.0,15.0,-86.0,35.0,-57.0,-167.0,-39.4,9.83,172.44,-59.2,8.97,6.16,-0.19,-0.32,0.96
8.86594009399414,150.0,240.0,10.0,51.0,-85.0,-147.0,30.0,-191.0,-156.0,-39.71,9.53,172.8,-62.56,7.81,13.31,-0.18,-0.36,0.93
8.90279769897461,132.0,240.0,80.0,-23.0,53.0,176.0,6.0,-192.0,-63.0,-40.07,9.47,173.19,-66.89,9.34,12.39,-0.24,-0.31,0.95
8.935557126998901,154.0,90.0,68.0,-87.0,33.0,100.0,36.0,-50.0,-78.0,-40.33,9.59,173.98,-75.32,10.13,5.25,-0.27,-0.3,1.0
8.976475238800049,107.0,109.0,119.0,-199.0,-5.0,-62.0,-27.0,-23.0,-11.0,-40.37,9.63,174.83,-80.87,9.58,-3.48,-0.27,-0.36,1.02
9.013366460800171,135.0,26.0,65.0,-302.0,-113.0,-124.0,10.0,-134.0,-83.0,-40.36,9.76,175.51,-87.89,10.56,-3.6,-0.3,-0.42,1.06
9.050201892852783,153.0,8.0,54.0,-308.0,-73.0,9.0,34.0,-158.0,-97.0,-40.46,9.98,176.38,-101.01,11.35,0.98,-0.43,-0.52,1.08
9.087095975875854,131.0,252.0,47.0,-298.0,-94.0,124.0,5.0,-176.0,-106.0,-40.65,10.35,177.42,-113.95,12.51,3.36,-0.57,-0.67,1.06
9.123998165130615,117.0,57.0,35.0,-310.0,-86.0,157.0,-12.0,-92.0,-122.0,-41.05,10.93,179.02,-129.27,15.26,8.54,-0.81,-0.7,1.15
9.164889097213745,85.0,114.0,12.0,-327.0,-66.0,80.0,-55.0,-17.0,-153.0,-41.43,11.58,-178.98,-148.99,25.09,6.77,-1.06,-0.57,1.3
9.201764345169067,71.0,83.0,208.0,-298.0,-64.0,-2.0,-74.0,-58.0,-234.0,-41.48,11.96,-176.49,-155.4,38.82,7.39,-0.73,-0.32,1.37
9.238609313964844,27.0,181.0,1.0,-202.0,-17.0,36.0,-133.0,72.0,-167.0,-43.01,12.09,-174.17,-174.99,-2.2,91.43,-0.21,-0.31,1.24
9.271401166915894,77.0,250.0,240.0,5.0,12.0,21.0,-67.0,163.0,-192.0,-44.35,12.18,-172.38,-137.82,-20.51,25.39,-0.14,-0.21,1.13
9.308250188827515,91.0,133.0,245.0,109.0,34.0,-60.0,-47.0,8.0,-185.0,-42.68,12.05,-170.55,-86.79,-28.02,-86.18,0.03,0.23,1.19
9.341065168380737,112.0,61.0,17.0,144.0,85.0,-33.0,-20.0,-88.0,-146.0,-40.13,10.82,-168.24,-48.52,-9.52,-80.63,0.49,0.77,1.19
9.377926349639893,90.0,175.0,206.0,64.0,60.0,-99.0,-49.0,63.0,-237.0,-39.57,9.08,-166.4,-17.09,28.14,13.18,0.24,1.05,1.15
9.414756298065186,132.0,40.0,252.0,95.0,32.0,-148.0,6.0,-115.0,-175.0,-40.39,8.4,-165.19,4.03,5.07,53.34,0.17,1.0,0.87
9.45161747932434,136.0,205.0,35.0,145.0,81.0,41.0,11.0,-238.0,-122.0,-41.38,8.12,-164.82,36.5,-10.13,59.14,0.19,0.55,0.43
9.484397649765015,116.0,132.0,250.0,75.0,33.0,24.0,-15.0,6.0,-178.0,-42.09,7.82,-165.22,89.11,-7.08,29.54,0.11,0.51,0.39
9.521281957626343,121.0,101.0,236.0,40.0,23.0,-74.0,-7.0,-34.0,-196.0,-42.13,7.48,-166.9,133.18,-12.45,7.32,0.24,0.64,0.29
9.558129787445068,119.0,35.0,242.0,45.0,14.0,11.0,-10.0,-122.0,-188.0,-41.9,7.33,-169.32,174.68,-19.71,0.85,0.15,0.66,0.42
9.59496021270752,109.0,126.0,253.0,31.0,15.0,16.0,-24.0,-1.0,-174.0,-41.55,7.41,-172.23,197.14,-32.35,0.24,0.1,0.6,0.6
9.631816148757935,119.0,111.0,252.0,27.0,10.0,-21.0,-11.0,-21.0,-176.0,-41.38,7.68,-175.37,208.92,-37.48,11.84,0.06,0.61,0.66
9.664618015289307,112.0,107.0,2.0,51.0,16.0,25.0,-19.0,-27.0,-167.0,-41.61,8.28,-178.75,219.67,-40.77,22.77,-0.05,0.54,0.58
9.701447486877441,112.0,135.0,252.0,51.0,16.0,15.0,-20.0,10.0,-176.0,-41.98,9.3,177.51,243.29,-52.19,22.22,-0.07,0.52,0.59
9.734273433685303,108.0,115.0,255.0,62.0,16.0,4.0,-24.0,-16.0,-171.0,-42.06,10.66,173.0,262.39,-55.42,5.31,-0.15,0.48,0.73
9.771108388900757,107.0,100.0,250.0,69.0,27.0,21.0,-26.0,-35.0,-178.0,-41.85,11.97,168.62,267.33,-66.59,-5.49,-0.08,0.45,0.92
9.807951211929321,113.0,112.0,254.0,62.0,18.0,0.0,-18.0,-20.0,-173.0,-42.12,13.5,164.19,262.7,-78.49,8.79,-0.19,0.33,0.98
9.84074854850769,114.0,111.0,0.0,74.0,18.0,-7.0,-16.0,-21.0,-170.0,-42.71,15.41,159.66,251.4,-72.45,7.57,-0.49,-0.12,0.95
9.877593517303467,111.0,104.0,249.0,85.0,23.0,0.0,-21.0,-30.0,-180.0,-43.61,17.87,153.78,252.99,-60.42,-7.81,-0.68,-0.45,1.09
9.91039514541626,110.0,108.0,246.0,88.0,37.0,8.0,-22.0,-25.0,-183.0,-43.74,20.16,149.12,217.59,-36.19,-44.86,-0.61,-0.34,0.89
9.951321363449097,114.0,112.0,245.0,104.0,21.0,-17.0,-17.0,-19.0,-185.0,-44.01,22.09,144.45,158.81,-11.47,-10.07,-0.61,-0.78,0.56
9.988291263580322,110.0,110.0,230.0,125.0,20.0,-17.0,-22.0,-22.0,-204.0,-45.12,22.16,140.34,72.81,10.86,42.66,-0.35,-1.07,0.53
10.02503490447998,85.0,135.0,218.0,153.0,42.0,5.0,-56.0,11.0,-221.0,-46.95,20.31,138.12,3.48,12.88,67.32,-0.25,-1.1,0.67
10.061903715133667,65.0,124.0,178.0,169.0,42.0,-32.0,-82.0,-3.0,-274.0,-48.56,18.65,137.48,-55.36,23.68,43.76,-0.33,-0.77,0.72
10.094700813293457,65.0,78.0,157.0,206.0,67.0,65.0,-82.0,-65.0,-302.0,-48.61,18.21,139.93,-91.86,39.12,27.77,-0.54,-0.42,0.83
10.131547689437866,102.0,133.0,212.0,181.0,42.0,83.0,-32.0,7.0,-229.0,-47.54,17.99,143.65,-92.71,60.0,-21.55,-0.62,-0.11,0.92
10.168399810791016,115.0,26.0,255.0,97.0,13.0,-89.0,-16.0,-134.0,-172.0,-45.79,18.46,146.52,-55.36,43.09,-60.42,-0.62,-0.6,0.88
10.201207399368286,219.0,198.0,76.0,4.0,30.0,71.0,122.0,-248.0,-68.0,-43.37,19.57,147.27,-21.06,62.87,-157.47,-0.73,-0.82,1.38
10.237991571426392,200.0,11.0,75.0,-62.0,-8.0,87.0,97.0,-154.0,-69.0,-38.9,19.83,150.71,-42.85,75.32,-152.47,0.0,0.46,1.32
10.27487564086914,118.0,106.0,101.0,-133.0,30.0,52.0,-12.0,-28.0,-34.0,-35.54,18.71,154.88,-78.55,73.3,-31.37,-0.14,0.61,0.98
10.307684898376465,130.0,58.0,129.0,-256.0,-64.0,-76.0,4.0,-91.0,2.0,-34.9,17.49,158.36,-81.85,45.1,18.01,-0.13,0.46,0.88
10.34860610961914,166.0,22.0,59.0,-299.0,-126.0,-85.0,52.0,-140.0,-91.0,-34.62,16.34,161.42,-59.75,29.36,-1.04,-0.07,-0.06,1.05
10.385489225387573,114.0,51.0,50.0,-313.0,-93.0,31.0,-17.0,-100.0,-102.0,-34.32,15.41,162.93,-41.14,27.1,-6.53,-0.13,-0.24,0.94
10.422381162643433,129.0,28.0,40.0,-310.0,-124.0,82.0,2.0,-132.0,-116.0,-33.74,14.56,164.42,-34.24,33.69,-15.26,-0.17,-0.03,1.02
10.459243059158325,100.0,57.0,7.0,-327.0,-116.0,66.0,-36.0,-92.0,-159.0,-33.28,13.67,166.21,-33.45,27.53,-0.37,-0.13,-0.02,1.09
10.500147581100464,71.0,119.0,243.0,-327.0,-67.0,28.0,-74.0,-11.0,-187.0,-33.61,12.89,167.47,-36.99,10.62,36.32,-0.14,-0.18,1.02
10.53700852394104,111.0,73.0,11.0,-259.0,-37.0,45.0,-21.0,-71.0,-155.0,-34.57,12.36,167.85,-37.11,6.47,30.82,-0.16,-0.38,0.9
10.573866844177246,106.0,188.0,23.0,-111.0,18.0,92.0,-27.0,80.0,-139.0,-35.12,12.19,167.71,-28.99,1.53,9.03,-0.17,-0.35,0.94
10.606661558151245,89.0,216.0,244.0,52.0,26.0,3.0,-50.0,118.0,-187.0,-35.38,12.09,168.37,-33.69,-2.56,8.3,-0.19,-0.21,1.0
10.643502712249756,95.0,106.0,2.0,139.0,34.0,-72.0,-42.0,-28.0,-166.0,-35.58,11.99,169.36,-35.34,0.55,11.78,-0.21,-0.13,0.95
10.676349878311157,85.0,104.0,5.0,108.0,85.0,-29.0,-56.0,-31.0,-162.0,-36.19,12.0,170.03,-38.76,-3.78,28.08,-0.22,-0.23,0.9
10.71315312385559,58.0,145.0,187.0,68.0,79.0,-124.0,-92.0,23.0,-262.0,-37.06,12.18,169.88,-42.66,-5.62,26.37,-0.19,-0.48,0.83
10.750019311904907,97.0,33.0,9.0,110.0,37.0,-122.0,-40.0,-125.0,-157.0,-37.76,12.22,169.36,-41.32,4.64,7.14,-0.25,-0.44,0.86
10.78695034980774,121.0,243.0,22.0,125.0,69.0,15.0,-8.0,-188.0,-140.0,-37.92,12.25,169.53,-39.86,8.06,-4.46,-0.26,-0.26,0.89
10.823716163635254,118.0,116.0,251.0,66.0,49.0,35.0,-11.0,-14.0,-177.0,-37.84,12.27,170.53,-40.95,9.03,-1.46,-0.26,-0.14,0.97
10.860566139221191,114.0,89.0,239.0,37.0,48.0,-18.0,-17.0,-50.0,-193.0,-37.92,12.3,171.48,-44.43,6.9,5.0,-0.28,-0.22,0.94
10.893366575241089,123.0,82.0,248.0,54.0,24.0,28.0,-5.0,-59.0,-180.0,-38.13,12.36,171.99,-48.95,6.1,0.06,-0.25,-0.32,0.89
10.930340051651001,115.0,115.0,248.0,44.0,23.0,17.0,-16.0,-16.0,-181.0,-38.34,12.26,172.14,-52.73,10.56,-2.56,-0.21,-0.33,0.91
10.963014364242554,109.0,99.0,249.0,45.0,17.0,2.0,-23.0,-37.0,-180.0,-38.46,12.08,172.69,-59.14,10.13,0.12,-0.21,-0.3,0.94
10.99986743927002,118.0,116.0,253.0,47.0,14.0,14.0,-11.0,-14.0,-174.0,-38.82,11.99,173.27,-66.41,5.74,10.44,-0.23,-0.38,0.88
11.036713361740112,117.0,115.0,252.0,50.0,12.0,5.0,-13.0,-16.0,-176.0,-39.51,12.1,173.52,-72.75,2.38,20.32,-0.27,-0.43,0.89
11.069525003433228,105.0,115.0,254.0,56.0,16.0,9.0,-29.0,-15.0,-172.0,-40.03,12.28,173.97,-77.15,2.69,7.93,-0.31,-0.38,1.0
11.106380462646484,105.0,115.0,249.0,61.0,15.0,4.0,-29.0,-16.0,-179.0,-40.12,12.48,174.86,-84.29,3.17,-8.36,-0.34,-0.34,1.04
11.143178224563599,112.0,111.0,254.0,66.0,15.0,1.0,-20.0,-22.0,-173.0,-40.06,12.85,176.03,-88.44,3.42,-11.47,-0.34,-0.34,1.07
11.17600131034851,113.0,119.0,250.0,74.0,12.0,0.0,-18.0,-10.0,-178.0,-40.05,13.01,177.15,-99.18,3.17,-8.54,-0.38,-0.43,1.11
11.212830066680908,111.0,116.0,250.0,96.0,23.0,7.0,-21.0,-14.0,-178.0,-40.16,13.43,178.17,-109.99,3.85,-7.57,-0.49,-0.64,1.05
11.249666452407837,88.0,117.0,243.0,100.0,43.0,5.0,-52.0,-12.0,-188.0,-40.27,13.87,179.38,-123.23,11.29,-10.19,-0.6,-0.67,1.05
11.286556959152222,113.0,107.0,239.0,116.0,33.0,-11.0,-19.0,-26.0,-192.0,-40.31,14.28,-178.91,-136.54,25.33,-10.19,-0.79,-0.55,1.16
11.323453903198242,104.0,106.0,224.0,135.0,30.0,-15.0,-30.0,-27.0,-212.0,-40.32,14.43,-176.57,-145.81,56.09,-14.65,-0.84,-0.24,1.34
11.360297679901123,83.0,144.0,205.0,159.0,36.0,-25.0,-59.0,22.0,-239.0,-40.93,14.28,-174.04,-158.33,45.29,37.41,-0.46,-0.16,1.3
11.40125322341919,33.0,113.0,153.0,172.0,58.0,-18.0,-125.0,-18.0,-307.0,-42.79,13.63,-171.79,-147.28,11.41,65.92,0.03,-0.09,1.13
11.438136577606201,110.0,144.0,220.0,207.0,86.0,125.0,-23.0,23.0,-218.0,-43.47,13.47,-169.67,-102.17,-2.08,15.32,-0.33,0.24,0.92
11.470902681350708,149.0,72.0,237.0,147.0,9.0,-94.0,29.0,-73.0,-196.0,-42.27,12.93,-167.52,-48.95,-25.76,-64.82,0.42,0.57,1.11
11.511821985244751,137.0,233.0,24.0,51.0,-76.0,-119.0,12.0,-201.0,-137.0,-41.69,11.39,-165.94,-35.28,11.29,12.15,0.23,0.85,1.14
11.548665046691895,101.0,251.0,65.0,-34.0,1.0,172.0,-34.0,-176.0,-82.0,-43.29,10.65,-164.49,-1.83,23.5,88.75,0.02,1.12,0.98
11.58146357536316,137.0,88.0,80.0,-98.0,27.0,95.0,13.0,-52.0,-63.0,-45.03,10.78,-163.84,29.48,-7.08,94.18,0.03,0.64,0.53
11.61427927017212,126.0,81.0,126.0,-199.0,-11.0,-51.0,0.0,-60.0,-1.0,-46.31,11.0,-164.07,79.47,-6.1,55.66,0.08,0.48,0.41
11.655203104019165,149.0,27.0,86.0,-291.0,-106.0,-63.0,28.0,-133.0,-54.0,-46.59,10.14,-165.29,114.2,18.8,14.77,0.1,0.45,0.23
11.692080020904541,173.0,29.0,57.0,-319.0,-96.0,-25.0,61.0,-130.0,-93.0,-46.27,9.29,-167.43,156.49,20.87,-16.11,0.09,0.62,0.3
11.728959798812866,132.0,251.0,48.0,-313.0,-104.0,79.0,7.0,-177.0,-104.0,-45.42,8.37,-170.11,196.47,13.06,-33.08,0.03,0.62,0.51
11.769860744476318,117.0,57.0,36.0,-315.0,-86.0,175.0,-13.0,-93.0,-121.0,-44.39,7.84,-173.39,217.83,-5.92,-28.63,-0.0,0.55,0.74
11.806706428527832,91.0,125.0,10.0,-327.0,-57.0,97.0,-47.0,-2.0,-156.0,-43.87,7.92,-176.72,223.27,-17.21,-8.36,-0.05,0.56,0.72
11.84362268447876,50.0,94.0,179.0,-317.0,-73.0,-36.0,-103.0,-43.0,-272.0,-43.9,8.69,179.67,230.65,-30.94,10.93,-0.16,0.63,0.67
11.880521059036255,79.0,158.0,34.0,-157.0,-14.0,55.0,-63.0,41.0,-124.0,-44.08,9.9,175.8,244.02,-50.84,15.44,-0.18,0.56,0.76
11.917325019836426,104.0,15.0,236.0,47.0,23.0,13.0,-30.0,192.0,-197.0,-44.82,11.43,171.78,243.16,-67.44,37.23,-0.18,0.46,0.86
11.95427393913269,145.0,131.0,207.0,142.0,65.0,-114.0,24.0,5.0,-235.0,-45.85,13.18,167.43,249.45,-68.24,30.21,-0.27,0.37,0.82
11.986998796463013,13.0,127.0,250.0,85.0,75.0,-74.0,-151.0,0.0,-178.0,-46.15,15.12,163.06,253.48,-58.96,-7.32,-0.49,0.13,0.97
12.02382493019104,9.0,139.0,144.0,51.0,22.0,-208.0,-158.0,15.0,-320.0,-45.88,17.46,158.7,244.38,-68.54,-34.42,-0.47,-0.12,1.14
12.060704469680786,113.0,9.0,24.0,114.0,21.0,-114.0,-19.0,-157.0,-137.0,-46.64,19.6,154.05,227.78,-61.34,10.74,-0.55,-0.42,0.96
12.097553730010986,157.0,26.0,16.0,126.0,101.0,81.0,39.0,-135.0,-147.0,-48.25,21.36,149.2,169.92,-17.4,42.6,-0.65,-0.44,0.62
12.134399890899658,124.0,122.0,246.0,58.0,75.0,27.0,-3.0,-6.0,-183.0,-49.94,21.76,144.93,111.51,2.08,50.72,-0.46,-1.06,0.41
12.167200326919556,114.0,79.0,247.0,31.0,64.0,-16.0,-17.0,-63.0,-182.0,-51.93,20.6,141.63,31.74,10.93,53.96,-0.31,-1.91,0.5
12.204074382781982,114.0,107.0,244.0,52.0,25.0,-4.0,-17.0,-26.0,-186.0,-53.05,19.46,140.28,-17.94,20.08,28.08,-0.18,-1.04,0.57
12.240937232971191,116.0,104.0,248.0,47.0,15.0,-28.0,-14.0,-30.0,-181.0,-53.16,18.48,141.25,-80.93,37.78,-20.08,-0.34,-0.84,0.81
12.277742624282837,114.0,91.0,1.0,49.0,12.0,-2.0,-17.0,-48.0,-168.0,-51.81,18.64,144.86,-99.55,55.42,-29.85,-0.78,0.19,0.91
12.310551166534424,120.0,116.0,251.0,48.0,15.0,6.0,-9.0,-15.0,-177.0,-51.05,18.68,148.37,-70.37,31.68,-23.74,-0.58,-0.31,0.96
12.347384929656982,113.0,104.0,252.0,51.0,17.0,12.0,-18.0,-31.0,-176.0,-49.67,20.15,149.12,-29.48,27.95,-117.86,-0.51,-0.94,1.44
12.384217500686646,108.0,112.0,251.0,59.0,13.0,15.0,-25.0,-20.0,-177.0,-46.32,20.28,152.37,-51.33,59.63,-115.72,-0.26,0.09,1.4
12.417010068893433,117.0,130.0,248.0,59.0,14.0,0.0,-13.0,4.0,-181.0,-43.45,19.39,156.42,-75.68,81.91,-63.78,-0.25,0.93,1.04
12.44980788230896,121.0,107.0,252.0,71.0,17.0,4.0,-8.0,-26.0,-176.0,-41.78,18.32,160.29,-88.38,57.13,-21.91,-0.19,0.74,0.85
12.486613035202026,108.0,116.0,244.0,80.0,5.0,0.0,-24.0,-14.0,-186.0,-40.89,17.3,163.54,-66.35,31.98,-18.62,0.0,-0.12,0.97
12.519419193267822,90.0,123.0,245.0,101.0,21.0,10.0,-49.0,-4.0,-185.0,-40.62,15.8,164.93,-41.63,27.95,-7.2,0.06,-0.33,1.07
12.556302547454834,103.0,140.0,236.0,116.0,13.0,-26.0,-32.0,17.0,-197.0,-40.58,14.31,166.61,-39.49,35.1,9.83,-0.15,0.0,1.06
12.5931715965271,120.0,100.0,233.0,134.0,17.0,-27.0,-8.0,-36.0,-200.0,-41.05,13.51,168.71,-45.29,24.66,34.61,-0.22,0.08,1.08
12.629973411560059,84.0,132.0,212.0,165.0,40.0,9.0,-57.0,6.0,-229.0,-42.5,13.01,170.08,-49.8,8.18,63.23,-0.17,-0.29,0.98
12.662813901901245,80.0,136.0,192.0,190.0,47.0,-2.0,-62.0,12.0,-256.0,-44.29,12.7,169.86,-44.49,8.73,35.95,-0.14,-0.46,0.91
12.699767112731934,38.0,114.0,139.0,189.0,71.0,78.0,-118.0,-17.0,-326.0,-44.89,12.14,169.54,-34.67,16.24,1.71,-0.15,-0.33,0.93
12.736624956130981,123.0,103.0,234.0,183.0,85.0,87.0,-5.0,-32.0,-199.0,-45.02,11.73,170.35,-33.69,12.45,-1.83,-0.17,-0.08,0.96
12.773485898971558,103.0,1.0,251.0,122.0,34.0,-36.0,-31.0,-168.0,-177.0,-45.27,11.76,171.93,-41.69,5.74,16.11,-0.24,-0.1,0.98
12.847075939178467,204.0,41.0,68.0,-49.0,45.0,142.0,102.0,-115.0,-79.0,-47.02,14.11,161.14,-45.35,39.49,1.4,-0.08,-0.24,1.1
12.883951425552368,91.0,121.0,105.0,-149.0,20.0,-25.0,-47.0,-8.0,-29.0,-46.49,13.04,163.58,-47.18,39.25,6.41,-0.23,0.26,1.02
12.920842170715332,149.0,30.0,109.0,-265.0,-73.0,-149.0,29.0,-129.0,-24.0,-46.43,12.41,165.97,-46.26,12.94,35.4,-0.19,0.1,1.04
12.96190071105957,171.0,9.0,50.0,-295.0,-112.0,-62.0,58.0,-157.0,-102.0,-47.42,11.82,166.91,-47.49,-2.5,50.48,-0.19,-0.41,1.05
12.99868655204773,126.0,35.0,42.0,-315.0,-97.0,70.0,0.0,-122.0,-113.0,-48.33,11.32,166.34,-38.39,-0.55,24.05,-0.11,-0.54,0.9
13.035531282424927,138.0,36.0,40.0,-302.0,-103.0,137.0,14.0,-120.0,-116.0,-48.37,10.68,166.38,-33.75,9.64,1.22,-0.13,-0.25,0.9
13.072384357452393,96.0,78.0,23.0,-327.0,-77.0,111.0,-41.0,-65.0,-138.0,-48.25,10.31,167.95,-43.76,5.19,12.94,-0.22,-0.06,0.98
13.113305807113647,61.0,135.0,227.0,-327.0,-94.0,-62.0,-87.0,11.0,-209.0,-48.88,10.55,168.96,-46.26,-10.19,37.84,-0.2,-0.21,0.94
13.150230646133423,90.0,97.0,240.0,-232.0,-11.0,101.0,-49.0,-39.0,-191.0,-49.88,10.74,168.96,-45.04,-9.16,39.0,-0.21,-0.35,0.86
13.187028169631958,70.0,241.0,2.0,-64.0,16.0,49.0,-76.0,152.0,-166.0,-50.65,10.68,168.68,-44.98,1.77,22.09,-0.23,-0.34,0.89
13.219827651977539,122.0,156.0,253.0,81.0,28.0,-43.0,-6.0,38.0,-175.0,-50.8,10.74,168.91,-45.17,4.39,5.43,-0.23,-0.27,0.89
13.25673794746399,42.0,93.0,243.0,165.0,39.0,-18.0,-113.0,-45.0,-187.0,-50.66,10.9,169.72,-44.37,7.02,0.18,-0.22,-0.13,0.92
13.293646812438965,93.0,168.0,232.0,80.0,15.0,-53.0,-45.0,54.0,-203.0,-50.49,10.8,171.04,-44.01,7.69,3.3,-0.24,-0.11,0.99
13.33051061630249,144.0,98.0,208.0,77.0,-53.0,-263.0,22.0,-38.0,-235.0,-50.39,10.74,172.09,-47.55,7.32,4.39,-0.24,-0.15,0.96
13.36729121208191,154.0,192.0,59.0,111.0,69.0,-33.0,36.0,-255.0,-91.0,-50.42,10.91,172.46,-50.48,9.34,3.85,-0.27,-0.27,0.9
13.404221057891846,111.0,66.0,249.0,105.0,78.0,91.0,-21.0,-81.0,-180.0,-50.41,10.86,172.64,-54.63,13.43,-3.17,-0.25,-0.31,0.9
13.44108247756958,103.0,147.0,240.0,41.0,33.0,-25.0,-32.0,26.0,-191.0,-50.27,10.69,172.65,-56.7,11.72,-8.97,-0.21,-0.4,0.92
13.477945566177368,116.0,51.0,242.0,39.0,29.0,-37.0,-14.0,-101.0,-189.0,-50.1,10.44,172.79,-65.37,13.85,-10.93,-0.21,-0.33,0.95
13.514766693115234,121.0,105.0,252.0,55.0,19.0,29.0,-7.0,-28.0,-175.0,-49.95,10.3,173.6,-71.17,11.41,-5.31,-0.25,-0.25,1.04
13.54763650894165,117.0,104.0,253.0,33.0,14.0,-8.0,-13.0,-30.0,-174.0,-49.85,10.41,174.44,-80.38,6.77,-5.62,-0.27,-0.33,1.03
13.584457874298096,114.0,93.0,248.0,47.0,13.0,17.0,-17.0,-44.0,-181.0,-49.7,10.59,175.13,-87.04,1.59,-10.74,-0.27,-0.41,1.05
13.617249727249146,121.0,135.0,253.0,50.0,15.0,35.0,-8.0,10.0,-174.0,-49.44,10.76,175.92,-95.4,0.24,-19.47,-0.3,-0.45,1.09
13.653993129730225,116.0,140.0,247.0,50.0,6.0,6.0,-15.0,17.0,-182.0,-49.18,11.15,176.78,-105.04,1.71,-19.84,-0.39,-0.61,1.06
13.686877250671387,106.0,125.0,253.0,62.0,10.0,-6.0,-27.0,-2.0,-174.0,-48.98,11.63,178.0,-118.65,9.03,-18.19,-0.58,-0.73,1.08
13.723714113235474,105.0,119.0,252.0,71.0,18.0,-2.0,-29.0,-11.0,-176.0,-48.74,12.09,179.68,-133.91,18.43,-18.74,-0.77,-0.71,1.22
13.756511449813843,107.0,117.0,3.0,79.0,34.0,6.0,-27.0,-13.0,-164.0,-48.37,12.26,-178.27,-145.87,44.31,-22.03,-0.85,-0.54,1.46
13.793352603912354,110.0,121.0,249.0,91.0,22.0,-32.0,-22.0,-7.0,-179.0,-49.11,12.43,-176.2,-156.86,30.4,48.34,-0.69,-0.44,1.29
13.83019495010376,111.0,99.0,249.0,109.0,38.0,-12.0,-21.0,-37.0,-179.0,-50.67,12.23,-174.72,-140.69,15.81,43.95,-0.24,-0.16,1.1
13.87107801437378,112.0,106.0,228.0,127.0,21.0,-16.0,-19.0,-27.0,-207.0,-49.97,12.53,-171.75,-87.65,7.93,-46.63,-0.17,0.59,1.21
13.903928995132446,99.0,121.0,220.0,143.0,28.0,-7.0,-37.0,-8.0,-219.0,-48.2,11.49,-168.93,-53.1,-16.72,-49.32,0.35,0.72,1.22
13.940763473510742,63.0,152.0,200.0,179.0,49.0,-1.0,-85.0,33.0,-245.0,-48.38,10.63,-167.37,-24.41,-9.46,45.72,0.21,0.67,1.13
13.977621078491211,50.0,109.0,159.0,215.0,67.0,-6.0,-103.0,-24.0,-300.0,-49.74,10.27,-166.44,9.03,-0.61,74.89,0.07,0.76,0.91
14.014538288116455,96.0,112.0,196.0,234.0,67.0,149.0,-41.0,-19.0,-250.0,-50.56,9.76,-166.09,54.5,0.06,35.34,0.13,0.61,0.59
14.051432132720947,109.0,92.0,248.0,139.0,-9.0,-67.0,-24.0,-47.0,-181.0,-50.42,9.09,-166.7,92.41,11.6,-4.15,0.13,0.67,0.48
14.092302799224854,213.0,198.0,31.0,43.0,-54.0,-162.0,115.0,-248.0,-128.0,-49.63,7.89,-168.1,135.25,22.52,-37.66,0.07,0.67,0.29
14.129152297973633,111.0,28.0,48.0,-14.0,0.0,107.0,-20.0,-132.0,-105.0,-48.38,7.13,-170.67,175.35,4.15,-49.62,0.2,0.71,0.23
14.161943674087524,111.0,99.0,99.0,-126.0,4.0,32.0,-21.0,-37.0,-37.0,-47.54,6.85,-173.9,205.75,-17.4,-15.63,0.09,0.67,0.54
14.198907613754272,148.0,46.0,130.0,-234.0,-60.0,-106.0,27.0,-107.0,4.0,-47.31,7.19,-177.16,213.99,-40.47,8.36,0.1,0.58,0.77
14.239689826965332,165.0,16.0,76.0,-277.0,-127.0,-53.0,50.0,-148.0,-67.0,-47.96,7.82,179.36,212.4,-59.39,57.01,0.05,0.58,0.77
14.272597789764404,133.0,46.0,56.0,-308.0,-84.0,39.0,7.0,-107.0,-94.0,-49.72,9.23,175.56,219.97,-72.14,85.51,-0.08,0.54,0.56
14.30942702293396,128.0,38.0,57.0,-327.0,-119.0,47.0,0.0,-119.0,-93.0,-51.59,10.69,171.37,244.51,-84.35,85.21,-0.05,0.44,0.59
14.350300550460815,124.0,28.0,24.0,-326.0,-113.0,93.0,-3.0,-132.0,-137.0,-53.21,12.1,166.82,260.01,-84.35,65.06,-0.16,0.21,0.78
14.387301445007324,95.0,84.0,20.0,-327.0,-89.0,104.0,-42.0,-56.0,-142.0,-54.07,13.62,162.09,266.72,-62.5,15.99,-0.26,0.08,0.91
14.42408561706543,77.0,99.0,205.0,-312.0,-39.0,32.0,-66.0,-36.0,-239.0,-53.86,15.25,157.23,266.6,-45.96,-21.24,-0.42,-0.16,0.98
14.460906744003296,37.0,170.0,1.0,-209.0,-16.0,37.0,-120.0,57.0,-168.0,-53.84,17.35,152.18,261.84,-57.19,-14.83,-0.59,-0.09,1.25
14.493793964385986,83.0,242.0,240.0,-2.0,36.0,66.0,-58.0,153.0,-191.0,-53.61,18.97,147.85,213.01,-37.9,5.74,-0.68,-0.44,0.86
14.530536413192749,136.0,128.0,250.0,147.0,112.0,58.0,12.0,1.0,-178.0,-55.22,19.92,142.71,148.62,-0.31,47.55,-0.7,-0.83,0.26
14.56740665435791,68.0,107.0,14.0,105.0,83.0,-75.0,-78.0,-26.0,-151.0,-56.07,19.13,139.35,67.69,19.41,42.79,-0.33,-1.59,0.42
14.604240655899048,68.0,127.0,206.0,45.0,66.0,-184.0,-78.0,0.0,-237.0,-57.04,17.69,137.4,-11.35,24.96,36.62,-0.21,-1.35,0.56
14.641141653060913,105.0,33.0,235.0,115.0,39.0,-92.0,-29.0,-125.0,-198.0,-56.76,16.03,137.95,-61.4,45.35,-2.38,-0.27,-0.45,0.83
14.678012609481812,142.0,41.0,34.0,103.0,58.0,-40.0,19.0,-114.0,-123.0,-55.33,15.8,141.78,-108.15,52.06,-3.66,-0.73,-0.04,1.05
14.710712194442749,127.0,60.0,236.0,76.0,58.0,5.0,0.0,-89.0,-197.0,-54.18,16.09,145.43,-94.73,39.86,-1.4,-0.87,-0.1,0.91
14.743515014648438,127.0,72.0,247.0,54.0,40.0,-6.0,0.0,-73.0,-182.0,-52.66,17.34,147.13,-41.93,28.81,-128.85,-0.49,-1.1,0.91
14.776286363601685,121.0,98.0,248.0,44.0,22.0,1.0,-8.0,-38.0,-180.0,-48.89,18.09,148.27,-34.3,58.41,-168.46,-0.41,-0.78,1.75
14.813173770904541,114.0,94.0,252.0,41.0,13.0,-11.0,-16.0,-44.0,-176.0,-44.37,17.6,152.02,-70.37,108.83,-110.78,-0.29,0.46,1.3
14.846133947372437,109.0,94.0,252.0,41.0,19.0,21.0,-23.0,-43.0,-176.0,-41.92,16.2,155.86,-90.33,89.97,-31.56,0.02,1.28,0.86
14.88276481628418,126.0,117.0,254.0,52.0,8.0,31.0,0.0,-12.0,-173.0,-41.32,14.56,159.68,-92.35,27.28,47.24,0.11,0.49,0.87
14.915514945983887,122.0,130.0,247.0,49.0,11.0,18.0,-6.0,3.0,-182.0,-42.38,13.04,161.72,-73.06,1.59,54.2,-0.01,-0.48,1.04
14.948505401611328,111.0,124.0,253.0,65.0,15.0,24.0,-20.0,-3.0,-175.0,-43.15,11.78,162.13,-48.03,28.63,23.25,-0.17,-0.37,1.03
14.98519515991211,108.0,126.0,250.0,72.0,34.0,33.0,-25.0,-1.0,-178.0,-42.8,10.88,163.96,-44.62,39.12,3.36,-0.2,0.0,1.04
15.022002935409546,120.0,118.0,253.0,69.0,38.0,21.0,-9.0,-12.0,-174.0,-42.42,10.17,165.76,-43.46,20.14,5.8,-0.15,-0.19,1.02
15.054866075515747,103.0,120.0,246.0,82.0,28.0,15.0,-31.0,-9.0,-183.0,-42.52,9.26,166.28,-43.7,18.13,12.08,-0.13,-0.38,1.0
15.09169602394104,117.0,123.0,248.0,102.0,27.0,3.0,-13.0,-5.0,-181.0,-42.54,8.52,166.56,-40.53,19.78,-2.87,-0.15,-0.32,0.94
15.128551006317139,108.0,101.0,247.0,111.0,4.0,-43.0,-25.0,-34.0,-183.0,-42.36,8.55,167.61,-39.0,10.8,-1.28,-0.21,-0.12,0.93
15.165415287017822,119.0,95.0,234.0,125.0,0.0,-43.0,-11.0,-42.0,-199.0,-42.17,8.6,169.15,-45.1,12.21,0.73,-0.27,-0.09,0.99
15.202378034591675,100.0,111.0,223.0,148.0,12.0,-8.0,-36.0,-20.0,-214.0,-42.25,8.81,170.43,-48.58,-4.03,13.43,-0.19,-0.17,0.96
15.239116430282593,80.0,165.0,200.0,179.0,19.0,-35.0,-63.0,51.0,-244.0,-42.94,8.74,170.87,-47.36,-4.64,31.56,-0.16,-0.26,0.93
15.276020288467407,32.0,105.0,174.0,201.0,51.0,-35.0,-127.0,-28.0,-279.0,-43.61,8.59,171.38,-47.3,6.23,22.34,-0.18,-0.21,0.95
15.312925338745117,96.0,145.0,209.0,198.0,88.0,126.0,-41.0,24.0,-232.0,-43.85,8.75,172.36,-46.14,2.87,13.43,-0.19,-0.11,0.97
15.349803447723389,129.0,60.0,240.0,120.0,-13.0,-142.0,2.0,-89.0,-192.0,-44.07,9.01,173.37,-40.28,-0.24,13.43,-0.24,-0.04,0.95
15.390671491622925,208.0,205.0,44.0,39.0,-79.0,-158.0,108.0,-238.0,-110.0,-44.14,9.48,174.54,-40.16,-4.46,10.01,-0.2,-0.06,1.0
15.423524856567383,175.0,18.0,75.0,-29.0,-8.0,74.0,63.0,-145.0,-69.0,-44.25,9.67,175.08,-44.68,-3.17,9.58,-0.2,-0.2,0.98
15.460265874862671,139.0,84.0,84.0,-118.0,14.0,54.0,16.0,-56.0,-57.0,-44.44,9.73,175.1,-49.01,2.5,6.77,-0.19,-0.27,0.92
15.49711799621582,152.0,56.0,126.0,-219.0,-41.0,-71.0,33.0,-95.0,-1.0,-44.65,9.68,175.32,-54.5,8.61,3.36,-0.21,-0.28,0.94
15.534043073654175,152.0,30.0,69.0,-281.0,-119.0,-38.0,32.0,-129.0,-77.0,-44.8,9.92,175.35,-58.35,11.6,0.49,-0.33,-0.44,0.9
15.570892333984375,152.0,34.0,61.0,-317.0,-90.0,31.0,32.0,-123.0,-88.0,-44.88,10.14,175.26,-61.77,11.47,-3.91,-0.32,-0.55,0.87
15.607757568359375,132.0,10.0,38.0,-319.0,-122.0,85.0,6.0,-155.0,-119.0,-44.92,10.18,175.26,-69.89,13.55,-9.83,-0.29,-0.63,0.93
15.648669958114624,118.0,59.0,27.0,-313.0,-102.0,155.0,-12.0,-91.0,-133.0,-44.72,9.97,175.53,-80.57,16.85,-18.25,-0.29,-0.55,1.07
15.681525707244873,83.0,140.0,0.0,-327.0,-61.0,62.0,-58.0,16.0,-170.0,-44.5,9.82,176.3,-94.06,14.1,-18.86,-0.29,-0.5,1.07
15.718435764312744,59.0,47.0,205.0,-311.0,-56.0,9.0,-90.0,-106.0,-238.0,-44.33,9.93,177.23,-111.57,12.76,-13.37,-0.41,-0.63,1.1
15.755202770233154,60.0,174.0,24.0,-169.0,0.0,100.0,-89.0,62.0,-137.0,-44.29,10.28,178.58,-124.94,15.38,-10.74,-0.64,-0.78,1.09
15.78808856010437,71.0,19.0,231.0,-2.0,30.0,22.0,-75.0,197.0,-204.0,-44.29,10.69,-179.62,-142.64,24.84,-5.13,-0.8,-0.69,1.1
15.824836015701294,60.0,79.0,11.0,139.0,65.0,-42.0,-89.0,-64.0,-155.0,-44.25,10.97,-177.21,-158.14,43.33,-11.66,-0.88,-0.55,1.33
15.86169958114624,42.0,131.0,251.0,110.0,68.0,-40.0,-113.0,5.0,-177.0,-44.75,11.0,-174.8,-169.98,37.41,36.13,-0.75,-0.45,1.42
15.89854645729065,88.0,161.0,210.0,43.0,31.0,-250.0,-52.0,45.0,-232.0,-47.18,11.57,-172.61,-166.56,7.63,88.87,-0.16,-0.38,1.15
15.935516834259033,113.0,42.0,237.0,96.0,59.0,-157.0,-18.0,-113.0,-196.0,-47.79,11.33,-170.74,-106.02,-3.3,-28.02,-0.23,0.15,0.96
15.972283124923706,138.0,221.0,35.0,124.0,57.0,23.0,14.0,-216.0,-122.0,-45.82,10.55,-168.12,-57.92,-29.17,-91.43,0.19,0.62,1.17
16.00924253463745,107.0,89.0,242.0,103.0,71.0,105.0,-26.0,-50.0,-189.0,-43.54,9.43,-166.11,-33.33,-19.71,-66.28,0.62,0.82,1.2
16.04606318473816,116.0,125.0,253.0,39.0,40.0,-25.0,-15.0,-3.0,-175.0,-43.82,8.37,-164.93,8.79,11.9,77.33,0.22,1.18,1.05
16.078872680664062,141.0,88.0,250.0,54.0,42.0,26.0,18.0,-52.0,-178.0,-46.02,8.63,-164.41,37.11,-15.2,95.7,0.08,0.97,0.76
16.11571192741394,111.0,107.0,244.0,53.0,25.0,37.0,-21.0,-26.0,-186.0,-46.85,8.42,-164.8,70.98,-6.53,40.77,0.2,0.66,0.56
16.152565002441406,107.0,108.0,255.0,53.0,12.0,20.0,-26.0,-25.0,-171.0,-47.17,7.44,-166.05,105.53,6.84,19.1,0.03,0.42,0.2
16.1893150806427,143.0,139.0,232.0,58.0,19.0,25.0,21.0,15.0,-203.0,-47.55,7.4,-168.07,161.56,0.06,21.18,0.05,0.54,0.08
16.222164154052734,120.0,114.0,247.0,70.0,18.0,33.0,-9.0,-17.0,-182.0,-47.69,7.3,-171.49,203.86,-2.01,11.41,0.04,0.71,0.3
16.25894594192505,111.0,111.0,2.0,65.0,33.0,38.0,-20.0,-20.0,-166.0,-47.59,7.38,-175.13,226.07,-23.13,3.66,0.05,0.71,0.66
16.29183268547058,110.0,118.0,253.0,66.0,35.0,20.0,-22.0,-12.0,-175.0,-47.68,7.82,-178.98,231.32,-38.51,22.09,0.01,0.58,0.75
16.32871913909912,100.0,101.0,250.0,64.0,36.0,16.0,-36.0,-34.0,-179.0,-48.57,8.49,177.27,233.34,-48.03,63.11,-0.11,0.5,0.64
16.365508556365967,94.0,110.0,254.0,76.0,28.0,19.0,-44.0,-23.0,-173.0,-49.89,9.53,173.15,246.03,-54.02,62.68,-0.12,0.44,0.61
16.402308702468872,124.0,124.0,246.0,76.0,12.0,-24.0,-4.0,-4.0,-183.0,-51.11,10.75,168.76,261.29,-56.52,44.92,-0.16,0.34,0.71
16.435230493545532,118.0,89.0,244.0,99.0,17.0,-15.0,-11.0,-50.0,-186.0,-51.52,12.28,164.06,275.51,-58.78,3.54,-0.28,0.2,0.9
16.476089239120483,116.0,105.0,231.0,112.0,15.0,-22.0,-14.0,-29.0,-203.0,-51.28,13.91,158.96,267.52,-60.73,-17.52,-0.35,0.06,1.08
16.512988328933716,96.0,124.0,225.0,135.0,23.0,-14.0,-41.0,-3.0,-212.0,-51.49,16.06,153.75,253.23,-68.66,-9.7,-0.55,-0.43,1.06
16.549793243408203,73.0,152.0,195.0,166.0,34.0,-17.0,-71.0,33.0,-251.0,-51.81,18.59,148.5,237.55,-53.16,-43.95,-0.63,-0.42,0.99
16.58663034439087,44.0,100.0,140.0,199.0,61.0,35.0,-110.0,-35.0,-324.0,-51.24,21.03,144.34,174.8,-12.51,-39.73,-0.67,-0.59,0.53
16.623533725738525,110.0,140.0,221.0,220.0,67.0,140.0,-22.0,17.0,-217.0,-51.59,21.78,140.4,78.49,4.94,12.76,-0.45,-1.33,0.38
16.656344652175903,160.0,64.0,4.0,142.0,15.0,-92.0,44.0,-84.0,-164.0,-52.78,20.61,138.24,6.35,12.82,44.25,-0.2,-1.38,0.53
16.697299480438232,188.0,230.0,20.0,38.0,-132.0,-161.0,81.0,-205.0,-143.0,-53.53,18.61,137.83,-64.09,28.44,26.0,-0.2,-0.74,0.73
16.729978799819946,136.0,5.0,70.0,-38.0,0.0,98.0,11.0,-162.0,-76.0,-52.81,17.8,140.8,-105.35,47.42,1.71,-0.56,-0.3,0.96
16.762802839279175,145.0,93.0,66.0,-102.0,6.0,49.0,24.0,-45.0,-80.0,-51.46,17.74,144.65,-91.0,50.48,-6.53,-0.87,0.01,0.96
16.795615673065186,134.0,92.0,132.0,-206.0,-40.0,-90.0,9.0,-46.0,7.0,-50.39,18.53,147.26,-64.94,26.0,-32.71,-0.58,-0.69,0.84
16.83650803565979,144.0,33.0,75.0,-293.0,-128.0,-127.0,22.0,-125.0,-69.0,-48.2,19.04,147.81,-39.25,48.1,-132.81,-0.6,-1.19,1.54
16.877431869506836,159.0,14.0,49.0,-308.0,-107.0,-18.0,42.0,-151.0,-103.0,-44.1,18.93,150.72,-47.61,75.62,-146.79,0.02,-0.02,1.38
16.910319805145264,133.0,4.0,46.0,-305.0,-122.0,74.0,8.0,-163.0,-107.0,-40.21,17.85,155.11,-75.81,95.76,-64.76,-0.19,0.85,1.0
16.95126175880432,121.0,48.0,34.0,-315.0,-118.0,120.0,-7.0,-105.0,-124.0,-38.48,16.16,159.02,-98.14,79.53,-7.2,-0.09,0.82,0.96
16.988105058670044,88.0,85.0,31.0,-327.0,-78.0,102.0,-51.0,-56.0,-127.0,-38.57,14.58,162.33,-74.65,28.5,38.88,-0.04,0.03,1.02
17.025091648101807,76.0,83.0,213.0,-299.0,-51.0,26.0,-68.0,-58.0,-228.0,-38.75,13.33,163.41,-51.82,26.37,12.39,-0.13,-0.45,1.02
17.06177806854248,48.0,186.0,1.0,-209.0,5.0,95.0,-105.0,78.0,-168.0,-38.5,12.14,164.44,-42.85,40.53,3.48,-0.22,-0.05,1.02
17.094674825668335,112.0,37.0,255.0,-9.0,11.0,12.0,-20.0,220.0,-172.0,-38.28,11.19,166.81,-46.57,36.62,16.78,-0.19,0.19,1.11
17.1314697265625,115.0,131.0,246.0,121.0,38.0,-60.0,-16.0,5.0,-184.0,-38.74,10.36,168.63,-50.05,13.85,40.1,-0.12,-0.14,1.09
17.16827893257141,53.0,47.0,2.0,123.0,130.0,-6.0,-98.0,-106.0,-166.0,-39.71,9.73,168.76,-42.6,10.93,38.45,-0.12,-0.43,0.95
17.205199241638184,45.0,181.0,168.0,69.0,86.0,-89.0,-109.0,71.0,-287.0,-39.98,9.0,168.69,-34.97,15.56,2.87,-0.13,-0.3,0.93
17.24201202392578,109.0,39.0,9.0,110.0,32.0,-152.0,-24.0,-117.0,-157.0,-39.82,8.61,169.71,-34.67,17.03,-1.65,-0.18,-0.07,0.99
17.27891993522644,110.0,244.0,16.0,109.0,60.0,-15.0,-22.0,-186.0,-148.0,-39.69,8.67,171.0,-38.94,0.73,5.55,-0.19,-0.09,0.99
17.31577229499817,116.0,110.0,248.0,81.0,53.0,71.0,-14.0,-22.0,-181.0,-40.42,8.64,171.92,-34.97,-9.89,40.16,-0.2,-0.12,0.98
17.352595567703247,135.0,115.0,255.0,38.0,33.0,-38.0,10.0,-15.0,-171.0,-41.18,8.84,172.49,-37.05,-12.39,36.68,-0.15,-0.18,0.95
17.385446786880493,136.0,65.0,244.0,56.0,19.0,8.0,11.0,-82.0,-186.0,-42.08,9.03,172.62,-37.54,-10.86,32.78,-0.19,-0.29,0.92
17.422170400619507,125.0,106.0,254.0,49.0,22.0,32.0,-2.0,-28.0,-173.0,-42.61,9.12,172.46,-38.39,-4.64,19.47,-0.22,-0.31,0.89
17.4590425491333,119.0,108.0,251.0,37.0,16.0,-2.0,-10.0,-25.0,-177.0,-42.95,9.38,172.57,-39.55,-0.98,11.05,-0.25,-0.23,0.89
17.491806745529175,123.0,94.0,0.0,52.0,19.0,33.0,-5.0,-44.0,-170.0,-43.24,9.82,172.86,-44.86,2.62,8.61,-0.26,-0.29,0.93
17.524698972702026,119.0,116.0,248.0,48.0,13.0,26.0,-10.0,-15.0,-180.0,-43.5,10.0,172.99,-47.97,9.28,5.25,-0.26,-0.29,0.92
17.56151819229126,114.0,109.0,0.0,45.0,8.0,16.0,-17.0,-23.0,-168.0,-43.52,10.09,173.21,-50.72,10.99,-1.71,-0.28,-0.34,0.93
17.594294786453247,108.0,110.0,250.0,53.0,11.0,8.0,-25.0,-23.0,-178.0,-43.51,10.1,173.39,-55.91,13.67,-6.84,-0.28,-0.42,0.89
17.631113290786743,104.0,115.0,251.0,56.0,7.0,12.0,-31.0,-15.0,-176.0,-43.42,10.0,173.39,-61.89,16.91,-10.62,-0.23,-0.52,0.83
17.663938522338867,108.0,122.0,249.0,67.0,13.0,10.0,-24.0,-6.0,-180.0,-43.42,9.76,173.52,-72.02,16.54,-2.93,-0.19,-0.44,0.92
17.700684785842896,109.0,133.0,245.0,82.0,18.0,7.0,-24.0,7.0,-185.0,-43.48,9.54,174.43,-80.63,18.43,-2.01,-0.25,-0.31,1.08
17.733563899993896,106.0,138.0,246.0,99.0,14.0,-23.0,-27.0,15.0,-184.0,-43.55,9.57,175.61,-91.37,11.9,-0.06,-0.29,-0.34,1.08
17.77046513557434,103.0,123.0,234.0,121.0,46.0,-3.0,-31.0,-6.0,-200.0,-43.7,9.85,176.68,-98.14,8.85,0.12,-0.33,-0.38,1.07
17.807227611541748,93.0,98.0,230.0,141.0,40.0,-1.0,-45.0,-38.0,-205.0,-43.78,10.02,177.71,-107.79,9.83,-4.03,-0.41,-0.55,1.12
17.84406018257141,70.0,157.0,208.0,163.0,52.0,10.0,-75.0,39.0,-234.0,-43.86,10.44,178.86,-119.14,13.24,-4.94,-0.57,-0.69,1.1
17.876903295516968,48.0,131.0,173.0,190.0,58.0,-4.0,-104.0,5.0,-280.0,-44.04,11.02,-179.44,-134.95,21.36,-5.07,-0.77,-0.7,1.13
17.91372323036194,56.0,95.0,178.0,201.0,54.0,48.0,-94.0,-42.0,-274.0,-43.89,11.27,-177.22,-150.02,42.24,-22.34,-0.79,-0.58,1.48
17.950589179992676,115.0,101.0,222.0,171.0,48.0,34.0,-16.0,-35.0,-215.0,-44.17,11.16,-174.94,-161.07,42.72,23.01,-0.82,-0.48,1.45
17.987542390823364,122.0,33.0,242.0,106.0,-1.0,-86.0,-6.0,-125.0,-189.0,-46.38,11.38,-172.98,-160.16,17.4,81.24,-0.26,-0.36,1.22
18.02426290512085,221.0,215.0,77.0,18.0,-2.0,78.0,125.0,-224.0,-67.0,-46.78,11.0,-171.0,-114.99,5.19,-4.21,-0.25,0.24,1.12
18.05707311630249,191.0,26.0,65.0,-52.0,4.0,92.0,85.0,-135.0,-82.0,-45.26,10.69,-168.33,-60.3,-28.56,-85.14,0.3,0.64,1.13
18.08995294570923,125.0,94.0,101.0,-129.0,-1.0,39.0,-2.0,-43.0,-34.0,-43.16,9.16,-165.92,-48.52,1.04,-56.52,0.65,0.74,1.11
18.126800775527954,146.0,71.0,124.0,-253.0,-42.0,-75.0,25.0,-74.0,-3.0,-44.25,7.99,-164.52,-5.62,32.29,61.28,0.2,1.13,1.17
18.167664051055908,151.0,34.0,52.0,-309.0,-129.0,-96.0,32.0,-124.0,-100.0,-45.78,7.49,-163.52,15.75,8.42,77.76,0.12,0.73,0.67
18.20462203025818,137.0,22.0,52.0,-327.0,-109.0,-20.0,12.0,-140.0,-99.0,-47.06,7.19,-163.61,67.63,-16.3,51.15,0.16,0.42,0.39
18.245519161224365,130.0,19.0,29.0,-316.0,-129.0,110.0,4.0,-143.0,-130.0,-47.38,6.92,-164.66,111.39,-11.17,17.58,0.18,0.45,0.21
18.282546758651733,98.0,57.0,14.0,-327.0,-103.0,134.0,-38.0,-92.0,-150.0,-46.95,6.52,-167.02,165.65,-9.95,-21.91,0.2,0.63,0.24
18.319469451904297,52.0,150.0,211.0,-327.0,-36.0,44.0,-99.0,30.0,-230.0,-46.06,6.32,-169.8,192.87,-21.42,-29.6,0.11,0.68,0.59
18.356130838394165,55.0,139.0,12.0,-244.0,53.0,224.0,-95.0,15.0,-153.0,-45.31,6.5,-172.94,215.03,-39.18,-13.06,0.14,0.69,0.72
18.39307475090027,123.0,25.0,238.0,-54.0,85.0,163.0,-5.0,205.0,-194.0,-45.29,7.11,-176.27,215.21,-46.02,17.33,-0.01,0.62,0.58
18.429931640625,115.0,201.0,253.0,83.0,42.0,-55.0,-16.0,99.0,-174.0,-45.94,8.51,-179.85,230.83,-65.06,37.11,-0.11,0.55,0.55
18.466658115386963,73.0,93.0,242.0,146.0,66.0,-104.0,-71.0,-45.0,-189.0,-46.49,10.14,176.17,245.85,-61.71,22.89,-0.18,0.39,0.66
18.503572463989258,84.0,142.0,223.0,43.0,-11.0,-180.0,-57.0,19.0,-214.0,-46.69,11.83,171.65,259.58,-61.28,5.49,-0.24,0.39,0.83
18.54444408416748,168.0,19.0,228.0,114.0,-18.0,-213.0,55.0,-144.0,-208.0,-46.62,13.5,167.32,262.15,-65.55,-8.61,-0.3,0.28,0.88
18.57736849784851,140.0,238.0,57.0,123.0,88.0,-5.0,17.0,-194.0,-93.0,-46.44,15.54,162.74,266.42,-63.48,-26.43,-0.47,0.1,0.93
18.61417818069458,122.0,47.0,244.0,79.0,72.0,41.0,-6.0,-106.0,-186.0,-46.27,17.97,157.65,260.56,-64.03,-39.0,-0.47,-0.26,1.04
18.647085905075073,125.0,73.0,236.0,60.0,45.0,32.0,-3.0,-71.0,-197.0,-46.31,20.17,152.76,241.82,-59.94,-34.06,-0.63,-0.26,1.23
18.683830976486206,106.0,109.0,249.0,35.0,23.0,11.0,-27.0,-23.0,-179.0,-46.36,22.35,148.85,190.43,-30.09,-21.79,-0.66,-0.4,0.71
18.71656584739685,129.0,120.0,247.0,46.0,13.0,2.0,2.0,-8.0,-182.0,-47.05,23.95,144.6,114.07,-3.36,20.57,-0.52,-0.75,0.43
18.749446868896484,130.0,107.0,249.0,43.0,18.0,4.0,3.0,-26.0,-179.0,-49.06,22.76,141.22,43.64,-1.46,69.95,-0.24,-1.4,0.62
18.786192893981934,119.0,106.0,254.0,56.0,14.0,29.0,-10.0,-28.0,-173.0,-51.3,21.03,139.2,-24.54,3.17,72.45,-0.19,-1.17,0.64
18.822951555252075,123.0,123.0,250.0,50.0,11.0,12.0,-5.0,-4.0,-178.0,-52.4,19.57,139.86,-69.21,21.42,43.27,-0.34,-0.55,0.79
18.85581636428833,112.0,98.0,255.0,57.0,14.0,10.0,-19.0,-39.0,-172.0,-52.33,19.23,142.8,-106.08,40.28,13.98,-0.54,-0.12,0.86
18.89268469810486,107.0,109.0,255.0,62.0,16.0,21.0,-27.0,-24.0,-172.0,-51.33,19.23,146.89,-105.96,41.38,14.77,-0.87,0.1,1.1
18.929508924484253,114.0,115.0,254.0,62.0,19.0,17.0,-17.0,-15.0,-173.0,-51.21,19.19,149.61,-55.85,25.02,-61.16,-0.39,-0.74,0.9
18.96637487411499,105.0,108.0,252.0,70.0,18.0,12.0,-28.0,-24.0,-175.0,-48.44,19.84,150.66,-27.47,38.02,-139.34,-0.4,-0.76,1.57
18.999166250228882,107.0,125.0,244.0,90.0,23.0,7.0,-26.0,-3.0,-186.0,-44.6,19.45,153.95,-65.43,90.45,-108.22,-0.13,0.24,1.35
19.03603506088257,107.0,126.0,246.0,99.0,16.0,-11.0,-26.0,-1.0,-184.0,-41.94,17.94,158.06,-87.59,90.64,-43.4,-0.09,1.02,0.92
19.072903156280518,106.0,122.0,236.0,124.0,31.0,-13.0,-27.0,-6.0,-197.0,-41.02,16.54,161.78,-85.51,39.79,20.57,-0.07,0.6,0.84
19.109838247299194,115.0,113.0,227.0,150.0,53.0,12.0,-15.0,-18.0,-209.0,-41.37,15.36,164.26,-63.42,19.47,29.42,-0.13,-0.32,1.11
19.183494329452515,26.0,111.0,157.0,207.0,67.0,38.0,-135.0,-20.0,-302.0,-55.87,14.93,143.8,-80.69,61.52,-35.77,-1.0,-0.04,0.92
19.22035551071167,85.0,141.0,217.0,214.0,70.0,124.0,-56.0,18.0,-222.0,-53.8,16.13,146.33,-37.9,44.98,-92.04,-0.68,-0.66,0.93
19.257283210754395,150.0,75.0,230.0,130.0,-12.0,-151.0,31.0,-69.0,-205.0,-49.84,18.25,147.9,-26.79,52.61,-173.34,-0.51,-0.58,1.54
19.298080921173096,5.0,208.0,39.0,48.0,-93.0,-194.0,179.0,-234.0,-117.0,-45.81,18.08,151.58,-65.12,85.69,-117.43,-0.33,0.34,1.45
19.33091115951538,180.0,0.0,79.0,-27.0,26.0,145.0,70.0,-169.0,-63.0,-42.93,17.04,155.7,-81.97,83.74,-55.05,-0.25,0.73,1.03
19.363816738128662,165.0,98.0,72.0,-91.0,10.0,108.0,50.0,-38.0,-72.0,-41.63,15.72,159.47,-87.65,53.16,-8.0,0.06,0.48,0.84
19.400588750839233,144.0,95.0,123.0,-202.0,-49.0,-31.0,22.0,-42.0,-5.0,-41.25,14.08,162.39,-63.35,23.62,9.77,0.05,-0.06,1.01
19.44154191017151,162.0,35.0,82.0,-288.0,-121.0,-78.0,46.0,-123.0,-60.0,-41.25,13.07,164.12,-53.22,22.09,6.41,-0.12,-0.11,1.11
19.478288888931274,166.0,9.0,53.0,-318.0,-107.0,-16.0,52.0,-157.0,-98.0,-41.07,12.23,166.2,-49.93,26.06,16.97,-0.14,0.1,1.08
19.51523184776306,142.0,18.0,39.0,-327.0,-149.0,40.0,19.0,-145.0,-117.0,-41.53,11.6,167.9,-44.31,12.88,39.06,-0.18,-0.05,1.06
19.556108951568604,125.0,36.0,36.0,-327.0,-108.0,106.0,-3.0,-121.0,-121.0,-42.57,11.04,168.63,-42.91,3.17,49.32,-0.18,-0.37,1.02
19.59298348426819,97.0,102.0,9.0,-327.0,-73.0,72.0,-40.0,-33.0,-157.0,-43.65,10.52,168.31,-34.67,5.0,30.64,-0.1,-0.49,0.92
19.629988431930542,67.0,66.0,204.0,-310.0,-105.0,-17.0,-80.0,-80.0,-239.0,-44.02,9.99,168.07,-33.69,11.47,3.42,-0.15,-0.23,0.93
19.66680073738098,119.0,188.0,30.0,-148.0,-5.0,52.0,-10.0,80.0,-129.0,-44.09,10.01,169.38,-42.36,2.01,11.66,-0.23,-0.07,1.01
19.703657150268555,103.0,248.0,244.0,37.0,39.0,19.0,-32.0,161.0,-187.0,-44.45,10.17,170.59,-43.7,-7.14,24.41,-0.17,-0.18,0.81
19.74048376083374,68.0,98.0,248.0,146.0,47.0,-44.0,-79.0,-38.0,-180.0,-45.24,10.3,170.91,-38.64,-12.63,30.88,-0.21,-0.29,0.9
19.777294397354126,43.0,82.0,5.0,115.0,82.0,-18.0,-111.0,-60.0,-163.0,-45.94,10.46,170.45,-38.27,-9.95,19.47,-0.2,-0.45,0.91
19.81416940689087,105.0,124.0,227.0,56.0,18.0,-182.0,-29.0,-3.0,-209.0,-46.28,10.75,170.08,-38.39,-1.95,1.22,-0.26,-0.37,0.89
19.851083993911743,104.0,54.0,228.0,93.0,37.0,-150.0,-30.0,-97.0,-208.0,-46.35,11.12,170.33,-40.83,3.66,-0.55,-0.29,-0.23,0.87
19.887936115264893,106.0,240.0,37.0,127.0,72.0,47.0,-27.0,-192.0,-120.0,-46.41,11.43,170.78,-43.52,4.88,2.32,-0.27,-0.26,0.94
19.924821138381958,116.0,119.0,238.0,76.0,46.0,45.0,-15.0,-10.0,-194.0,-46.64,11.42,170.93,-47.61,5.49,7.02,-0.23,-0.36,0.9
19.95787811279297,129.0,102.0,248.0,27.0,26.0,-55.0,2.0,-33.0,-181.0,-46.81,11.39,170.99,-53.96,9.83,1.4,-0.23,-0.33,0.89
19.990378856658936,134.0,57.0,250.0,53.0,9.0,7.0,9.0,-93.0,-178.0,-46.94,11.31,171.44,-60.24,11.29,3.05,-0.24,-0.31,0.91
20.027207374572754,118.0,116.0,250.0,49.0,20.0,35.0,-12.0,-14.0,-178.0,-47.04,11.03,171.96,-65.61,13.24,-0.49,-0.17,-0.32,0.92
20.064051866531372,119.0,108.0,247.0,39.0,15.0,13.0,-11.0,-24.0,-182.0,-47.11,10.84,172.57,-68.66,13.79,0.24,-0.24,-0.3,0.93
20.096872806549072,121.0,123.0,251.0,63.0,12.0,43.0,-7.0,-5.0,-177.0,-47.15,10.83,173.34,-74.22,11.78,-1.04,-0.31,-0.33,0.98
20.133720636367798,109.0,136.0,255.0,57.0,14.0,34.0,-23.0,11.0,-171.0,-47.07,10.89,174.07,-77.58,10.07,-10.44,-0.27,-0.35,1.04
20.16654658317566,105.0,117.0,0.0,66.0,13.0,16.0,-29.0,-13.0,-168.0,-46.81,10.79,174.99,-82.7,9.95,-14.53,-0.29,-0.33,1.08
20.19933295249939,113.0,107.0,0.0,66.0,15.0,6.0,-18.0,-26.0,-171.0,-46.61,10.86,176.26,-93.32,10.01,-12.02,-0.34,-0.37,1.09
20.236173629760742,104.0,107.0,251.0,60.0,21.0,-6.0,-31.0,-26.0,-177.0,-46.64,11.23,177.33,-107.12,10.01,-8.18,-0.47,-0.57,1.06
20.268908977508545,92.0,118.0,1.0,73.0,16.0,7.0,-47.0,-11.0,-167.0,-46.69,11.61,178.49,-117.19,13.55,-7.63,-0.57,-0.72,1.03
20.305689096450806,115.0,138.0,241.0,86.0,29.0,-4.0,-15.0,14.0,-190.0,-46.7,11.99,-179.98,-130.55,22.16,-7.75,-0.77,-0.66,1.13
20.34260082244873,106.0,114.0,245.0,102.0,28.0,-20.0,-28.0,-17.0,-185.0,-46.75,12.33,-177.94,-150.63,41.5,-5.19,-0.9,-0.45,1.27
20.379467248916626,112.0,120.0,232.0,128.0,25.0,-21.0,-20.0,-9.0,-203.0,-46.82,12.2,-175.46,-157.84,50.78,10.01,-0.71,-0.27,1.4
20.416329860687256,98.0,120.0,223.0,150.0,27.0,-15.0,-38.0,-9.0,-215.0,-48.83,12.34,-173.1,-170.04,12.63,97.9,-0.21,-0.23,1.22
20.453204870224,57.0,160.0,196.0,184.0,34.0,-18.0,-93.0,44.0,-250.0,-50.29,12.06,-171.37,-129.15,-2.01,39.25,-0.24,-0.04,1.01
20.49006724357605,28.0,107.0,151.0,208.0,45.0,-5.0,-132.0,-26.0,-310.0,-49.81,12.64,-169.9,-62.26,-33.45,-37.78,0.09,0.21,0.98
20.52694034576416,115.0,130.0,226.0,210.0,65.0,89.0,-15.0,4.0,-211.0,-47.76,11.04,-168.14,-33.81,5.31,-74.28,0.5,0.72,1.14
20.563767433166504,154.0,52.0,244.0,141.0,8.0,-100.0,35.0,-100.0,-187.0,-47.02,9.02,-166.82,-2.2,41.75,6.41,0.17,1.09,1.21
20.604705095291138,237.0,207.0,45.0,33.0,-117.0,-152.0,147.0,-235.0,-109.0,-47.66,7.87,-165.75,11.6,21.55,42.18,0.14,0.82,0.79
20.641574144363403,204.0,253.0,84.0,-29.0,-4.0,103.0,102.0,-174.0,-57.0,-48.61,7.47,-165.38,54.57,-9.46,53.96,0.11,0.6,0.52
20.678407192230225,131.0,106.0,102.0,-115.0,10.0,86.0,5.0,-28.0,-32.0,-49.01,7.18,-165.97,87.34,-12.33,29.05,0.1,0.47,0.31
20.711365461349487,143.0,77.0,135.0,-251.0,-47.0,-92.0,21.0,-66.0,10.0,-49.25,7.1,-167.6,142.03,-11.11,17.33,0.18,0.59,0.21
20.752204179763794,160.0,18.0,63.0,-310.0,-142.0,-99.0,44.0,-145.0,-85.0,-49.15,6.91,-170.3,181.88,-14.89,0.43,0.12,0.61,0.47
20.785024166107178,131.0,33.0,59.0,-327.0,-110.0,9.0,5.0,-125.0,-90.0,-48.58,6.81,-173.37,210.33,-31.19,-10.68,0.09,0.59,0.68
20.825939893722534,137.0,250.0,54.0,-325.0,-133.0,87.0,13.0,-179.0,-97.0,-48.08,6.99,-177.01,222.11,-39.61,-1.16,0.06,0.56,0.66
20.86684489250183,109.0,43.0,25.0,-327.0,-106.0,128.0,-23.0,-112.0,-135.0,-48.04,7.66,179.45,229.8,-44.86,16.11,-0.07,0.56,0.6
20.903714895248413,73.0,147.0,224.0,-327.0,-44.0,56.0,-71.0,26.0,-213.0,-48.4,8.78,175.51,244.81,-52.92,26.79,-0.16,0.57,0.62
20.94061255455017,111.0,63.0,16.0,-254.0,16.0,132.0,-21.0,-85.0,-148.0,-49.0,10.19,171.24,255.8,-66.28,33.2,-0.17,0.58,0.78
20.97737193107605,124.0,216.0,1.0,-66.0,67.0,172.0,-3.0,118.0,-168.0,-49.96,11.92,166.83,258.48,-84.53,41.5,-0.19,0.49,0.81
21.010288953781128,100.0,1.0,231.0,71.0,96.0,75.0,-36.0,172.0,-204.0,-51.14,13.84,162.19,264.28,-84.72,43.33,-0.3,0.24,0.86
21.047062635421753,72.0,123.0,240.0,155.0,73.0,-75.0,-73.0,-5.0,-192.0,-52.03,16.2,156.53,255.62,-73.49,14.28,-0.48,-0.36,1.07
21.08402991294861,21.0,156.0,239.0,57.0,42.0,-121.0,-140.0,38.0,-193.0,-52.49,18.16,150.64,243.23,-50.11,-22.58,-0.71,-0.59,1.17
21.12482213973999,47.0,110.0,138.0,70.0,-55.0,-283.0,-106.0,-22.0,-327.0,-51.99,20.5,145.94,197.69,-15.69,-37.41,-0.71,-0.54,0.66
21.161763668060303,176.0,231.0,68.0,125.0,15.0,-107.0,65.0,-204.0,-79.0,-51.91,21.71,141.58,111.82,11.66,1.46,-0.59,-1.07,0.42
21.194511890411377,140.0,31.0,5.0,80.0,72.0,16.0,17.0,-127.0,-162.0,-53.03,20.57,138.9,29.05,14.95,45.72,-0.23,-1.53,0.56
21.227357387542725,125.0,87.0,239.0,65.0,48.0,23.0,-2.0,-52.0,-192.0,-53.93,18.57,137.82,-51.57,27.95,28.08,-0.16,-0.89,0.73
21.264085054397583,125.0,90.0,243.0,44.0,41.0,16.0,-3.0,-49.0,-188.0,-53.27,17.71,140.01,-92.65,45.41,1.95,-0.41,-0.38,0.89
21.30097007751465,112.0,111.0,247.0,60.0,29.0,32.0,-20.0,-21.0,-182.0,-51.7,17.63,143.9,-97.78,56.7,4.76,-1.1,0.21,1.03
21.333853006362915,112.0,117.0,247.0,45.0,14.0,0.0,-20.0,-13.0,-182.0,-51.24,18.02,146.81,-72.14,24.66,-3.11,-0.56,-0.69,0.95
21.3666250705719,113.0,89.0,0.0,52.0,18.0,24.0,-18.0,-51.0,-170.0,-48.47,18.85,147.55,-27.83,41.2,-155.09,-0.37,-1.02,1.58
21.403442859649658,119.0,118.0,253.0,52.0,14.0,20.0,-10.0,-11.0,-175.0,-44.38,18.34,150.63,-52.0,85.02,-131.47,0.08,0.01,1.26
21.436251163482666,118.0,90.0,253.0,43.0,5.0,0.0,-12.0,-49.0,-174.0,-41.2,16.96,154.71,-77.82,92.1,-31.19,-0.24,1.02,1.03
21.47306203842163,114.0,99.0,253.0,51.0,11.0,20.0,-16.0,-37.0,-174.0,-40.26,15.57,158.25,-87.65,55.54,14.47,-0.1,0.68,1.0
21.509846687316895,107.0,123.0,251.0,49.0,12.0,13.0,-26.0,-5.0,-177.0,-40.47,14.2,161.15,-64.88,16.97,35.52,-0.04,-0.23,1.08
21.54270601272583,110.0,125.0,247.0,63.0,18.0,21.0,-22.0,-2.0,-182.0,-41.11,12.75,161.47,-45.41,17.58,27.28,0.01,-0.5,0.98
21.579522371292114,113.0,148.0,244.0,89.0,22.0,19.0,-18.0,28.0,-186.0,-40.87,11.61,162.74,-37.96,37.29,4.52,-0.22,0.01,1.06
21.616378784179688,111.0,137.0,244.0,108.0,18.0,-12.0,-21.0,13.0,-187.0,-40.62,10.87,164.9,-39.37,19.59,22.34,-0.23,0.03,1.12
21.653286695480347,110.0,109.0,237.0,130.0,25.0,-8.0,-23.0,-24.0,-196.0,-41.38,10.55,166.15,-44.56,-1.04,45.17,-0.18,-0.34,1.06
21.6901433467865,98.0,103.0,229.0,145.0,32.0,-11.0,-38.0,-32.0,-206.0,-42.2,9.98,165.85,-41.87,-0.85,25.88,-0.07,-0.53,0.91
21.726974725723267,71.0,149.0,215.0,164.0,48.0,21.0,-74.0,29.0,-225.0,-42.66,9.43,165.52,-35.71,6.23,10.56,-0.16,-0.32,0.93
21.76384925842285,42.0,144.0,176.0,191.0,50.0,-7.0,-113.0,22.0,-276.0,-42.59,9.19,166.61,-39.79,6.29,10.99,-0.23,-0.07,0.97
21.800642490386963,75.0,101.0,189.0,203.0,49.0,53.0,-69.0,-34.0,-260.0,-43.11,9.47,167.96,-46.08,-5.98,35.83,-0.26,-0.19,0.91
21.837600469589233,107.0,115.0,211.0,159.0,-5.0,-26.0,-26.0,-16.0,-230.0,-44.02,9.7,168.13,-47.85,-6.96,33.57,-0.22,-0.44,0.84
21.874542236328125,151.0,24.0,249.0,77.0,-53.0,-177.0,31.0,-136.0,-179.0,-44.64,9.7,167.83,-48.46,2.56,17.15,-0.21,-0.43,0.87
21.9112868309021,175.0,202.0,89.0,9.0,39.0,118.0,63.0,-242.0,-51.0,-44.7,9.67,168.04,-46.94,10.56,-0.06,-0.23,-0.26,0.91
21.94416117668152,177.0,54.0,64.0,-47.0,26.0,162.0,66.0,-97.0,-84.0,-44.48,9.67,169.27,-44.37,9.95,1.28,-0.26,-0.08,0.96
21.980912685394287,121.0,110.0,120.0,-152.0,10.0,43.0,-7.0,-22.0,-9.0,-44.42,9.85,170.49,-49.74,5.8,6.29,-0.24,-0.12,0.97
22.01779818534851,148.0,59.0,100.0,-270.0,-70.0,-87.0,28.0,-90.0,-35.0,-44.5,9.92,171.23,-53.04,7.2,4.94,-0.24,-0.28,0.92
22.058698415756226,179.0,30.0,51.0,-305.0,-112.0,-94.0,68.0,-129.0,-101.0,-44.6,10.0,171.51,-55.18,10.38,2.69,-0.26,-0.31,0.87
22.095595598220825,135.0,27.0,50.0,-327.0,-101.0,33.0,10.0,-133.0,-102.0,-44.59,10.16,171.94,-60.0,11.96,-0.79,-0.25,-0.28,0.94
22.132560968399048,146.0,2.0,49.0,-320.0,-91.0,123.0,25.0,-166.0,-103.0,-44.63,10.05,172.53,-66.35,10.99,2.44,-0.25,-0.33,0.95
22.169408559799194,102.0,63.0,29.0,-327.0,-77.0,152.0,-33.0,-85.0,-130.0,-44.78,10.04,172.87,-69.64,13.06,4.03,-0.26,-0.38,0.95
22.206234216690063,74.0,128.0,191.0,-327.0,-50.0,0.0,-70.0,1.0,-257.0,-44.77,9.96,173.45,-75.99,14.59,-2.38,-0.26,-0.34,1.0
22.24712371826172,10.0,186.0,239.0,-257.0,22.0,114.0,-155.0,78.0,-193.0,-44.65,10.0,174.25,-85.94,15.14,-10.99,-0.3,-0.36,1.05
22.283960819244385,78.0,244.0,244.0,-23.0,61.0,114.0,-64.0,156.0,-186.0,-44.35,10.09,175.19,-93.44,16.54,-15.99,-0.32,-0.35,1.07
22.320817470550537,76.0,195.0,227.0,101.0,58.0,-41.0,-68.0,90.0,-209.0,-44.05,10.16,176.24,-103.03,15.93,-15.69,-0.34,-0.42,1.09
22.35769534111023,25.0,91.0,237.0,134.0,84.0,-51.0,-135.0,-48.0,-195.0,-43.92,10.52,177.39,-113.71,15.99,-9.89,-0.56,-0.62,1.06
22.394636392593384,109.0,153.0,246.0,46.0,-38.0,-187.0,-23.0,34.0,-184.0,-43.81,10.88,178.83,-130.74,21.48,-7.14,-0.73,-0.71,1.1
22.431467294692993,131.0,42.0,222.0,94.0,49.0,-116.0,5.0,-113.0,-215.0,-43.78,11.26,-179.03,-148.74,38.39,-12.15,-0.94,-0.59,1.36
22.468281269073486,152.0,211.0,58.0,140.0,60.0,15.0,32.0,-230.0,-91.0,-44.01,11.41,-176.67,-161.25,38.02,25.33,-0.91,-0.51,1.47
22.501090049743652,126.0,141.0,249.0,52.0,71.0,14.0,-1.0,18.0,-180.0,-46.29,11.92,-174.61,-172.06,9.83,102.54,-0.3,-0.4,1.19
22.537917852401733,145.0,73.0,245.0,28.0,50.0,-71.0,24.0,-71.0,-185.0,-47.75,11.74,-172.95,-124.27,-4.03,7.93,-0.17,-0.14,1.08
22.570808172225952,115.0,49.0,247.0,62.0,18.0,11.0,-16.0,-104.0,-182.0,-46.27,11.52,-171.19,-68.6,-19.96,-72.27,0.2,0.36,1.14
22.60357141494751,112.0,130.0,0.0,52.0,13.0,11.0,-20.0,3.0,-169.0,-43.02,9.86,-169.21,-31.74,7.57,-118.35,0.7,0.71,1.22
22.640382528305054,108.0,105.0,254.0,35.0,10.0,-8.0,-25.0,-29.0,-173.0,-41.95,7.73,-167.71,-3.3,36.44,-14.77,0.27,1.22,1.31
22.677229166030884,115.0,99.0,252.0,58.0,22.0,41.0,-16.0,-37.0,-175.0,-42.55,6.69,-166.7,18.31,5.86,52.43,0.16,1.15,0.92
22.714085340499878,117.0,113.0,246.0,50.0,16.0,52.0,-13.0,-18.0,-184.0,-43.89,7.0,-166.44,42.54,-24.66,82.28,0.15,0.64,0.48
22.746877431869507,110.0,121.0,247.0,43.0,-3.0,0.0,-23.0,-8.0,-182.0,-45.08,7.3,-167.06,93.57,-21.61,57.43,0.11,0.49,0.28
22.78366255760193,116.0,113.0,255.0,63.0,2.0,22.0,-15.0,-18.0,-171.0,-45.8,7.59,-169.15,141.24,-21.12,40.89,0.18,0.6,0.08
22.81655716896057,107.0,144.0,252.0,65.0,17.0,22.0,-27.0,22.0,-176.0,-46.29,7.8,-172.25,190.98,-24.54,34.36,0.07,0.69,0.29
22.849303722381592,104.0,149.0,0.0,90.0,24.0,5.0,-31.0,28.0,-169.0,-46.48,8.35,-175.72,208.44,-42.66,25.63,0.05,0.62,0.74
22.8862624168396,123.0,125.0,241.0,102.0,24.0,-24.0,-5.0,-2.0,-190.0,-46.8,8.88,-179.11,216.19,-49.26,36.99,0.01,0.53,0.74
22.92302131652832,109.0,116.0,249.0,118.0,25.0,-17.0,-24.0,-14.0,-179.0,-47.55,9.72,177.31,224.12,-47.73,48.65,-0.11,0.42,0.47
22.959933280944824,98.0,93.0,232.0,136.0,27.0,-27.0,-38.0,-44.0,-202.0,-48.25,10.87,173.28,251.59,-43.76,23.13,-0.17,0.44,0.53
22.996717929840088,80.0,115.0,225.0,159.0,40.0,4.0,-62.0,-15.0,-212.0,-48.09,12.02,168.81,270.81,-48.83,-3.42,-0.17,0.49,0.75
23.033581495285034,55.0,144.0,199.0,183.0,42.0,-25.0,-96.0,22.0,-246.0,-47.85,13.18,163.99,270.02,-68.36,1.95,-0.15,0.42,0.92
23.070484161376953,31.0,117.0,142.0,203.0,66.0,25.0,-127.0,-12.0,-322.0,-48.08,14.66,159.57,254.46,-76.35,11.41,-0.31,0.06,0.97
23.107316732406616,100.0,126.0,213.0,187.0,48.0,47.0,-35.0,-1.0,-227.0,-48.58,16.86,154.55,250.49,-70.31,-2.08,-0.52,-0.35,0.95
23.144150733947754,165.0,32.0,15.0,107.0,0.0,-174.0,50.0,-126.0,-148.0,-48.56,19.09,149.39,250.49,-53.59,-33.39,-0.57,-0.31,1.2
23.180964708328247,254.0,178.0,49.0,32.0,6.0,-34.0,169.0,-275.0,-104.0,-47.1,21.17,145.92,184.51,-9.64,-52.12,-0.71,-0.38,0.86
23.21669864654541,171.0,24.0,62.0,-19.0,0.0,147.0,58.0,-137.0,-87.0,-46.92,22.76,143.03,122.44,5.49,0.49,-0.55,-0.41,0.52
23.246645212173462,155.0,94.0,84.0,-103.0,4.0,101.0,37.0,-43.0,-57.0,-47.94,21.36,139.65,30.21,12.02,65.19,-0.19,-1.15,0.67
23.28758692741394,140.0,80.0,117.0,-225.0,-54.0,-38.0,17.0,-62.0,-12.0,-49.35,19.16,138.22,-25.02,18.68,69.89,-0.18,-1.19,0.69
23.324581384658813,146.0,34.0,79.0,-290.0,-119.0,-65.0,25.0,-123.0,-63.0,-49.83,17.3,138.29,-84.17,39.61,14.83,-0.39,-0.89,0.79
23.36130118370056,149.0,27.0,52.0,-320.0,-102.0,-3.0,28.0,-133.0,-99.0,-48.41,17.45,141.5,-95.83,60.12,-16.48,-0.97,-0.15,0.84
23.398122787475586,147.0,1.0,51.0,-327.0,-130.0,71.0,26.0,-167.0,-100.0,-47.26,18.04,144.21,-60.06,34.0,-30.94,-0.96,-0.23,0.81
23.43895125389099,122.0,24.0,30.0,-317.0,-106.0,144.0,-7.0,-137.0,-129.0,-44.33,19.88,144.85,-28.5,46.75,-153.2,-0.61,-1.12,1.41
23.475860357284546,100.0,123.0,253.0,-327.0,-48.0,119.0,-36.0,-5.0,-174.0,-39.35,20.5,147.67,-38.09,86.3,-167.85,0.03,0.06,1.63
23.51272439956665,122.0,64.0,16.0,-268.0,-60.0,37.0,-7.0,-84.0,-147.0,-35.39,19.01,152.08,-82.15,112.79,-65.49,-0.1,0.83,0.97
23.549551486968994,127.0,194.0,27.0,-110.0,35.0,107.0,0.0,88.0,-133.0,-34.37,17.24,155.77,-93.02,56.76,40.83,-0.12,0.77,0.79
23.58235192298889,96.0,3.0,242.0,56.0,48.0,18.0,-41.0,175.0,-189.0,-34.64,15.7,158.77,-75.26,19.9,41.87,0.0,0.05,1.1
23.615123987197876,61.0,131.0,1.0,157.0,61.0,-78.0,-87.0,5.0,-168.0,-35.32,14.06,159.82,-62.74,11.23,43.46,-0.04,-0.52,1.01
23.65603280067444,212.0,124.0,213.0,107.0,73.0,-14.0,-229.0,-4.0,-228.0,-35.37,13.36,161.35,-44.31,35.34,8.97,-0.34,0.03,0.96
23.692893981933594,176.0,62.0,242.0,50.0,23.0,-212.0,65.0,-86.0,-189.0,-34.51,12.82,163.7,-41.56,20.94,6.59,-0.22,0.09,1.06
23.725696802139282,58.0,92.0,202.0,59.0,4.0,-168.0,-92.0,-46.0,-243.0,-34.99,12.2,164.95,-44.92,2.14,37.9,-0.13,-0.25,1.04
23.762535333633423,131.0,215.0,48.0,115.0,46.0,-6.0,5.0,-225.0,-105.0,-35.9,11.15,165.1,-43.27,3.11,44.01,-0.07,-0.41,0.93
23.795440435409546,116.0,132.0,232.0,69.0,29.0,27.0,-15.0,6.0,-202.0,-36.44,10.4,165.11,-40.59,12.21,21.79,-0.16,-0.26,0.94
23.832162141799927,147.0,92.0,246.0,51.0,37.0,-21.0,26.0,-47.0,-183.0,-36.52,10.27,166.38,-44.56,5.55,16.72,-0.22,-0.13,0.97
23.86087465286255,127.0,83.0,0.0,59.0,34.0,27.0,0.0,-58.0,-170.0,-36.8,10.12,167.54,-44.43,0.79,25.88,-0.2,-0.17,0.95
23.897703170776367,97.0,126.0,248.0,56.0,42.0,20.0,-39.0,-1.0,-181.0,-37.39,10.0,168.0,-41.87,-5.43,32.96,-0.17,-0.27,0.88
23.934643268585205,108.0,104.0,253.0,49.0,23.0,-5.0,-24.0,-30.0,-174.0,-38.01,10.02,167.94,-44.56,0.55,26.49,-0.21,-0.33,0.87
23.971399068832397,117.0,118.0,251.0,62.0,27.0,30.0,-13.0,-12.0,-177.0,-38.23,10.01,168.24,-47.12,4.88,15.63,-0.23,-0.24,0.91
24.004207611083984,121.0,114.0,246.0,53.0,19.0,14.0,-8.0,-17.0,-183.0,-38.19,10.0,169.07,-44.62,7.69,9.4,-0.25,-0.11,0.94
24.04102897644043,117.0,99.0,255.0,57.0,17.0,9.0,-13.0,-37.0,-171.0,-38.17,10.17,170.51,-43.88,6.04,13.98,-0.25,-0.05,1.0
24.073845148086548,118.0,120.0,250.0,58.0,21.0,15.0,-12.0,-9.0,-179.0,-38.18,10.3,171.43,-46.02,2.01,9.64,-0.25,-0.2,0.97
24.110674619674683,111.0,122.0,254.0,68.0,10.0,-6.0,-21.0,-7.0,-173.0,-38.24,10.39,171.59,-46.75,6.9,6.96,-0.26,-0.27,0.93
24.143446445465088,114.0,129.0,251.0,82.0,20.0,3.0,-17.0,2.0,-177.0,-38.17,10.4,171.78,-52.06,10.31,2.87,-0.26,-0.26,0.93
24.18028974533081,118.0,123.0,249.0,97.0,8.0,-21.0,-12.0,-4.0,-179.0,-38.21,10.48,172.03,-56.4,6.47,8.24,-0.28,-0.34,0.93
24.213122129440308,118.0,94.0,243.0,121.0,8.0,-15.0,-12.0,-43.0,-187.0,-38.43,10.55,172.08,-60.91,9.09,5.8,-0.26,-0.42,0.89
24.25401473045349,95.0,107.0,229.0,134.0,-8.0,-43.0,-42.0,-27.0,-206.0,-38.57,10.61,172.12,-66.53,10.44,2.08,-0.26,-0.44,0.94
24.286808967590332,86.0,141.0,213.0,154.0,38.0,1.0,-54.0,18.0,-227.0,-38.51,10.52,172.46,-74.65,15.93,-8.61,-0.28,-0.4,0.99
24.323697090148926,75.0,135.0,190.0,178.0,31.0,-32.0,-69.0,10.0,-259.0,-38.13,10.44,173.19,-82.76,16.36,-16.91,-0.28,-0.37,1.04
24.360531091690063,35.0,82.0,151.0,196.0,54.0,23.0,-123.0,-60.0,-310.0,-37.72,10.43,173.97,-92.04,16.05,-18.31,-0.32,-0.42,1.04
24.39741826057434,118.0,153.0,227.0,209.0,60.0,109.0,-12.0,34.0,-209.0,-37.42,10.45,174.85,-102.17,16.17,-14.16,-0.38,-0.54,1.04
24.43032956123352,168.0,64.0,1.0,114.0,16.0,-116.0,54.0,-84.0,-168.0,-37.41,10.78,176.0,-116.15,21.48,-4.21,-0.63,-0.74,1.05
24.471104621887207,22.0,195.0,64.0,22.0,-56.0,-132.0,201.0,-251.0,-83.0,-37.47,11.06,177.61,-130.74,28.38,-0.55,-0.81,-0.69,1.13
24.503917932510376,179.0,246.0,62.0,-21.0,-1.0,104.0,69.0,-183.0,-86.0,-37.45,11.3,179.68,-147.28,46.39,-12.39,-0.84,-0.48,1.48
24.54075026512146,135.0,91.0,90.0,-110.0,12.0,90.0,10.0,-47.0,-49.0,-38.18,11.48,-178.02,-166.69,22.4,58.9,-0.58,-0.52,1.42
24.573551654815674,123.0,72.0,133.0,-235.0,-33.0,-26.0,-5.0,-73.0,7.0,-40.92,11.95,-176.21,-166.5,-2.69,114.62,-0.27,-0.42,1.09
24.614466190338135,150.0,33.0,69.0,-299.0,-122.0,-55.0,30.0,-125.0,-77.0,-40.71,11.71,-174.45,-105.29,-8.54,-30.82,-0.15,0.03,1.05
24.651310443878174,147.0,36.0,57.0,-327.0,-103.0,0.0,26.0,-120.0,-93.0,-38.57,10.85,-171.88,-49.32,-19.29,-117.8,0.29,0.64,1.3
24.68823218345642,136.0,251.0,49.0,-327.0,-123.0,86.0,11.0,-177.0,-103.0,-36.06,9.42,-170.16,-21.79,-3.11,-81.54,0.69,0.81,1.22
24.729191303253174,102.0,38.0,30.0,-327.0,-112.0,148.0,-33.0,-118.0,-129.0,-35.79,7.97,-169.17,10.68,20.32,42.36,0.25,1.1,1.13
24.76605248451233,68.0,152.0,232.0,-327.0,-48.0,77.0,-79.0,33.0,-203.0,-37.21,7.91,-168.66,31.43,-12.27,74.46,0.17,0.89,0.7
24.80696392059326,92.0,89.0,254.0,-267.0,-30.0,33.0,-47.0,-51.0,-173.0,-38.07,7.98,-168.86,64.88,-20.57,45.84,0.13,0.58,0.47
24.83975839614868,98.0,193.0,16.0,-55.0,28.0,101.0,-38.0,87.0,-147.0,-38.21,7.96,-169.86,119.57,-17.64,10.07,0.15,0.52,0.22
24.876599073410034,95.0,232.0,238.0,82.0,41.0,6.0,-43.0,140.0,-194.0,-38.09,7.95,-172.64,174.07,-18.49,0.37,0.21,0.63,0.05
24.909404039382935,61.0,127.0,241.0,128.0,76.0,-67.0,-88.0,0.0,-191.0,-37.75,8.23,-176.18,213.13,-26.18,-6.59,0.07,0.73,0.4
24.946279048919678,20.0,140.0,220.0,91.0,21.0,-115.0,-142.0,17.0,-218.0,-37.27,8.74,-179.69,221.62,-42.66,-8.79,0.07,0.67,0.75
24.98313593864441,153.0,76.0,209.0,86.0,-81.0,-280.0,34.0,-68.0,-233.0,-37.25,9.51,176.82,221.19,-53.28,22.22,-0.0,0.56,0.74
25.019994735717773,149.0,225.0,55.0,128.0,85.0,-10.0,29.0,-211.0,-96.0,-37.86,10.67,173.12,231.75,-59.88,31.01,-0.05,0.45,0.55
25.056854724884033,111.0,42.0,243.0,110.0,67.0,69.0,-21.0,-113.0,-188.0,-38.28,11.86,168.72,254.15,-58.53,17.15,-0.12,0.45,0.64
25.09776282310486,117.0,119.0,253.0,42.0,27.0,-22.0,-13.0,-10.0,-174.0,-38.67,13.12,164.32,262.63,-71.17,16.97,-0.11,0.44,0.89
25.13056445121765,122.0,58.0,240.0,39.0,25.0,-27.0,-6.0,-91.0,-191.0,-39.19,14.55,159.95,255.55,-78.49,20.81,-0.2,0.33,0.96
25.167431116104126,116.0,112.0,246.0,54.0,24.0,41.0,-14.0,-20.0,-184.0,-40.29,16.27,155.54,247.5,-80.75,29.66,-0.38,-0.06,0.88
25.204272985458374,119.0,122.0,252.0,35.0,13.0,-4.0,-10.0,-6.0,-175.0,-41.62,18.23,150.4,240.17,-61.52,19.23,-0.6,-0.43,1.12
25.23297667503357,120.0,95.0,0.0,53.0,11.0,6.0,-9.0,-42.0,-168.0,-41.41,19.55,146.14,208.44,-29.11,-23.56,-0.68,-0.47,0.91
25.26572322845459,122.0,115.0,0.0,42.0,12.0,3.0,-6.0,-16.0,-169.0,-42.33,20.68,141.51,144.35,1.34,29.42,-0.62,-0.72,0.58
25.302570104599,104.0,111.0,245.0,49.0,23.0,7.0,-30.0,-21.0,-184.0,-43.73,19.79,137.83,67.02,14.16,66.41,-0.24,-1.29,0.49
25.339435815811157,110.0,109.0,252.0,53.0,18.0,-11.0,-22.0,-24.0,-175.0,-45.36,17.71,135.78,-11.11,22.03,72.57,-0.2,-1.38,0.59
25.376299619674683,116.0,110.0,251.0,57.0,17.0,-2.0,-15.0,-23.0,-177.0,-45.96,15.9,135.37,-52.12,41.99,15.38,-0.19,-0.82,0.66
25.4131817817688,106.0,112.0,253.0,70.0,15.0,-2.0,-28.0,-20.0,-174.0,-44.63,15.69,138.07,-88.62,64.09,-28.08,-0.61,-0.46,0.93
25.445976972579956,110.0,122.0,254.0,80.0,20.0,-3.0,-22.0,-6.0,-173.0,-42.51,16.13,141.68,-73.06,66.41,-53.22,-0.72,-0.21,0.85
25.523753881454468,114.0,119.0,242.0,111.0,20.0,-19.0,-17.0,-11.0,-189.0,-43.74,20.18,149.17,188.11,-16.91,-23.38,-0.66,-0.45,0.77
25.56066656112671,109.0,111.0,226.0,133.0,21.0,-24.0,-23.0,-21.0,-210.0,-43.91,21.57,144.88,124.88,7.63,-3.36,-0.59,-0.79,0.46
25.597472667694092,78.0,147.0,210.0,164.0,33.0,-8.0,-65.0,26.0,-231.0,-44.89,21.21,141.71,33.14,11.6,35.1,-0.31,-1.24,0.57
25.634332418441772,57.0,127.0,171.0,190.0,55.0,-20.0,-92.0,0.0,-283.0,-45.85,19.71,140.42,-27.04,21.0,26.86,-0.12,-0.99,0.75
25.667126655578613,67.0,60.0,177.0,206.0,59.0,59.0,-80.0,-88.0,-276.0,-46.02,18.48,141.25,-84.47,35.52,-0.73,-0.28,-0.64,0.81
25.703956127166748,126.0,130.0,232.0,188.0,58.0,97.0,-1.0,4.0,-202.0,-44.73,18.45,144.96,-99.37,55.24,-2.87,-0.97,0.09,1.01
25.740808725357056,111.0,36.0,249.0,97.0,17.0,-74.0,-21.0,-121.0,-179.0,-44.35,18.78,148.05,-64.58,23.01,-8.24,-0.73,-0.47,0.93
25.77364206314087,217.0,197.0,73.0,8.0,9.0,28.0,119.0,-249.0,-71.0,-42.11,19.39,148.42,-33.2,44.13,-135.07,-0.57,-1.12,1.64
25.806378841400146,188.0,15.0,66.0,-42.0,3.0,81.0,81.0,-149.0,-80.0,-38.15,19.35,151.32,-58.23,82.52,-125.31,0.02,0.25,1.22
25.843207359313965,120.0,89.0,100.0,-127.0,14.0,44.0,-9.0,-50.0,-35.0,-35.22,17.96,155.45,-85.33,94.3,-48.58,-0.14,0.94,0.89
25.876051664352417,148.0,59.0,136.0,-248.0,-45.0,-71.0,27.0,-90.0,11.0,-33.98,16.61,159.15,-82.7,48.95,12.15,-0.15,0.73,0.87
25.91696047782898,153.0,26.0,70.0,-294.0,-108.0,-39.0,35.0,-134.0,-76.0,-33.82,15.34,161.99,-68.79,24.41,20.63,-0.06,-0.16,1.2
25.94978928565979,129.0,41.0,56.0,-326.0,-92.0,39.0,2.0,-115.0,-95.0,-34.51,13.72,163.62,-57.86,21.12,41.08,-0.01,-0.35,0.98
25.990659713745117,123.0,15.0,52.0,-313.0,-91.0,131.0,-5.0,-149.0,-99.0,-34.76,12.87,164.86,-39.61,33.08,7.93,-0.19,-0.09,0.99
26.027528285980225,97.0,63.0,19.0,-327.0,-92.0,123.0,-40.0,-84.0,-143.0,-34.18,12.1,166.55,-32.23,27.04,-9.95,-0.17,-0.03,1.06
26.06440806388855,78.0,139.0,226.0,-327.0,-55.0,15.0,-65.0,16.0,-210.0,-34.24,11.41,167.78,-34.36,15.69,11.96,-0.16,-0.23,1.04
26.101325511932373,90.0,78.0,249.0,-275.0,-78.0,-21.0,-49.0,-65.0,-179.0,-34.54,10.75,168.33,-32.47,9.95,13.92,-0.09,-0.25,0.98
26.138157844543457,118.0,187.0,26.0,-107.0,33.0,67.0,-11.0,80.0,-134.0,-34.79,10.45,168.89,-27.47,6.41,8.54,-0.2,-0.17,0.98
26.175031423568726,109.0,240.0,242.0,63.0,40.0,-12.0,-24.0,150.0,-188.0,-35.29,10.51,169.81,-34.67,-13.12,33.57,-0.27,-0.12,1.02
26.21189832687378,46.0,125.0,239.0,141.0,69.0,-42.0,-107.0,-3.0,-193.0,-35.98,10.83,170.24,-37.23,-12.45,23.5,-0.19,-0.3,0.86
26.252795457839966,47.0,138.0,235.0,69.0,12.0,-110.0,-106.0,14.0,-199.0,-36.72,10.87,169.99,-35.46,-4.76,25.02,-0.22,-0.36,0.87
26.28971219062805,172.0,48.0,202.0,78.0,-25.0,-224.0,60.0,-105.0,-242.0,-37.27,10.9,169.74,-39.98,0.06,14.1,-0.2,-0.38,0.88
26.326562643051147,122.0,226.0,46.0,111.0,44.0,-62.0,-7.0,-210.0,-108.0,-37.65,11.02,169.52,-43.4,4.52,8.42,-0.23,-0.38,0.82
26.363391876220703,117.0,52.0,249.0,89.0,65.0,64.0,-13.0,-99.0,-180.0,-37.96,11.22,169.46,-45.04,8.54,4.27,-0.26,-0.32,0.86
26.39618730545044,133.0,124.0,244.0,32.0,39.0,-4.0,8.0,-3.0,-186.0,-37.99,11.21,170.15,-46.45,10.13,-0.73,-0.23,-0.25,0.96
26.428978443145752,127.0,62.0,241.0,24.0,30.0,-14.0,0.0,-86.0,-190.0,-38.01,11.18,171.07,-49.32,9.77,1.83,-0.25,-0.21,0.97
26.465855598449707,115.0,103.0,253.0,47.0,20.0,46.0,-16.0,-32.0,-175.0,-38.13,11.08,171.76,-52.55,8.0,3.36,-0.25,-0.26,0.89
26.498615026474,101.0,128.0,247.0,22.0,9.0,-3.0,-34.0,1.0,-183.0,-38.23,11.13,172.32,-55.66,9.28,0.37,-0.23,-0.24,0.94
26.53139328956604,116.0,105.0,0.0,50.0,3.0,32.0,-15.0,-28.0,-169.0,-38.32,11.21,173.17,-60.73,9.34,-0.79,-0.24,-0.25,0.95
26.568214416503906,118.0,152.0,252.0,49.0,13.0,34.0,-11.0,33.0,-175.0,-38.43,11.31,173.84,-65.12,9.46,0.49,-0.27,-0.27,0.94
26.60102391242981,103.0,139.0,251.0,53.0,9.0,-5.0,-31.0,16.0,-177.0,-38.52,11.38,174.54,-68.3,12.57,-0.37,-0.27,-0.29,0.97
26.63787317276001,118.0,124.0,252.0,56.0,12.0,-13.0,-12.0,-3.0,-176.0,-38.56,11.34,175.28,-75.2,11.6,-4.94,-0.28,-0.34,1.01
26.674729108810425,106.0,112.0,245.0,66.0,24.0,-2.0,-28.0,-20.0,-185.0,-38.52,11.23,175.97,-81.67,9.95,-8.12,-0.28,-0.38,1.02
26.70750069618225,94.0,139.0,0.0,76.0,10.0,-19.0,-43.0,16.0,-170.0,-38.41,11.17,176.75,-91.0,11.11,-12.45,-0.31,-0.42,1.03
26.744359731674194,116.0,142.0,249.0,91.0,20.0,-32.0,-14.0,19.0,-180.0,-38.51,11.55,177.68,-102.54,11.41,-5.74,-0.47,-0.57,1.01
26.78124690055847,115.0,105.0,252.0,102.0,18.0,-67.0,-16.0,-29.0,-176.0,-38.71,12.02,178.8,-117.92,12.7,-1.28,-0.6,-0.65,1.07
26.82214856147766,102.0,120.0,242.0,129.0,19.0,-33.0,-33.0,-9.0,-189.0,-38.89,12.47,-179.67,-132.08,19.1,-6.16,-0.81,-0.69,1.23
26.858991384506226,90.0,116.0,233.0,143.0,39.0,-17.0,-48.0,-15.0,-201.0,-38.78,12.77,-177.7,-142.27,44.68,-22.77,-0.9,-0.5,1.46
26.89587163925171,60.0,149.0,200.0,181.0,48.0,-11.0,-89.0,29.0,-245.0,-39.24,12.75,-175.51,-156.62,38.33,33.63,-0.63,-0.34,1.36
26.93286919593811,27.0,92.0,152.0,202.0,61.0,-18.0,-133.0,-47.0,-309.0,-41.1,12.71,-173.56,-145.26,18.01,60.06,-0.2,-0.19,1.09
26.969583749771118,78.0,110.0,203.0,218.0,53.0,91.0,-65.0,-22.0,-241.0,-41.03,12.21,-171.39,-99.91,6.23,-21.67,-0.23,0.26,0.98
27.006495237350464,116.0,68.0,244.0,127.0,-31.0,-94.0,-14.0,-78.0,-186.0,-39.34,11.24,-168.88,-48.4,-17.03,-88.87,0.43,0.71,1.18
27.04747200012207,223.0,220.0,40.0,40.0,-38.0,-154.0,128.0,-218.0,-115.0,-37.98,9.76,-167.04,-36.38,1.16,-23.5,0.5,0.71,1.16
27.080212354660034,111.0,24.0,53.0,-6.0,8.0,124.0,-21.0,-137.0,-98.0,-38.69,8.56,-165.83,2.56,15.69,70.86,0.19,0.97,1.0
27.113004446029663,124.0,95.0,83.0,-100.0,2.0,45.0,-4.0,-43.0,-59.0,-40.26,8.48,-165.18,25.15,-9.22,84.9,0.14,0.86,0.65
27.149897813796997,153.0,63.0,108.0,-204.0,-59.0,-69.0,34.0,-84.0,-25.0,-41.41,8.81,-165.13,59.02,-26.06,68.66,0.05,0.57,0.48
27.190744638442993,156.0,34.0,78.0,-248.0,-126.0,-51.0,39.0,-124.0,-64.0,-42.54,9.2,-165.83,92.16,-18.01,73.85,0.02,0.44,0.28
27.227660655975342,160.0,44.0,61.0,-289.0,-88.0,21.0,43.0,-110.0,-87.0,-43.31,9.3,-167.83,140.44,-10.01,38.76,0.12,0.48,0.09
27.264509916305542,140.0,24.0,50.0,-304.0,-103.0,68.0,16.0,-137.0,-102.0,-43.27,9.37,-170.98,197.94,-14.53,5.86,0.05,0.57,0.32
27.305457830429077,119.0,39.0,35.0,-311.0,-94.0,115.0,-11.0,-117.0,-122.0,-42.48,9.26,-174.26,218.87,-22.71,-22.09,0.02,0.47,0.72
27.34231400489807,109.0,80.0,3.0,-313.0,-69.0,130.0,-23.0,-63.0,-165.0,-41.37,9.16,-177.81,232.91,-25.39,-32.96,-0.05,0.47,0.78
27.37921714782715,48.0,112.0,190.0,-293.0,-59.0,50.0,-105.0,-20.0,-258.0,-40.36,9.56,178.41,237.67,-27.59,-22.46,-0.12,0.61,0.65
27.416091680526733,59.0,166.0,24.0,-166.0,-28.0,49.0,-90.0,51.0,-137.0,-40.22,10.68,174.28,248.78,-50.72,8.12,-0.18,0.65,0.74
27.448875904083252,99.0,0.0,244.0,13.0,45.0,55.0,-36.0,172.0,-186.0,-40.78,12.11,170.09,248.35,-74.22,31.86,-0.16,0.59,1.01
27.485778331756592,125.0,172.0,239.0,131.0,50.0,-73.0,-3.0,59.0,-193.0,-41.93,13.9,166.0,237.98,-90.33,57.01,-0.26,0.25,0.95
27.522583961486816,248.0,87.0,231.0,114.0,97.0,-7.0,-180.0,-53.0,-203.0,-43.46,15.96,161.43,241.09,-74.83,43.88,-0.48,-0.2,0.82
27.56349802017212,61.0,137.0,153.0,93.0,-76.0,-224.0,-87.0,13.0,-307.0,-44.35,18.55,155.19,247.01,-45.47,-4.88,-0.54,-0.42,0.96
27.596312284469604,152.0,217.0,67.0,139.0,34.0,-50.0,33.0,-222.0,-79.0,-44.09,19.8,151.22,214.84,-33.33,-26.55,-0.43,-0.26,1.02
27.63315176963806,154.0,30.0,251.0,86.0,64.0,-1.0,36.0,-128.0,-177.0,-44.73,21.09,147.99,132.63,-10.99,55.18,-0.48,-0.55,0.63
27.66597819328308,128.0,105.0,244.0,49.0,50.0,21.0,1.0,-29.0,-186.0,-46.7,20.37,144.24,70.43,5.62,72.75,-0.37,-1.29,0.51
27.702766180038452,123.0,84.0,251.0,48.0,44.0,17.0,-5.0,-57.0,-177.0,-48.44,18.94,141.92,2.93,15.93,60.06,-0.22,-1.36,0.6
27.735546588897705,126.0,112.0,244.0,58.0,29.0,42.0,0.0,-20.0,-186.0,-49.4,17.63,141.09,-44.13,27.22,21.91,-0.36,-0.85,0.67
27.77256417274475,117.0,111.0,254.0,49.0,17.0,14.0,-12.0,-21.0,-173.0,-48.94,18.15,142.94,-84.9,48.71,-12.15,-0.49,-0.18,0.76
27.80518412590027,119.0,87.0,2.0,59.0,13.0,22.0,-10.0,-54.0,-167.0,-47.36,18.13,146.84,-91.49,52.8,-18.25,-0.81,-0.09,1.11
27.842034816741943,118.0,110.0,251.0,49.0,9.0,26.0,-11.0,-22.0,-176.0,-46.15,19.75,148.59,-19.1,18.86,-118.96,-0.66,-1.13,1.17
27.874813318252563,124.0,115.0,255.0,46.0,8.0,17.0,-3.0,-15.0,-172.0,-41.69,20.32,151.24,-25.45,69.95,-160.16,-0.29,0.02,1.52
27.911638975143433,113.0,103.0,253.0,46.0,7.0,0.0,-19.0,-31.0,-174.0,-37.94,19.49,155.24,-78.92,83.25,-67.57,-0.27,0.66,1.22
27.944443464279175,107.0,91.0,254.0,50.0,7.0,-4.0,-26.0,-47.0,-173.0,-36.86,18.34,159.19,-86.0,44.74,4.39,-0.19,0.54,0.8
27.9772310256958,102.0,111.0,253.0,57.0,9.0,7.0,-33.0,-21.0,-174.0,-36.38,17.16,162.15,-62.44,20.81,-0.24,0.03,0.0,0.91
28.010029077529907,120.0,134.0,252.0,62.0,11.0,-8.0,-9.0,9.0,-176.0,-36.52,15.7,163.88,-52.12,12.63,14.71,-0.12,-0.24,1.07
28.050889015197754,112.0,115.0,243.0,81.0,15.0,-14.0,-19.0,-16.0,-187.0,-36.79,14.8,165.69,-47.91,22.83,13.49,-0.26,-0.06,1.03
28.083725929260254,110.0,127.0,240.0,104.0,17.0,-11.0,-23.0,0.0,-191.0,-36.85,14.42,167.72,-45.17,13.43,16.91,-0.26,-0.15,1.01
28.12059187889099,97.0,126.0,228.0,119.0,18.0,-45.0,-40.0,-1.0,-208.0,-37.7,13.98,168.26,-48.4,1.1,34.97,-0.19,-0.4,0.96
28.157390594482422,84.0,124.0,226.0,154.0,37.0,0.0,-57.0,-4.0,-211.0,-38.94,13.31,167.72,-44.25,5.0,27.83,-0.14,-0.47,0.88
28.194242477416992,66.0,159.0,201.0,173.0,33.0,-32.0,-81.0,43.0,-244.0,-39.63,12.73,167.26,-42.72,12.08,12.33,-0.2,-0.32,0.88
28.231107473373413,39.0,110.0,154.0,197.0,50.0,-14.0,-117.0,-23.0,-306.0,-39.9,12.64,168.41,-48.65,9.52,11.29,-0.26,-0.15,0.9
28.268016576766968,113.0,137.0,208.0,205.0,62.0,73.0,-19.0,13.0,-235.0,-40.05,13.04,169.47,-47.3,1.53,0.61,-0.27,-0.26,0.89
28.305001258850098,148.0,62.0,254.0,132.0,-28.0,-169.0,27.0,-86.0,-173.0,-40.47,13.02,170.02,-44.43,0.92,12.15,-0.25,-0.19,0.97
28.342211961746216,36.0,176.0,55.0,28.0,-72.0,-157.0,220.0,-277.0,-95.0,-40.69,12.87,171.13,-48.28,4.7,9.52,-0.2,-0.17,0.94
28.378682136535645,188.0,250.0,75.0,-13.0,-5.0,146.0,81.0,-178.0,-69.0,-41.02,12.81,171.68,-48.52,3.42,9.95,-0.24,-0.25,0.88
28.41552710533142,131.0,95.0,102.0,-114.0,18.0,142.0,4.0,-43.0,-33.0,-41.36,13.17,171.8,-46.69,1.65,7.51,-0.25,-0.2,0.89
28.448423624038696,132.0,61.0,132.0,-241.0,-48.0,-40.0,6.0,-87.0,6.0,-41.36,13.61,172.54,-45.65,3.36,-0.49,-0.29,-0.18,0.93
28.48920440673828,147.0,26.0,79.0,-292.0,-112.0,-19.0,27.0,-134.0,-63.0,-41.32,13.56,173.39,-49.56,3.66,0.49,-0.22,-0.15,0.95
28.52211356163025,141.0,63.0,58.0,-327.0,-94.0,-3.0,18.0,-85.0,-92.0,-41.31,13.52,174.13,-53.47,2.08,0.98,-0.22,-0.15,0.95
28.558960914611816,136.0,1.0,42.0,-327.0,-136.0,52.0,11.0,-168.0,-113.0,-41.42,13.36,175.11,-58.41,2.14,5.98,-0.23,-0.11,0.98
28.599931716918945,114.0,18.0,23.0,-327.0,-125.0,139.0,-16.0,-144.0,-138.0,-41.57,13.58,175.86,-59.63,3.6,4.82,-0.3,-0.15,0.97
28.636794328689575,65.0,173.0,237.0,-327.0,-63.0,91.0,-83.0,61.0,-195.0,-41.6,13.79,176.55,-62.19,5.37,0.0,-0.33,-0.18,0.97
28.67759680747986,118.0,63.0,1.0,-250.0,-54.0,-26.0,-11.0,-85.0,-167.0,-41.65,13.99,176.94,-64.94,8.24,-2.69,-0.33,-0.24,0.94
28.710487365722656,92.0,183.0,27.0,-41.0,31.0,101.0,-47.0,74.0,-133.0,-41.72,14.06,177.3,-68.73,11.05,-1.77,-0.36,-0.29,0.94
28.747362852096558,96.0,234.0,235.0,105.0,63.0,30.0,-41.0,143.0,-198.0,-41.75,14.24,177.51,-74.71,12.15,-11.11,-0.36,-0.42,0.93
28.784343242645264,31.0,123.0,243.0,127.0,61.0,-75.0,-127.0,-5.0,-188.0,-41.64,14.32,177.86,-84.17,14.53,-20.51,-0.34,-0.55,0.95
28.820942163467407,131.0,133.0,200.0,60.0,27.0,-159.0,5.0,7.0,-244.0,-41.48,14.1,178.47,-94.79,20.45,-17.88,-0.39,-0.61,1.01
28.857834815979004,158.0,33.0,3.0,88.0,-25.0,-239.0,41.0,-125.0,-165.0,-41.39,14.07,179.4,-107.6,22.95,-15.56,-0.55,-0.68,1.12
28.890633821487427,128.0,221.0,71.0,132.0,95.0,37.0,1.0,-216.0,-74.0,-41.29,14.16,-179.31,-124.57,20.63,-16.48,-0.77,-0.74,1.31
28.92758822441101,119.0,113.0,218.0,61.0,43.0,-16.0,-10.0,-18.0,-221.0,-40.96,14.47,-177.47,-133.24,35.34,-26.67,-0.98,-0.57,1.58
28.964497804641724,101.0,104.0,251.0,40.0,30.0,-45.0,-34.0,-30.0,-177.0,-40.91,14.5,-175.37,-158.33,25.57,38.39,-0.55,-0.35,1.31
29.001249074935913,111.0,76.0,241.0,64.0,30.0,28.0,-20.0,-68.0,-190.0,-42.91,14.21,-173.61,-147.22,6.35,58.04,-0.12,-0.21,1.05
29.03001356124878,125.0,132.0,0.0,54.0,25.0,28.0,-2.0,6.0,-171.0,-41.98,13.43,-171.31,-93.63,-3.36,-53.28,-0.21,0.19,0.9
29.0626962184906,134.0,108.0,0.0,46.0,38.0,1.0,9.0,-25.0,-170.0,-39.32,12.34,-168.8,-48.28,-29.85,-108.28,0.5,0.61,1.21
29.095455408096313,116.0,82.0,1.0,53.0,23.0,12.0,-14.0,-60.0,-168.0,-37.34,10.84,-167.25,-25.09,4.27,-47.06,0.64,0.71,1.12
29.13226842880249,111.0,116.0,251.0,40.0,19.0,4.0,-21.0,-14.0,-177.0,-37.45,9.5,-166.24,2.32,21.36,27.04,0.15,1.01,1.02
29.16913366317749,113.0,93.0,249.0,42.0,12.0,-18.0,-19.0,-44.0,-179.0,-38.38,9.13,-165.45,26.86,-12.76,56.21,0.18,0.84,0.67
29.205950498580933,109.0,110.0,252.0,46.0,17.0,-1.0,-24.0,-22.0,-176.0,-39.11,9.4,-165.4,50.72,-28.81,51.21,0.13,0.56,0.49
29.238845825195312,105.0,119.0,249.0,55.0,18.0,0.0,-29.0,-10.0,-179.0,-39.41,9.4,-166.02,88.81,-26.86,32.47,0.12,0.44,0.35
29.27558469772339,109.0,122.0,254.0,72.0,20.0,2.0,-24.0,-7.0,-173.0,-39.52,9.36,-167.87,132.87,-18.98,17.09,0.14,0.44,0.21
29.308396100997925,111.0,129.0,246.0,83.0,12.0,-4.0,-21.0,2.0,-184.0,-39.25,9.41,-170.48,184.75,-23.99,-4.88,0.06,0.52,0.47
29.345250129699707,106.0,134.0,245.0,102.0,11.0,-25.0,-28.0,9.0,-184.0,-38.49,9.38,-173.62,202.94,-24.9,-16.3,0.04,0.55,0.74
29.382210731506348,109.0,107.0,233.0,120.0,0.0,-43.0,-24.0,-26.0,-200.0,-37.76,9.5,-176.8,213.81,-29.72,-13.67,-0.01,0.54,0.72
29.419097185134888,101.0,115.0,222.0,148.0,12.0,-21.0,-34.0,-15.0,-215.0,-37.29,10.22,179.77,224.79,-37.35,-12.02,-0.1,0.58,0.63
29.45592474937439,92.0,158.0,199.0,165.0,24.0,-39.0,-46.0,41.0,-246.0,-36.9,11.29,176.02,236.88,-48.65,-1.46,-0.2,0.53,0.7
29.49282693862915,21.0,98.0,182.0,195.0,58.0,-22.0,-141.0,-38.0,-269.0,-37.16,12.83,172.08,242.55,-64.09,13.24,-0.23,0.37,0.85
29.529614448547363,99.0,90.0,215.0,208.0,70.0,111.0,-37.0,-49.0,-224.0,-37.5,14.43,168.18,240.05,-66.41,16.42,-0.28,0.26,0.93
29.566506147384644,108.0,93.0,242.0,146.0,4.0,-42.0,-25.0,-44.0,-189.0,-38.32,16.21,163.89,237.18,-66.96,22.95,-0.35,0.07,0.89
29.603285312652588,132.0,1.0,16.0,59.0,-41.0,-112.0,7.0,-168.0,-147.0,-39.03,18.31,159.44,241.52,-53.65,-1.22,-0.45,-0.19,0.94
29.636175870895386,160.0,215.0,84.0,-1.0,81.0,166.0,43.0,-224.0,-57.0,-39.3,19.99,155.27,229.92,-41.02,-11.84,-0.35,-0.04,1.22
29.668949842453003,136.0,90.0,67.0,-81.0,45.0,88.0,11.0,-48.0,-80.0,-39.48,20.9,152.32,158.26,-21.91,40.89,-0.55,-0.32,0.87
29.70587158203125,123.0,102.0,127.0,-179.0,-22.0,-47.0,-5.0,-32.0,0.0,-41.99,21.35,147.99,113.95,-5.49,75.5,-0.47,-0.83,0.5
29.74268651008606,158.0,16.0,94.0,-261.0,-92.0,-74.0,41.0,-148.0,-43.0,-44.16,20.2,144.57,35.1,11.84,72.39,-0.27,-1.42,0.66
29.779539346694946,162.0,31.0,58.0,-282.0,-80.0,-4.0,47.0,-127.0,-91.0,-45.83,18.69,142.96,-11.47,20.32,53.1,-0.27,-1.18,0.63
29.816396474838257,133.0,31.0,58.0,-307.0,-81.0,72.0,7.0,-128.0,-92.0,-46.58,17.57,142.61,-68.36,40.22,3.17,-0.47,-0.74,0.75
29.853219032287598,138.0,33.0,34.0,-315.0,-87.0,106.0,14.0,-125.0,-123.0,-45.63,17.89,145.93,-93.63,55.48,-16.6,-0.81,-0.04,0.88
29.894324779510498,98.0,67.0,12.0,-327.0,-73.0,127.0,-38.0,-80.0,-153.0,-44.77,18.32,149.1,-70.13,31.68,-20.32,-0.93,-0.31,0.93
29.930962800979614,67.0,130.0,206.0,-327.0,-54.0,-20.0,-80.0,4.0,-237.0,-42.33,19.95,149.51,-16.36,43.27,-172.85,-0.57,-0.98,1.2
29.963820457458496,60.0,136.0,4.0,-222.0,30.0,144.0,-89.0,11.0,-163.0,-36.9,20.71,152.82,-26.67,74.1,-189.33,-0.03,0.22,1.56
30.00063180923462,104.0,227.0,0.0,-44.0,60.0,104.0,-30.0,132.0,-170.0,-32.92,19.59,156.98,-70.25,93.81,-90.82,-0.03,0.87,1.11
30.037501335144043,106.0,191.0,254.0,89.0,33.0,-50.0,-28.0,85.0,-173.0,-31.88,17.92,160.62,-94.36,59.51,24.41,0.01,0.79,0.85
30.074321031570435,64.0,101.0,2.0,147.0,40.0,-68.0,-83.0,-34.0,-166.0,-32.54,16.32,163.63,-72.57,30.82,52.73,-0.07,-0.03,1.02
30.111138820648193,92.0,155.0,222.0,66.0,29.0,-103.0,-46.0,36.0,-216.0,-33.98,14.72,165.11,-53.59,16.3,57.43,-0.04,-0.29,1.07
30.144044637680054,168.0,18.0,3.0,99.0,-16.0,-206.0,55.0,-145.0,-165.0,-35.52,13.55,166.42,-49.44,29.17,40.47,-0.27,-0.17,1.04
30.18085289001465,141.0,219.0,56.0,125.0,62.0,16.0,18.0,-219.0,-95.0,-36.05,12.91,168.07,-36.74,27.77,-1.22,-0.21,-0.13,0.96
30.2176730632782,107.0,104.0,237.0,65.0,43.0,23.0,-26.0,-31.0,-195.0,-36.4,11.86,168.88,-32.1,21.79,0.67,-0.09,-0.28,1.0
30.254585027694702,114.0,115.0,249.0,39.0,33.0,-29.0,-17.0,-15.0,-180.0,-37.04,10.86,169.14,-30.27,20.75,10.01,-0.08,-0.24,1.02
30.28734803199768,130.0,79.0,243.0,31.0,37.0,11.0,4.0,-63.0,-187.0,-37.75,10.26,170.35,-34.61,12.45,26.18,-0.18,-0.06,0.98
30.324167490005493,124.0,119.0,251.0,44.0,43.0,26.0,-4.0,-11.0,-177.0,-38.8,10.85,171.58,-39.31,-5.98,32.53,-0.29,-0.13,0.96
30.36100935935974,107.0,122.0,248.0,40.0,25.0,-14.0,-26.0,-6.0,-181.0,-40.0,11.7,171.8,-40.1,-8.79,24.96,-0.26,-0.3,0.91
30.3978590965271,108.0,104.0,253.0,57.0,21.0,16.0,-24.0,-31.0,-174.0,-40.82,11.84,171.37,-33.81,-2.01,8.73,-0.2,-0.33,0.88
