4.184067010879517,74.0,81.0,172.0,96.0,-34.0,12.0,-71.0,-61.0,-282.0,-7.51,0.0,0.0,179.69,-9.64,-9.4,-0.43,-1.12,-0.39
4.2046592235565186,50.0,48.0,223.0,97.0,-29.0,-11.0,-102.0,-105.0,-214.0,-7.51,0.0,0.0,102.66,43.4,-37.78,-0.57,-0.63,0.06
4.220824480056763,114.0,66.0,34.0,71.0,-42.0,-9.0,-17.0,-81.0,-123.0,-7.51,0.0,0.0,-5.49,32.59,-8.42,-0.55,-0.65,0.5
4.241394281387329,144.0,84.0,44.0,44.0,-60.0,-122.0,22.0,-57.0,-110.0,-7.51,0.0,0.0,-87.46,32.53,-53.28,-0.37,-1.85,1.2
4.261960983276367,86.0,13.0,50.0,65.0,-25.0,-100.0,-54.0,-152.0,-102.0,-7.51,0.0,0.0,-117.92,73.85,122.44,-2.29,-2.5,2.53
4.282510280609131,118.0,74.0,75.0,-41.0,-7.0,-22.0,-12.0,-70.0,-70.0,-7.51,0.0,0.0,-78.06,36.93,-76.05,-0.75,0.01,1.4
4.302874803543091,120.0,49.0,56.0,-100.0,-37.0,-119.0,-9.0,-104.0,-94.0,-10.89,0.94,0.57,-89.72,89.05,-156.49,0.24,0.69,0.59
4.327563285827637,132.0,235.0,58.0,-40.0,7.0,-26.0,7.0,-198.0,-91.0,-12.53,2.16,1.09,-91.49,38.02,-16.78,0.54,0.66,0.78
4.3479273319244385,117.0,249.0,49.0,11.0,65.0,106.0,-13.0,-180.0,-103.0,-12.35,3.53,1.6,-79.71,46.45,9.64,-0.12,0.04,1.13
4.368419885635376,104.0,66.0,66.0,-34.0,45.0,145.0,-30.0,-81.0,-80.0,-13.27,7.18,2.73,-43.88,86.61,-52.98,-0.62,0.33,2.03
4.393057823181152,86.0,80.0,51.0,-93.0,11.0,-37.0,-54.0,-62.0,-100.0,-13.2,9.28,3.26,-57.19,20.14,24.35,-0.3,0.22,0.93
4.413490056991577,114.0,14.0,36.0,-81.0,-9.0,-95.0,-17.0,-151.0,-120.0,-12.07,10.75,4.64,-47.49,1.83,47.42,-0.32,-0.25,0.61
4.43815541267395,100.0,18.0,43.0,-76.0,12.0,-5.0,-35.0,-145.0,-111.0,-11.47,11.96,7.03,-39.31,20.69,10.62,-0.37,-0.58,0.94
4.458501577377319,95.0,13.0,42.0,-75.0,14.0,39.0,-42.0,-151.0,-113.0,-11.36,13.87,8.69,-20.08,43.88,-19.53,-0.35,-0.32,1.01
4.483277320861816,92.0,50.0,32.0,-71.0,13.0,53.0,-46.0,-102.0,-127.0,-11.51,16.29,9.57,-24.11,38.88,-12.57,-0.29,0.02,0.92
4.503583669662476,94.0,73.0,28.0,-76.0,2.0,-3.0,-43.0,-71.0,-132.0,-11.23,18.19,10.72,-29.97,15.44,8.24,-0.34,-0.19,0.93
4.524290084838867,105.0,49.0,27.0,-85.0,-14.0,-58.0,-29.0,-103.0,-132.0,-10.66,19.37,12.5,-23.8,10.07,2.5,-0.28,-0.54,0.86
4.548666477203369,98.0,36.0,20.0,-62.0,-10.0,-30.0,-38.0,-120.0,-143.0,-10.3,20.91,14.32,-19.41,30.09,-15.56,-0.27,-0.41,0.92
4.573843479156494,105.0,33.0,51.0,-64.0,-12.0,-30.0,-28.0,-125.0,-101.0,-10.22,22.87,15.65,-19.29,30.15,-17.94,-0.32,-0.22,0.93
4.593719720840454,116.0,31.0,38.0,-68.0,6.0,-15.0,-15.0,-128.0,-119.0,-10.01,24.7,16.95,-20.2,20.08,-5.55,-0.31,-0.18,0.95
4.61417031288147,115.0,31.0,36.0,-70.0,8.0,3.0,-16.0,-127.0,-120.0,-9.44,26.12,18.5,-21.79,9.22,5.25,-0.29,-0.27,0.91
4.639193296432495,110.0,18.0,41.0,-49.0,27.0,27.0,-23.0,-145.0,-115.0,-8.78,27.44,20.21,-21.67,13.24,5.74,-0.37,-0.25,0.94
4.659362554550171,99.0,252.0,38.0,14.0,62.0,65.0,-37.0,-176.0,-118.0,-8.21,28.82,21.78,-22.22,8.24,5.49,-0.35,-0.25,0.9
4.683949708938599,254.0,13.0,219.0,100.0,62.0,101.0,-173.0,-152.0,-219.0,-7.43,29.94,23.68,-20.51,6.47,8.54,-0.23,-0.31,0.98
4.704348564147949,126.0,113.0,250.0,-41.0,11.0,-106.0,-1.0,-18.0,-178.0,-6.5,30.96,25.72,-24.66,8.67,13.43,-0.23,-0.29,0.97
4.7289793491363525,125.0,8.0,64.0,57.0,26.0,56.0,-3.0,-159.0,-83.0,-5.58,31.87,27.82,-23.5,4.21,9.28,-0.23,-0.29,0.9
4.749367713928223,126.0,142.0,201.0,-15.0,20.0,49.0,-1.0,20.0,-243.0,-4.8,32.68,29.84,-19.71,4.58,4.15,-0.22,-0.3,0.97
4.7703540325164795,123.0,73.0,251.0,39.0,0.0,-21.0,-4.0,-72.0,-176.0,-4.06,33.71,31.78,-20.02,5.25,3.36,-0.27,-0.24,1.01
4.794653654098511,118.0,70.0,249.0,43.0,2.0,13.0,-11.0,-75.0,-180.0,-3.41,34.58,33.71,-18.8,-0.18,2.32,-0.3,-0.35,0.91
4.815327167510986,117.0,75.0,251.0,51.0,-4.0,-3.0,-12.0,-69.0,-176.0,-2.74,35.34,35.77,-17.76,1.16,-3.54,-0.28,-0.37,0.97
4.839693069458008,108.0,76.0,13.0,56.0,-10.0,0.0,-25.0,-67.0,-151.0,-2.06,36.07,37.84,-21.85,-2.08,-2.99,-0.26,-0.33,0.95
4.859929084777832,111.0,72.0,27.0,63.0,-15.0,5.0,-20.0,-72.0,-133.0,-1.45,36.55,40.0,-24.54,-8.06,1.28,-0.25,-0.31,0.93
4.885725975036621,126.0,69.0,15.0,66.0,-17.0,4.0,0.0,-77.0,-148.0,-0.85,37.0,42.24,-27.04,-8.42,0.61,-0.28,-0.33,0.92
4.904996633529663,116.0,70.0,12.0,76.0,-11.0,11.0,-14.0,-75.0,-152.0,-0.28,37.4,44.54,-29.42,-7.14,-1.1,-0.31,-0.32,0.94
4.929664611816406,82.0,62.0,2.0,94.0,-8.0,17.0,-60.0,-86.0,-167.0,0.31,37.9,47.0,-29.11,-5.37,-1.59,-0.27,-0.25,0.94
4.9501965045928955,92.0,66.0,225.0,105.0,-11.0,46.0,-46.0,-80.0,-211.0,0.81,38.37,49.31,-33.63,-11.84,3.54,-0.32,-0.23,0.95
4.974890232086182,34.0,80.0,172.0,107.0,-25.0,6.0,-123.0,-62.0,-283.0,1.26,38.51,51.78,-39.06,-16.97,9.09,-0.33,-0.29,0.88
4.995177268981934,95.0,34.0,32.0,112.0,-13.0,38.0,-42.0,-124.0,-126.0,1.47,38.4,54.19,-39.92,-29.79,3.3,-0.33,-0.42,0.84
5.015663385391235,160.0,85.0,36.0,62.0,-25.0,-78.0,43.0,-55.0,-121.0,1.51,38.14,56.59,-45.35,-26.61,1.04,-0.31,-0.44,0.8
5.040323734283447,119.0,255.0,56.0,54.0,-23.0,-126.0,-11.0,-172.0,-95.0,1.57,37.88,59.22,-57.62,-22.4,2.93,-0.33,-0.52,0.77
5.06066107749939,116.0,3.0,84.0,5.0,12.0,22.0,-14.0,-165.0,-57.0,1.77,37.58,62.37,-67.44,-18.37,3.85,-0.44,-0.59,0.71
5.085293769836426,124.0,104.0,57.0,-80.0,2.0,51.0,-3.0,-30.0,-93.0,1.88,37.3,65.55,-79.28,-13.43,3.3,-0.48,-0.7,0.75
5.105795383453369,117.0,66.0,41.0,-106.0,-37.0,-87.0,-13.0,-81.0,-114.0,2.12,37.27,69.13,-92.96,0.24,-8.3,-0.71,-0.87,1.01
5.130516767501831,121.0,249.0,49.0,-49.0,11.0,-12.0,-8.0,-180.0,-104.0,2.62,37.61,73.26,-114.5,22.71,-19.23,-0.77,-1.13,1.26
5.150890827178955,102.0,39.0,45.0,-40.0,38.0,100.0,-32.0,-117.0,-109.0,3.46,37.78,78.01,-125.92,21.67,-1.1,-0.9,-1.05,1.41
5.175457715988159,94.0,78.0,49.0,-99.0,-6.0,-4.0,-43.0,-65.0,-103.0,4.35,37.52,83.2,-122.86,14.77,13.79,-0.81,-0.46,1.53
5.1960601806640625,111.0,32.0,24.0,-83.0,-15.0,-85.0,-21.0,-126.0,-137.0,5.08,37.58,87.45,-99.43,13.18,1.59,-0.33,0.12,1.37
5.220623970031738,101.0,12.0,30.0,-52.0,9.0,-7.0,-34.0,-153.0,-129.0,5.47,38.4,90.6,-55.11,15.14,-55.42,-0.04,0.56,1.03
5.240966796875,96.0,24.0,51.0,-58.0,0.0,19.0,-40.0,-136.0,-101.0,5.89,40.64,92.25,-13.0,-0.85,-98.63,0.09,0.58,0.65
5.261656045913696,98.0,51.0,26.0,-60.0,2.0,6.0,-39.0,-101.0,-134.0,5.39,42.48,92.03,23.93,-8.12,-74.34,0.31,0.48,0.57
5.286044597625732,98.0,56.0,29.0,-71.0,-7.0,-33.0,-38.0,-94.0,-130.0,6.0,42.5,92.3,61.89,6.65,62.44,-0.48,0.7,0.68
5.310762405395508,96.0,40.0,27.0,-80.0,-17.0,-57.0,-40.0,-115.0,-133.0,5.09,40.99,90.0,113.77,-37.66,114.75,-0.47,0.75,0.35
5.331110000610352,104.0,38.0,25.0,-70.0,-14.0,-33.0,-31.0,-119.0,-135.0,2.9,38.66,85.28,172.24,-75.2,134.7,-0.4,0.67,0.2
5.351912498474121,93.0,40.0,36.0,-67.0,-12.0,-18.0,-45.0,-115.0,-120.0,0.56,36.33,79.06,238.59,-82.46,112.37,-0.29,0.22,0.14
5.376453399658203,97.0,22.0,44.0,-69.0,2.0,-2.0,-39.0,-140.0,-110.0,-1.18,36.6,72.21,298.83,-40.1,13.06,-0.24,-0.01,0.21
5.396601915359497,106.0,40.0,29.0,-77.0,6.0,23.0,-27.0,-116.0,-131.0,-1.16,36.85,66.7,306.46,-16.3,14.34,-0.17,0.05,0.76
5.4211790561676025,99.0,50.0,23.0,-75.0,4.0,36.0,-36.0,-103.0,-139.0,-0.9,36.31,61.38,287.05,-26.49,48.71,-0.26,-0.2,0.94
5.441612720489502,98.0,44.0,40.0,-56.0,13.0,34.0,-38.0,-111.0,-116.0,-0.62,35.22,56.53,296.33,-24.6,31.62,-0.42,-0.34,0.99
5.467339038848877,97.0,21.0,40.0,0.0,39.0,54.0,-39.0,-141.0,-116.0,-0.77,35.11,51.53,273.32,-46.39,19.47,-0.88,-0.47,1.18
5.487564325332642,144.0,251.0,20.0,147.0,101.0,51.0,22.0,-177.0,-142.0,-1.7,34.7,47.46,206.24,-48.34,-5.74,-0.79,-1.19,0.51
5.511973857879639,83.0,187.0,17.0,-28.0,34.0,-54.0,-58.0,80.0,-147.0,-1.66,32.23,44.75,140.93,-2.69,23.13,-0.42,-1.0,-0.45
5.531851053237915,115.0,50.0,223.0,67.0,18.0,-15.0,-16.0,-102.0,-214.0,-1.75,32.11,44.33,44.13,31.68,-14.22,-0.44,-0.77,0.2
5.5563976764678955,144.0,62.0,252.0,65.0,25.0,33.0,23.0,-86.0,-175.0,-0.64,31.69,47.4,-97.41,1.53,42.66,-0.33,-0.85,0.8
5.576846122741699,126.0,41.0,253.0,57.0,-5.0,-11.0,-1.0,-114.0,-174.0,0.79,31.66,52.98,-150.63,47.3,108.09,-2.11,-2.79,2.12
5.602828741073608,118.0,33.0,12.0,38.0,-21.0,-26.0,-11.0,-125.0,-152.0,2.4,30.37,57.1,-87.04,17.7,-17.27,-0.88,-0.61,1.38
5.623101234436035,106.0,43.0,22.0,31.0,-19.0,-8.0,-28.0,-112.0,-139.0,1.57,33.88,59.68,-85.63,74.95,-150.82,0.36,0.46,0.55
5.645127773284912,115.0,82.0,23.0,37.0,-15.0,22.0,-15.0,-60.0,-138.0,1.26,37.4,61.21,-58.04,78.86,-106.57,0.45,0.59,0.44
5.666974782943726,137.0,89.0,28.0,38.0,-23.0,9.0,12.0,-51.0,-131.0,2.34,40.54,64.03,-51.51,93.81,-85.27,-0.63,0.18,1.31
5.694368600845337,126.0,85.0,14.0,66.0,-4.0,20.0,-1.0,-55.0,-150.0,3.96,44.76,66.74,-11.96,103.76,-99.49,-0.73,0.87,2.07
5.712507247924805,87.0,74.0,10.0,81.0,-7.0,13.0,-52.0,-70.0,-155.0,5.01,46.27,69.37,-62.07,15.01,35.34,-0.27,0.55,1.17
5.732686996459961,81.0,76.0,243.0,97.0,-15.0,16.0,-60.0,-67.0,-187.0,5.96,43.62,72.97,-63.48,-38.7,144.84,-0.24,-0.32,0.67
5.758650302886963,67.0,87.0,159.0,106.0,-36.0,-36.0,-79.0,-53.0,-299.0,6.26,40.56,75.55,-41.38,-14.16,79.35,-0.2,-0.94,0.81
5.777768611907959,60.0,4.0,250.0,104.0,-16.0,-16.0,-89.0,-164.0,-178.0,7.12,39.52,78.1,-15.75,27.59,-0.37,-0.29,-0.68,0.92
5.8027660846710205,138.0,61.0,38.0,73.0,-14.0,40.0,14.0,-88.0,-118.0,8.49,40.49,80.62,-0.67,40.89,-35.83,-0.3,-0.12,0.84
5.822629928588867,141.0,45.0,60.0,39.0,-31.0,-113.0,18.0,-109.0,-88.0,9.64,41.33,83.05,-19.71,20.94,2.5,-0.34,-0.12,1.0
5.847309112548828,100.0,246.0,82.0,47.0,-14.0,-59.0,-35.0,-183.0,-60.0,10.25,40.78,85.52,-24.17,4.15,26.67,-0.3,-0.51,0.93
5.867655515670776,121.0,45.0,74.0,-1.0,27.0,64.0,-7.0,-109.0,-70.0,10.71,40.05,87.73,-15.93,15.01,3.48,-0.22,-0.63,0.83
5.892414808273315,121.0,107.0,48.0,-76.0,-15.0,0.0,-8.0,-26.0,-105.0,11.63,40.05,90.07,-10.25,27.53,-20.08,-0.27,-0.38,0.83
5.91283392906189,119.0,28.0,45.0,-67.0,-18.0,-70.0,-11.0,-132.0,-109.0,12.81,40.56,92.54,-8.36,28.75,-24.29,-0.35,-0.23,0.92
5.937521457672119,113.0,237.0,57.0,-25.0,19.0,23.0,-19.0,-195.0,-93.0,13.68,40.58,95.01,-13.67,14.04,5.86,-0.36,-0.26,0.93
5.957843780517578,98.0,37.0,51.0,-18.0,23.0,78.0,-38.0,-119.0,-100.0,14.04,40.11,97.03,-12.51,5.19,18.92,-0.33,-0.34,0.91
5.983024835586548,99.0,51.0,50.0,-30.0,1.0,-3.0,-37.0,-101.0,-102.0,14.38,39.51,99.04,-11.84,9.34,14.59,-0.33,-0.45,0.89
6.002982139587402,104.0,39.0,48.0,-35.0,-13.0,-60.0,-30.0,-116.0,-104.0,14.79,39.07,101.06,-11.96,12.33,1.59,-0.28,-0.43,0.85
6.0393383502960205,102.0,25.0,50.0,-42.0,-9.0,-55.0,-33.0,-136.0,-102.0,15.16,38.61,103.1,-15.63,3.54,8.18,-0.31,-0.45,0.94
6.047966480255127,103.0,10.0,44.0,-26.0,5.0,-4.0,-32.0,-155.0,-111.0,14.8,37.43,104.91,-23.19,-7.02,31.19,-0.17,-0.44,0.93
6.072598695755005,99.0,56.0,37.0,-45.0,7.0,30.0,-36.0,-94.0,-119.0,14.5,36.59,106.66,-20.63,-7.26,21.42,-0.36,-0.56,0.84
6.093053579330444,112.0,53.0,27.0,-61.0,-2.0,-9.0,-20.0,-98.0,-133.0,13.64,35.72,108.1,-25.39,-20.45,27.1,-0.28,-0.62,0.82
6.113415479660034,107.0,54.0,26.0,-87.0,-15.0,-26.0,-27.0,-96.0,-134.0,13.07,35.06,109.67,-21.48,-6.9,4.03,-0.22,-0.58,0.75
6.147028207778931,100.0,40.0,25.0,-97.0,-8.0,-13.0,-35.0,-115.0,-135.0,12.96,34.55,111.58,-23.8,3.17,2.2,-0.28,-0.38,0.88
6.164376735687256,98.0,43.0,39.0,-113.0,-14.0,-5.0,-38.0,-112.0,-117.0,12.89,34.29,113.63,-26.86,-1.71,-1.83,-0.28,-0.4,0.82
6.183141708374023,98.0,53.0,16.0,-107.0,0.0,5.0,-38.0,-99.0,-147.0,12.91,34.0,115.79,-25.88,6.96,-5.62,-0.23,-0.38,0.88
6.203608751296997,96.0,69.0,25.0,-108.0,-6.0,-11.0,-41.0,-77.0,-136.0,13.26,33.8,118.11,-29.48,11.17,-8.0,-0.29,-0.29,0.95
6.228394508361816,97.0,51.0,28.0,-107.0,-9.0,-31.0,-39.0,-101.0,-132.0,13.61,33.67,120.5,-30.4,8.85,-6.16,-0.35,-0.2,0.95
6.249025344848633,103.0,14.0,53.0,-72.0,14.0,31.0,-31.0,-150.0,-98.0,13.8,33.6,122.78,-30.15,1.83,-3.3,-0.32,-0.23,0.94
6.27339243888855,124.0,182.0,82.0,48.0,76.0,89.0,-4.0,-268.0,-59.0,13.76,33.31,124.92,-30.21,-1.22,2.56,-0.27,-0.28,0.95
6.2937586307525635,31.0,22.0,248.0,154.0,46.0,53.0,-127.0,-139.0,-181.0,13.61,32.93,127.08,-30.15,-2.08,4.33,-0.26,-0.28,0.93
6.318573474884033,111.0,140.0,225.0,-93.0,7.0,-133.0,-20.0,16.0,-211.0,13.5,32.65,129.19,-30.15,-2.08,2.44,-0.29,-0.21,0.99
6.338895082473755,105.0,252.0,14.0,58.0,34.0,50.0,-29.0,-175.0,-150.0,13.39,32.4,131.27,-29.36,-6.65,2.26,-0.3,-0.21,0.94
6.363590240478516,139.0,120.0,238.0,19.0,24.0,57.0,16.0,-8.0,-194.0,13.14,32.17,133.26,-29.3,-6.16,0.79,-0.29,-0.25,0.96
6.38390040397644,133.0,33.0,246.0,58.0,1.0,-1.0,8.0,-125.0,-183.0,12.88,31.88,135.22,-30.21,-6.71,-1.16,-0.29,-0.26,0.97
6.404259443283081,128.0,46.0,16.0,33.0,-1.0,7.0,1.0,-107.0,-148.0,12.72,31.7,137.3,-32.29,-7.69,-3.36,-0.3,-0.25,0.94
6.4290125370025635,112.0,42.0,22.0,30.0,-6.0,5.0,-20.0,-112.0,-140.0,12.37,31.5,139.41,-35.22,-11.72,-2.01,-0.33,-0.37,0.87
6.4493629932403564,103.0,64.0,19.0,27.0,-4.0,33.0,-31.0,-84.0,-144.0,11.5,31.21,141.05,-39.12,-16.48,-0.06,-0.33,-0.54,0.8
6.474111557006836,121.0,87.0,22.0,30.0,-10.0,21.0,-7.0,-53.0,-140.0,10.4,31.02,142.65,-49.19,-13.98,-4.15,-0.34,-0.55,0.78
6.494379997253418,126.0,85.0,24.0,50.0,-7.0,9.0,0.0,-56.0,-137.0,9.37,30.84,144.46,-58.11,-9.89,-10.38,-0.45,-0.59,0.76
6.524135589599609,122.0,76.0,13.0,50.0,-8.0,20.0,-6.0,-68.0,-151.0,8.31,30.89,146.43,-72.94,-4.58,-9.52,-0.5,-0.57,0.79
6.5414838790893555,99.0,86.0,15.0,77.0,-5.0,19.0,-37.0,-54.0,-149.0,7.27,30.86,148.68,-84.72,2.87,-13.79,-0.58,-0.68,0.87
6.566840171813965,92.0,71.0,252.0,98.0,-11.0,8.0,-46.0,-74.0,-176.0,6.71,30.64,151.67,-98.63,16.66,-24.11,-0.6,-0.7,1.09
6.586725950241089,112.0,44.0,195.0,101.0,-32.0,-8.0,-19.0,-110.0,-251.0,6.18,30.14,154.59,-110.72,18.86,-27.89,-0.71,-0.95,1.25
6.610781669616699,52.0,4.0,230.0,87.0,-45.0,-46.0,-100.0,-164.0,-205.0,5.02,29.85,157.14,-119.87,7.57,-0.12,-0.82,-0.96,1.41
6.632041692733765,104.0,23.0,50.0,72.0,-34.0,24.0,-30.0,-138.0,-103.0,3.86,29.34,160.29,-115.72,7.69,13.49,-0.7,-0.54,1.59
6.65065860748291,136.0,65.0,41.0,29.0,-49.0,-77.0,11.0,-82.0,-114.0,3.68,28.55,163.52,-89.72,5.31,-8.18,-0.28,-0.01,1.53
6.674823999404907,101.0,248.0,69.0,33.0,-22.0,-83.0,-34.0,-180.0,-76.0,5.26,28.01,167.13,-49.5,10.19,-95.4,-0.04,0.39,1.09
6.701265811920166,110.0,248.0,92.0,10.0,31.0,53.0,-23.0,-180.0,-47.0,8.1,27.92,170.36,-10.31,-25.15,-95.52,0.34,0.51,0.72
6.719751358032227,137.0,88.0,59.0,-51.0,30.0,102.0,13.0,-52.0,-90.0,9.67,28.21,171.84,14.53,-24.05,-40.47,0.32,0.65,0.4
6.740264654159546,108.0,103.0,20.0,-67.0,0.0,-21.0,-25.0,-32.0,-143.0,9.8,27.82,172.24,41.69,13.06,25.15,-0.28,0.77,0.54
6.7666192054748535,101.0,26.0,49.0,-35.0,-12.0,-40.0,-35.0,-134.0,-103.0,8.51,27.81,171.51,73.73,-10.86,79.71,-0.46,0.61,0.4
6.78574013710022,102.0,44.0,45.0,-21.0,-7.0,-13.0,-33.0,-110.0,-108.0,6.29,28.75,169.06,121.58,-36.44,92.53,-0.44,0.39,0.27
6.809977293014526,84.0,55.0,51.0,-30.0,-30.0,-120.0,-57.0,-95.0,-101.0,3.75,30.14,164.82,196.47,-63.72,84.66,-0.44,0.41,0.21
6.831033229827881,174.0,158.0,95.0,125.0,50.0,-60.0,63.0,-301.0,-42.0,1.93,31.82,159.76,244.26,-73.73,52.8,-0.29,0.29,0.31
6.857160329818726,143.0,36.0,135.0,35.0,27.0,67.0,21.0,-121.0,10.0,1.17,33.21,154.66,279.11,-46.51,3.23,-0.1,0.21,0.34
6.875391960144043,87.0,91.0,10.0,-12.0,9.0,-16.0,-53.0,-47.0,-156.0,0.43,33.02,149.33,284.79,-35.03,39.31,-0.22,0.02,0.85
6.901453971862793,127.0,129.0,33.0,-127.0,-77.0,-124.0,0.0,2.0,-125.0,-1.99,32.53,143.24,273.25,-52.92,91.49,-0.39,-0.17,1.0
6.920865058898926,103.0,0.0,19.0,-93.0,-50.0,-156.0,-32.0,-169.0,-143.0,-4.65,31.92,136.66,276.86,-45.35,66.35,-0.48,-0.5,0.78
6.9476234912872314,97.0,234.0,39.0,-24.0,33.0,125.0,-39.0,-200.0,-116.0,-5.82,32.34,130.93,282.96,-40.41,1.46,-0.75,-0.64,1.0
6.965759992599487,95.0,94.0,32.0,-52.0,38.0,132.0,-42.0,-44.0,-126.0,-6.89,33.0,125.7,236.21,-49.62,-27.95,-0.87,-1.33,0.73
6.991647481918335,95.0,81.0,11.0,-72.0,14.0,-1.0,-42.0,-61.0,-154.0,-9.14,33.53,119.65,177.0,8.18,-26.25,-0.44,-0.82,-0.22
7.010645389556885,96.0,46.0,14.0,-83.0,4.0,-16.0,-42.0,-108.0,-150.0,-8.67,34.27,117.01,89.36,37.78,-33.51,-0.43,-0.59,0.09
7.0353710651397705,103.0,34.0,18.0,-83.0,-2.0,7.0,-31.0,-123.0,-145.0,-9.54,33.27,116.93,-23.19,11.17,44.01,-0.43,-0.81,0.52
7.057042121887207,107.0,50.0,24.0,-86.0,-12.0,15.0,-26.0,-102.0,-137.0,-10.81,31.56,119.31,-95.89,4.03,50.66,-0.12,-0.84,0.8
7.0817859172821045,100.0,65.0,17.0,-102.0,-23.0,-22.0,-35.0,-82.0,-147.0,-10.72,29.89,122.68,-105.16,37.66,124.15,-1.69,-3.2,1.68
7.101467132568359,101.0,55.0,16.0,-106.0,-26.0,-50.0,-34.0,-95.0,-147.0,-10.72,29.26,125.06,-64.51,44.8,-21.24,-1.17,-0.67,1.49
7.125831127166748,101.0,49.0,29.0,-102.0,-20.0,-36.0,-34.0,-104.0,-130.0,-6.23,31.43,130.32,-87.59,106.45,-204.96,0.26,1.0,0.87
7.145894765853882,115.0,23.0,39.0,-83.0,-5.0,-13.0,-15.0,-139.0,-118.0,-2.65,32.27,135.04,-77.76,45.84,-60.49,0.36,0.86,0.29
7.171068429946899,104.0,255.0,56.0,-11.0,34.0,55.0,-30.0,-171.0,-94.0,-2.08,31.05,138.28,-74.22,28.93,49.07,-0.34,0.09,1.04
7.191543102264404,162.0,187.0,52.0,166.0,115.0,60.0,47.0,-262.0,-100.0,-1.04,30.08,141.19,-39.92,64.88,-42.3,-0.6,-0.39,1.69
7.216866970062256,198.0,131.0,103.0,-31.0,48.0,17.0,94.0,5.0,-31.0,2.81,29.75,144.97,-23.25,73.73,-83.01,-0.43,0.19,1.08
7.236615180969238,100.0,64.0,138.0,-11.0,18.0,-95.0,-36.0,-83.0,-327.0,3.5,28.83,147.39,-32.84,21.3,31.74,-0.23,-0.06,0.74
7.256826162338257,112.0,90.0,28.0,41.0,41.0,43.0,-19.0,-49.0,-131.0,1.87,27.58,148.62,-42.6,3.78,63.84,-0.39,-0.55,0.89
7.282829284667969,152.0,74.0,225.0,61.0,38.0,34.0,33.0,-70.0,-211.0,0.7,26.42,149.71,-33.2,14.65,30.82,-0.38,-0.46,0.93
7.305644989013672,129.0,42.0,15.0,51.0,12.0,0.0,2.0,-113.0,-149.0,0.24,25.61,151.11,-19.1,20.45,10.44,-0.36,-0.35,0.71
7.327518701553345,117.0,31.0,32.0,46.0,7.0,0.0,-12.0,-128.0,-127.0,-0.42,24.96,151.99,-21.06,16.6,5.13,-0.27,-0.46,0.77
7.3465094566345215,110.0,43.0,16.0,25.0,7.0,19.0,-22.0,-112.0,-147.0,-0.86,23.95,153.01,-25.27,23.19,9.22,-0.33,-0.48,0.89
7.372928619384766,117.0,72.0,14.0,29.0,6.0,27.0,-12.0,-73.0,-150.0,-1.18,23.15,154.14,-24.05,23.44,3.6,-0.34,-0.42,0.9
7.393576145172119,127.0,73.0,16.0,30.0,-1.0,3.0,0.0,-72.0,-148.0,-1.39,22.41,155.3,-22.03,17.94,2.14,-0.31,-0.44,0.89
7.417613744735718,127.0,63.0,20.0,38.0,-3.0,2.0,0.0,-84.0,-142.0,-1.97,21.67,156.22,-24.96,14.53,14.28,-0.31,-0.43,0.86
7.436667203903198,122.0,63.0,18.0,46.0,-4.0,12.0,-6.0,-84.0,-144.0,-2.73,21.15,157.29,-26.43,11.72,17.03,-0.31,-0.37,0.85
7.461806535720825,118.0,73.0,8.0,56.0,-4.0,23.0,-12.0,-72.0,-158.0,-3.46,20.63,158.24,-25.15,9.7,16.72,-0.32,-0.4,0.85
7.481749057769775,103.0,69.0,3.0,72.0,-9.0,16.0,-31.0,-76.0,-165.0,-4.31,20.17,158.87,-27.53,10.62,10.74,-0.27,-0.41,0.87
7.5025293827056885,98.0,76.0,242.0,89.0,-16.0,14.0,-39.0,-67.0,-188.0,-5.07,19.53,159.4,-27.53,13.43,8.24,-0.25,-0.47,0.89
7.527276515960693,122.0,54.0,215.0,103.0,-29.0,7.0,-6.0,-97.0,-224.0,-5.77,18.62,159.94,-28.63,10.86,11.72,-0.22,-0.41,0.91
7.551641225814819,71.0,43.0,203.0,91.0,-30.0,-25.0,-75.0,-111.0,-240.0,-6.58,18.21,160.73,-31.01,7.87,13.18,-0.27,-0.35,0.85
7.5719544887542725,84.0,17.0,15.0,88.0,-24.0,-3.0,-56.0,-146.0,-148.0,-7.22,17.94,161.53,-30.88,8.18,6.96,-0.28,-0.37,0.89
7.592476844787598,139.0,55.0,65.0,55.0,-28.0,-15.0,15.0,-96.0,-82.0,-7.77,17.65,162.09,-29.42,6.84,4.33,-0.28,-0.4,0.9
7.616946697235107,124.0,31.0,45.0,48.0,-8.0,-74.0,-4.0,-127.0,-108.0,-8.37,17.31,162.84,-30.76,2.5,11.05,-0.28,-0.36,0.92
7.6373584270477295,101.0,253.0,83.0,32.0,15.0,14.0,-34.0,-175.0,-58.0,-8.92,17.15,163.63,-28.69,0.67,9.22,-0.24,-0.32,0.93
7.66233491897583,120.0,48.0,86.0,-43.0,25.0,88.0,-8.0,-105.0,-54.0,-9.26,17.01,164.5,-26.92,-0.85,3.72,-0.29,-0.31,0.95
7.684127330780029,119.0,73.0,47.0,-97.0,-1.0,33.0,-10.0,-72.0,-107.0,-9.82,16.98,165.13,-24.72,0.24,0.37,-0.3,-0.38,0.88
7.707212448120117,119.0,28.0,36.0,-56.0,-6.0,0.0,-11.0,-132.0,-121.0,-10.39,17.03,165.42,-26.18,0.67,2.14,-0.26,-0.32,0.93
7.727520704269409,102.0,28.0,52.0,-40.0,1.0,42.0,-32.0,-132.0,-99.0,-10.9,17.01,166.08,-33.02,0.0,5.37,-0.3,-0.32,0.96
7.75214147567749,91.0,42.0,58.0,-48.0,3.0,25.0,-48.0,-113.0,-91.0,-11.48,16.99,166.57,-32.78,-3.23,5.74,-0.29,-0.35,0.93
7.773535966873169,97.0,33.0,52.0,-47.0,1.0,-9.0,-39.0,-125.0,-100.0,-12.14,17.01,167.03,-34.73,-4.03,11.72,-0.28,-0.28,0.97
7.79866886138916,103.0,46.0,41.0,-51.0,-1.0,-15.0,-31.0,-108.0,-114.0,-12.74,17.16,168.1,-37.11,-3.91,12.08,-0.33,-0.23,0.96
7.820300102233887,102.0,50.0,34.0,-74.0,-19.0,-38.0,-33.0,-102.0,-124.0,-13.31,17.4,168.9,-34.12,-8.12,4.7,-0.32,-0.26,0.94
7.8437957763671875,100.0,35.0,36.0,-71.0,-24.0,-39.0,-36.0,-122.0,-121.0,-13.66,17.49,169.65,-32.29,-5.0,1.16,-0.3,-0.23,0.96
7.863365888595581,90.0,39.0,29.0,-47.0,-2.0,9.0,-49.0,-117.0,-130.0,-13.84,17.66,170.6,-33.51,-5.07,-1.95,-0.31,-0.16,0.96
7.8886659145355225,90.0,58.0,31.0,-49.0,0.0,3.0,-48.0,-92.0,-127.0,-13.92,17.68,171.4,-32.04,-6.96,-6.84,-0.26,-0.17,0.92
7.9078528881073,97.0,49.0,17.0,-66.0,-28.0,-14.0,-40.0,-104.0,-146.0,-13.88,17.67,172.02,-30.94,-5.07,-13.24,-0.33,-0.24,0.95
7.934466123580933,102.0,56.0,18.0,-42.0,0.0,-27.0,-32.0,-94.0,-145.0,-14.09,18.12,172.2,-33.08,-6.9,-12.45,-0.37,-0.33,0.92
7.953981161117554,98.0,50.0,21.0,-38.0,0.0,-26.0,-39.0,-102.0,-142.0,-14.43,18.62,172.13,-40.34,-8.18,-12.7,-0.37,-0.39,0.87
7.978660583496094,92.0,50.0,17.0,-27.0,7.0,-7.0,-46.0,-102.0,-147.0,-14.85,19.11,171.74,-45.1,-11.35,-13.98,-0.38,-0.53,0.77
7.998475074768066,95.0,52.0,18.0,-15.0,11.0,-5.0,-42.0,-99.0,-145.0,-15.26,19.79,171.36,-55.3,-11.66,-18.74,-0.35,-0.59,0.73
8.018695831298828,101.0,63.0,18.0,-11.0,15.0,-7.0,-35.0,-85.0,-145.0,-15.47,20.31,171.38,-65.67,-8.06,-21.79,-0.41,-0.75,0.71
8.043139696121216,100.0,72.0,22.0,-38.0,0.0,-40.0,-35.0,-74.0,-140.0,-15.82,20.88,171.76,-84.96,1.59,-17.03,-0.44,-0.6,0.79
8.067688226699829,99.0,58.0,22.0,-56.0,-5.0,-53.0,-37.0,-91.0,-139.0,-16.22,21.34,172.58,-101.32,8.3,-16.97,-0.58,-0.64,0.89
8.088269233703613,103.0,58.0,22.0,-73.0,-7.0,-28.0,-32.0,-92.0,-140.0,-16.52,21.78,173.76,-118.35,15.75,-21.97,-0.72,-0.82,1.17
8.108585834503174,101.0,65.0,26.0,-89.0,-10.0,-17.0,-35.0,-82.0,-134.0,-16.71,21.81,175.22,-124.76,22.64,-23.25,-0.92,-0.99,1.54
8.133291244506836,102.0,48.0,42.0,-86.0,-6.0,-1.0,-33.0,-105.0,-113.0,-17.11,22.07,176.71,-124.69,12.02,-7.93,-0.81,-0.62,1.6
8.156132698059082,97.0,1.0,69.0,-42.0,32.0,52.0,-40.0,-167.0,-77.0,-17.18,21.59,178.92,-100.95,8.67,-7.75,-0.46,-0.03,1.81
8.192959308624268,194.0,138.0,65.0,147.0,104.0,76.0,89.0,-327.0,-83.0,-16.93,21.04,-178.28,-66.96,-18.74,-17.46,-0.2,0.39,1.6
8.225630521774292,255.0,166.0,80.0,24.0,88.0,9.0,170.0,51.0,-63.0,-15.79,20.99,-175.68,-38.64,-44.43,-41.69,0.07,0.55,0.92
8.262487411499023,89.0,0.0,138.0,44.0,22.0,-94.0,-50.0,-168.0,-327.0,-13.98,20.96,-173.61,12.15,-32.71,-65.25,0.16,0.67,0.52
8.295255184173584,146.0,22.0,57.0,80.0,46.0,63.0,24.0,-139.0,-93.0,-12.19,21.02,-172.86,59.02,-27.95,-51.45,0.17,0.82,0.49
8.332092761993408,145.0,45.0,232.0,39.0,27.0,28.0,24.0,-108.0,-202.0,-10.84,20.6,-173.01,82.64,-0.49,-28.69,-0.17,0.91,0.56
8.364916563034058,121.0,23.0,18.0,38.0,0.0,14.0,-7.0,-138.0,-145.0,-10.95,21.45,-173.72,99.43,-37.41,67.75,-0.45,0.6,0.43
8.397640943527222,108.0,44.0,15.0,23.0,0.0,3.0,-25.0,-110.0,-148.0,-12.84,23.42,-176.29,146.18,-59.27,101.87,-0.38,0.54,0.24
8.430430889129639,112.0,47.0,24.0,19.0,6.0,26.0,-20.0,-106.0,-137.0,-15.14,25.62,179.5,194.95,-69.76,103.94,-0.39,0.46,0.11
8.463147163391113,127.0,70.0,24.0,14.0,1.0,36.0,0.0,-75.0,-137.0,-17.08,27.61,174.47,243.47,-60.24,70.56,-0.31,0.37,0.25
8.49595832824707,135.0,72.0,31.0,19.0,-2.0,21.0,10.0,-72.0,-127.0,-18.03,28.95,169.49,268.31,-46.2,46.63,-0.23,0.26,0.37
8.528712511062622,125.0,64.0,27.0,29.0,-11.0,9.0,-2.0,-84.0,-133.0,-18.74,29.62,164.28,290.16,-28.5,39.86,-0.29,0.06,0.54
8.561501741409302,120.0,69.0,17.0,41.0,-7.0,27.0,-9.0,-77.0,-146.0,-19.78,29.68,157.84,288.88,-30.4,40.53,-0.31,-0.18,0.82
8.598348379135132,110.0,80.0,254.0,54.0,-10.0,22.0,-22.0,-63.0,-173.0,-20.75,29.38,151.18,296.88,-23.13,15.32,-0.37,-0.41,0.94
8.635192394256592,94.0,88.0,253.0,77.0,-12.0,17.0,-43.0,-51.0,-175.0,-20.86,29.64,145.43,276.37,-36.62,0.55,-0.68,-0.58,0.97
8.668010234832764,100.0,67.0,234.0,98.0,-26.0,3.0,-36.0,-80.0,-200.0,-22.19,30.24,139.84,245.79,-60.06,7.93,-0.33,-0.56,0.79
8.704847812652588,97.0,30.0,177.0,92.0,-40.0,-5.0,-40.0,-129.0,-275.0,-24.96,30.86,133.52,188.78,-29.97,45.96,-0.45,-0.69,-0.14
8.741718530654907,58.0,1.0,232.0,81.0,-44.0,-22.0,-91.0,-167.0,-202.0,-25.17,31.25,129.95,89.48,11.84,-2.62,-0.37,-0.76,0.07
8.774489641189575,132.0,29.0,64.0,51.0,-50.0,6.0,6.0,-130.0,-84.0,-27.23,29.34,128.05,-40.16,2.01,89.66,-0.33,-0.91,0.55
8.807243824005127,127.0,35.0,77.0,27.0,-48.0,-48.0,0.0,-122.0,-66.0,-28.44,27.88,130.48,-113.59,8.67,36.74,-0.3,-1.22,0.98
8.844112873077393,114.0,20.0,54.0,30.0,-34.0,-54.0,-17.0,-142.0,-97.0,-30.57,25.62,131.67,-72.88,10.25,82.34,-1.28,-3.29,1.82
8.881007194519043,109.0,29.0,89.0,0.0,-19.0,-18.0,-24.0,-130.0,-50.0,-28.45,26.24,134.14,-56.03,54.5,-123.41,-0.75,-0.98,1.36
8.913722038269043,123.0,77.0,45.0,-65.0,-7.0,18.0,-5.0,-66.0,-109.0,-22.61,27.48,139.61,-69.64,106.81,-202.76,0.13,0.85,0.73
8.950610160827637,114.0,66.0,28.0,-71.0,-20.0,-31.0,-17.0,-81.0,-132.0,-19.74,27.0,143.72,-84.47,62.62,-10.01,-0.14,0.8,0.29
8.987436771392822,100.0,17.0,59.0,-29.0,16.0,42.0,-35.0,-146.0,-90.0,-20.09,26.24,146.67,-68.36,14.77,39.37,-0.5,-0.11,1.09
9.020233154296875,99.0,54.0,52.0,-36.0,30.0,51.0,-37.0,-97.0,-100.0,-18.45,25.34,149.21,-32.04,56.21,-49.19,-0.31,-0.24,1.62
9.057053327560425,106.0,24.0,38.0,10.0,36.0,15.0,-27.0,-137.0,-118.0,-17.02,24.13,151.63,-41.87,35.58,36.19,-0.28,0.1,0.88
9.089864015579224,100.0,59.0,42.0,-22.0,10.0,0.0,-36.0,-90.0,-112.0,-17.83,23.88,153.53,-59.69,22.4,55.42,-0.57,-0.21,0.64
9.126720428466797,96.0,21.0,52.0,-17.0,-2.0,-45.0,-41.0,-141.0,-100.0,-18.4,23.37,153.97,-34.67,19.17,2.44,-0.32,-0.56,0.86
9.160056352615356,98.0,22.0,40.0,-3.0,6.0,2.0,-38.0,-139.0,-115.0,-17.91,22.5,155.21,-20.81,30.94,-3.3,-0.33,-0.25,0.96
9.192215204238892,96.0,48.0,53.0,-29.0,7.0,5.0,-41.0,-104.0,-98.0,-17.81,21.67,156.74,-35.64,17.09,20.63,-0.24,-0.19,0.78
9.229062795639038,97.0,41.0,41.0,-39.0,4.0,-15.0,-39.0,-114.0,-114.0,-18.33,20.88,157.68,-33.63,14.16,26.0,-0.33,-0.49,0.83
9.261841773986816,94.0,54.0,29.0,-57.0,1.0,-5.0,-43.0,-97.0,-131.0,-19.26,20.05,157.13,-25.7,17.64,9.46,-0.29,-0.66,0.8
9.294650316238403,102.0,42.0,28.0,-54.0,5.0,-1.0,-33.0,-113.0,-132.0,-19.77,19.47,156.57,-23.32,24.66,0.49,-0.31,-0.55,0.79
9.327426195144653,97.0,47.0,30.0,-62.0,0.0,5.0,-40.0,-106.0,-129.0,-19.52,18.88,157.25,-22.89,24.72,-3.66,-0.32,-0.37,0.86
9.364245176315308,99.0,41.0,24.0,-56.0,5.0,5.0,-37.0,-114.0,-136.0,-19.81,18.4,158.18,-31.25,10.74,21.91,-0.3,-0.37,0.84
9.392954349517822,96.0,57.0,21.0,-64.0,0.0,3.0,-41.0,-93.0,-140.0,-20.73,17.92,158.48,-33.26,6.16,29.36,-0.28,-0.45,0.81
9.42980432510376,97.0,55.0,16.0,-67.0,-9.0,-29.0,-40.0,-96.0,-148.0,-21.49,17.57,158.48,-29.17,9.09,16.78,-0.27,-0.5,0.83
9.466655731201172,96.0,53.0,17.0,-71.0,-12.0,-31.0,-41.0,-99.0,-146.0,-21.86,17.13,158.33,-25.88,14.28,-0.12,-0.25,-0.48,0.83
9.503507614135742,98.0,57.0,21.0,-85.0,-20.0,-44.0,-39.0,-92.0,-141.0,-22.03,16.85,158.67,-27.77,11.9,2.08,-0.27,-0.41,0.88
9.54038667678833,104.0,39.0,30.0,-94.0,-17.0,-36.0,-30.0,-117.0,-129.0,-22.2,16.47,159.66,-32.29,11.11,5.43,-0.27,-0.33,0.86
9.577262878417969,98.0,61.0,20.0,-99.0,-13.0,-22.0,-38.0,-88.0,-142.0,-22.45,16.37,160.36,-31.56,8.61,2.93,-0.28,-0.41,0.86
9.614094257354736,97.0,56.0,30.0,-93.0,-4.0,-24.0,-40.0,-94.0,-129.0,-22.55,16.22,160.73,-29.17,12.94,-8.3,-0.27,-0.41,0.86
9.646866798400879,96.0,50.0,31.0,-64.0,9.0,1.0,-41.0,-102.0,-128.0,-22.39,16.01,161.52,-28.99,14.4,-7.51,-0.25,-0.29,0.89
9.67967677116394,117.0,30.0,55.0,-39.0,24.0,41.0,-12.0,-129.0,-95.0,-22.31,15.83,162.55,-30.4,5.8,0.61,-0.34,-0.3,0.92
9.712441444396973,99.0,3.0,54.0,26.0,46.0,47.0,-37.0,-165.0,-97.0,-22.53,16.25,163.24,-28.08,-0.37,-0.18,-0.33,-0.38,0.89
9.749282836914062,99.0,253.0,11.0,158.0,79.0,33.0,-37.0,-174.0,-154.0,-22.75,16.4,163.27,-25.27,1.04,-7.63,-0.26,-0.42,0.85
9.786261081695557,81.0,139.0,254.0,-55.0,36.0,-103.0,-60.0,15.0,-173.0,-22.71,16.17,163.66,-28.5,7.93,-7.57,-0.25,-0.31,0.91
9.823005676269531,109.0,26.0,238.0,50.0,24.0,31.0,-24.0,-134.0,-194.0,-22.66,16.0,164.67,-34.79,4.88,1.89,-0.27,-0.22,0.94
9.860397100448608,154.0,90.0,248.0,45.0,28.0,46.0,35.0,-49.0,-180.0,-22.81,16.05,165.53,-34.18,-0.24,3.05,-0.28,-0.27,0.93
9.89263391494751,119.0,31.0,249.0,70.0,19.0,9.0,-10.0,-127.0,-179.0,-22.9,16.01,166.37,-33.57,1.04,1.65,-0.29,-0.25,0.93
9.925416707992554,123.0,50.0,8.0,34.0,1.0,15.0,-5.0,-103.0,-158.0,-22.98,16.14,167.4,-33.81,2.75,1.4,-0.29,-0.16,0.96
9.958209991455078,105.0,49.0,13.0,18.0,-3.0,7.0,-29.0,-103.0,-151.0,-22.97,16.15,168.53,-32.96,-0.73,0.18,-0.29,-0.16,1.0
9.995071172714233,111.0,78.0,10.0,20.0,-5.0,35.0,-20.0,-65.0,-155.0,-23.02,16.18,169.37,-31.43,-3.05,-1.59,-0.25,-0.18,0.98
10.023871898651123,127.0,93.0,15.0,32.0,0.0,28.0,0.0,-45.0,-149.0,-23.07,16.18,170.05,-31.68,-1.71,-1.4,-0.25,-0.18,0.94
10.056475162506104,127.0,78.0,18.0,51.0,0.0,29.0,0.0,-64.0,-144.0,-23.07,16.17,170.84,-31.92,-1.53,-1.53,-0.29,-0.14,0.97
10.089255571365356,114.0,79.0,15.0,62.0,-7.0,20.0,-16.0,-64.0,-149.0,-23.1,16.31,171.78,-33.26,-4.76,-2.08,-0.27,-0.13,0.97
10.126060009002686,112.0,77.0,6.0,74.0,-6.0,22.0,-19.0,-66.0,-161.0,-23.13,16.4,172.55,-31.49,-7.32,-3.17,-0.26,-0.17,0.93
10.158851861953735,99.0,64.0,18.0,83.0,-11.0,12.0,-36.0,-83.0,-145.0,-23.18,16.5,173.06,-29.72,-7.93,-4.09,-0.28,-0.21,0.92
10.19569706916809,94.0,76.0,248.0,97.0,-15.0,10.0,-43.0,-68.0,-181.0,-23.28,16.76,173.29,-33.02,-8.97,-4.46,-0.31,-0.24,0.89
10.232569694519043,65.0,84.0,168.0,109.0,-34.0,-40.0,-83.0,-57.0,-287.0,-23.45,17.18,173.23,-37.11,-9.16,-7.51,-0.32,-0.33,0.84
10.269447565078735,51.0,9.0,253.0,108.0,-9.0,-20.0,-101.0,-156.0,-174.0,-23.7,17.66,173.0,-44.43,-7.93,-6.35,-0.32,-0.36,0.86
10.30221676826477,132.0,37.0,46.0,82.0,30.0,99.0,7.0,-119.0,-107.0,-24.11,18.19,173.2,-55.24,-11.05,-1.95,-0.35,-0.37,0.83
10.33499002456665,130.0,46.0,40.0,69.0,8.0,-32.0,3.0,-108.0,-115.0,-24.61,18.98,173.12,-62.01,-15.08,-4.82,-0.36,-0.47,0.76
10.371939659118652,104.0,255.0,56.0,70.0,-5.0,-33.0,-31.0,-171.0,-95.0,-25.06,19.84,173.15,-69.76,-9.52,-8.79,-0.49,-0.6,0.75
10.40869688987732,111.0,226.0,117.0,17.0,24.0,28.0,-21.0,-211.0,-13.0,-25.23,20.47,173.48,-85.33,7.32,-21.42,-0.61,-0.69,0.81
10.441528797149658,107.0,55.0,84.0,-44.0,25.0,120.0,-26.0,-95.0,-56.0,-25.05,20.71,174.41,-101.87,24.17,-30.46,-0.77,-0.94,1.13
10.478310108184814,116.0,48.0,58.0,-9.0,5.0,16.0,-15.0,-105.0,-92.0,-25.17,20.63,175.72,-121.28,27.89,-5.0,-0.93,-0.95,1.42
10.507006406784058,115.0,57.0,54.0,5.0,2.0,11.0,-15.0,-93.0,-97.0,-26.39,21.21,177.21,-139.04,2.62,39.61,-0.84,-0.46,1.35
10.543869018554688,97.0,96.0,57.0,-75.0,-30.0,-47.0,-40.0,-41.0,-93.0,-27.36,21.49,179.98,-117.68,-7.81,32.59,-0.45,0.12,1.29
10.580744981765747,70.0,81.0,32.0,-138.0,-88.0,-194.0,-75.0,-61.0,-126.0,-26.98,21.09,-177.0,-77.64,-21.85,-14.04,-0.02,0.46,1.19
10.617589473724365,123.0,191.0,59.0,-14.0,9.0,-62.0,-5.0,-257.0,-91.0,-25.26,20.46,-174.72,-30.88,-41.56,-66.41,0.16,0.29,0.89
10.654428005218506,109.0,11.0,43.0,56.0,58.0,142.0,-23.0,-154.0,-111.0,-23.5,20.32,-174.16,20.81,-62.01,-63.11,0.5,0.39,0.76
10.68728518486023,92.0,121.0,56.0,-62.0,18.0,60.0,-46.0,-7.0,-94.0,-21.76,18.83,-173.38,33.2,31.43,-37.17,-0.11,0.64,0.76
10.724080562591553,85.0,53.0,18.0,-73.0,-46.0,-148.0,-55.0,-98.0,-145.0,-21.55,18.37,-173.02,67.26,1.83,35.34,-0.3,0.7,0.46
10.756881475448608,122.0,1.0,44.0,-28.0,0.0,-35.0,-6.0,-167.0,-110.0,-22.68,19.51,-174.55,119.08,-33.57,70.68,-0.32,0.57,0.35
10.793687105178833,88.0,37.0,45.0,-51.0,0.0,25.0,-52.0,-119.0,-109.0,-24.36,21.36,-177.6,188.48,-73.12,99.91,-0.37,0.55,0.28
10.830560445785522,93.0,31.0,42.0,-62.0,-18.0,-4.0,-45.0,-128.0,-112.0,-26.21,23.88,177.69,239.75,-78.0,79.1,-0.37,0.31,0.29
10.863444328308105,87.0,55.0,10.0,-46.0,-4.0,26.0,-53.0,-95.0,-156.0,-26.92,26.1,172.2,286.74,-39.0,32.04,-0.19,0.16,0.31
10.90022087097168,103.0,79.0,29.0,-90.0,-20.0,-39.0,-32.0,-64.0,-130.0,-27.89,26.21,166.36,294.86,-24.54,66.04,-0.3,0.06,0.75
10.937116384506226,103.0,33.0,14.0,-92.0,-32.0,-86.0,-31.0,-125.0,-151.0,-30.26,26.24,159.77,290.71,-37.66,104.8,-0.44,-0.14,0.94
10.973956108093262,96.0,33.0,24.0,-82.0,-9.0,-20.0,-40.0,-125.0,-137.0,-33.08,26.41,152.02,302.12,-21.48,64.33,-0.49,-0.72,0.89
11.010803461074829,104.0,41.0,24.0,-84.0,-7.0,-9.0,-30.0,-114.0,-137.0,-34.05,26.27,144.69,298.65,-5.62,-18.55,-0.61,-0.77,0.96
11.047802925109863,108.0,58.0,20.0,-94.0,-10.0,-11.0,-25.0,-92.0,-142.0,-35.37,26.64,138.17,265.44,-34.91,-13.92,-0.49,-0.98,0.91
11.084547758102417,95.0,53.0,24.0,-98.0,-10.0,-35.0,-42.0,-99.0,-136.0,-36.95,26.86,131.06,182.86,17.15,22.46,-0.65,-0.53,0.06
11.121365785598755,90.0,38.0,35.0,-85.0,2.0,-11.0,-48.0,-119.0,-122.0,-36.92,27.05,128.1,89.23,26.61,14.65,-0.45,-0.3,0.02
11.154273271560669,99.0,53.0,30.0,-55.0,10.0,29.0,-37.0,-98.0,-129.0,-38.74,26.85,126.96,-38.82,-5.49,93.26,-0.53,-0.79,0.54
11.190991878509521,112.0,58.0,33.0,-33.0,5.0,21.0,-19.0,-91.0,-125.0,-40.03,25.99,129.34,-120.73,-0.55,23.68,-0.39,-1.6,0.98
11.223774909973145,125.0,10.0,55.0,19.0,23.0,-2.0,-3.0,-156.0,-96.0,-41.59,23.78,131.16,-84.9,27.04,77.21,-1.47,-2.89,2.03
11.260630130767822,169.0,236.0,35.0,121.0,63.0,-20.0,56.0,-196.0,-122.0,-39.43,24.87,134.63,-75.13,55.73,-123.84,0.06,0.41,1.04
11.293458938598633,102.0,74.0,30.0,-7.0,69.0,-3.0,-32.0,-70.0,-129.0,-32.42,26.08,140.91,-104.31,123.17,-186.46,0.1,0.92,0.42
11.330232381820679,57.0,99.0,243.0,32.0,9.0,-21.0,-93.0,-37.0,-188.0,-30.28,25.54,144.24,-74.58,50.23,-9.7,0.17,0.57,0.59
11.36306381225586,125.0,53.0,251.0,34.0,29.0,-21.0,-2.0,-98.0,-176.0,-29.93,25.05,147.08,-50.9,31.13,-36.87,-0.21,-0.21,1.49
11.399954080581665,130.0,33.0,248.0,60.0,37.0,63.0,3.0,-124.0,-180.0,-26.99,23.98,150.39,-41.14,78.98,-51.09,-0.48,0.44,1.72
11.43269658088684,121.0,62.0,254.0,40.0,17.0,31.0,-7.0,-86.0,-173.0,-26.87,23.16,153.27,-68.54,2.56,75.13,-0.41,0.24,0.76
11.465460538864136,131.0,32.0,19.0,34.0,-5.0,15.0,5.0,-126.0,-143.0,-28.31,23.78,154.5,-49.87,-2.5,41.81,-0.31,-0.47,0.63
11.502279996871948,113.0,40.0,29.0,38.0,12.0,39.0,-19.0,-115.0,-130.0,-28.88,22.88,154.39,-23.44,29.24,2.44,-0.31,-0.59,0.94
11.535085678100586,119.0,79.0,19.0,23.0,-3.0,46.0,-11.0,-64.0,-144.0,-28.5,21.62,155.32,-25.33,44.98,0.06,-0.22,-0.25,0.89
11.567882299423218,133.0,73.0,27.0,30.0,-18.0,16.0,7.0,-71.0,-132.0,-28.08,20.21,157.15,-35.4,38.33,20.87,-0.23,-0.03,0.87
11.600638628005981,117.0,61.0,37.0,43.0,2.0,38.0,-13.0,-88.0,-120.0,-28.57,19.43,158.31,-35.83,13.37,32.41,-0.25,-0.35,0.89
11.637439727783203,116.0,81.0,13.0,51.0,0.0,47.0,-14.0,-61.0,-152.0,-29.36,18.58,157.76,-29.36,16.24,10.5,-0.21,-0.67,0.81
11.670221328735352,112.0,73.0,6.0,62.0,-12.0,24.0,-20.0,-72.0,-160.0,-29.47,17.83,157.42,-19.1,36.38,-22.09,-0.32,-0.31,0.94
11.70302700996399,100.0,64.0,4.0,75.0,-16.0,21.0,-35.0,-84.0,-163.0,-28.63,17.17,158.89,-24.84,31.92,-10.13,-0.26,-0.17,0.96
11.73987078666687,93.0,66.0,242.0,85.0,-23.0,20.0,-45.0,-81.0,-189.0,-28.6,16.61,160.15,-26.55,16.42,9.09,-0.2,-0.24,0.88
11.77674913406372,46.0,78.0,163.0,103.0,-34.0,-10.0,-108.0,-65.0,-294.0,-28.99,16.11,161.0,-23.99,11.96,18.98,-0.28,-0.27,0.91
11.813565254211426,68.0,10.0,15.0,93.0,-33.0,1.0,-78.0,-156.0,-148.0,-29.01,16.1,161.92,-20.81,10.5,1.59,-0.32,-0.23,0.91
11.846312522888184,139.0,68.0,40.0,67.0,0.0,25.0,15.0,-78.0,-116.0,-29.1,16.17,162.57,-17.88,10.01,-1.59,-0.32,-0.29,0.87
11.879120111465454,129.0,46.0,47.0,51.0,-25.0,-79.0,2.0,-108.0,-106.0,-29.12,16.42,162.96,-16.97,-0.85,-0.73,-0.14,-0.26,0.96
11.915996074676514,107.0,251.0,77.0,31.0,-5.0,-37.0,-27.0,-177.0,-66.0,-29.52,15.86,163.62,-22.77,8.06,18.19,-0.21,-0.3,0.96
11.952817916870117,107.0,49.0,72.0,-23.0,29.0,68.0,-26.0,-103.0,-72.0,-29.96,15.31,163.94,-23.5,5.13,15.26,-0.19,-0.34,0.86
11.98566722869873,110.0,94.0,45.0,-89.0,13.0,10.0,-22.0,-43.0,-109.0,-30.4,14.94,164.02,-20.57,4.82,9.58,-0.27,-0.35,0.89
12.02250862121582,99.0,250.0,53.0,-48.0,21.0,-8.0,-37.0,-179.0,-98.0,-30.65,14.89,164.35,-21.36,2.62,6.65,-0.3,-0.31,0.93
12.059322357177734,92.0,21.0,51.0,-20.0,40.0,89.0,-47.0,-141.0,-101.0,-31.0,15.35,164.66,-22.52,-11.96,4.33,-0.26,-0.3,0.93
12.0921151638031,94.0,74.0,51.0,-49.0,18.0,25.0,-43.0,-70.0,-101.0,-31.44,15.33,165.03,-27.65,-11.96,13.49,-0.23,-0.31,0.95
12.128998517990112,96.0,49.0,39.0,-53.0,-15.0,-87.0,-41.0,-103.0,-117.0,-31.97,15.2,165.14,-24.72,-8.54,10.86,-0.22,-0.37,0.88
12.165887594223022,90.0,18.0,45.0,-46.0,-19.0,-70.0,-49.0,-145.0,-109.0,-32.42,15.02,165.14,-26.55,-2.26,9.58,-0.2,-0.35,0.88
12.202717065811157,90.0,18.0,50.0,-43.0,-8.0,-12.0,-48.0,-144.0,-102.0,-32.6,14.65,165.59,-28.81,3.11,3.72,-0.22,-0.24,0.95
12.239535331726074,93.0,52.0,42.0,-56.0,-7.0,-9.0,-45.0,-100.0,-112.0,-32.66,14.62,166.47,-27.89,0.67,2.08,-0.27,-0.2,0.95
12.27640962600708,97.0,39.0,32.0,-52.0,-6.0,-38.0,-40.0,-116.0,-127.0,-32.84,14.78,167.21,-28.56,-2.26,8.42,-0.28,-0.25,0.96
12.309224605560303,96.0,34.0,32.0,-38.0,-6.0,-16.0,-40.0,-124.0,-126.0,-33.13,14.85,167.61,-28.02,-2.38,8.73,-0.26,-0.25,0.96
12.346088171005249,98.0,44.0,30.0,-31.0,-1.0,-4.0,-38.0,-111.0,-129.0,-33.33,14.84,168.23,-28.81,-2.87,6.59,-0.25,-0.2,0.97
12.3829505443573,103.0,63.0,24.0,-46.0,-18.0,-42.0,-31.0,-85.0,-137.0,-33.41,14.86,168.82,-28.26,-3.91,2.38,-0.26,-0.19,0.99
12.42385482788086,102.0,46.0,24.0,-36.0,-14.0,-75.0,-32.0,-107.0,-137.0,-33.49,14.84,169.46,-29.11,-5.31,5.13,-0.28,-0.22,0.95
12.460756778717041,100.0,40.0,24.0,-37.0,-11.0,-60.0,-36.0,-116.0,-137.0,-33.75,15.06,169.7,-28.32,-7.57,4.15,-0.26,-0.26,0.91
12.497628211975098,104.0,43.0,26.0,-47.0,-10.0,-48.0,-30.0,-112.0,-134.0,-33.88,15.33,170.1,-29.79,-6.41,0.79,-0.3,-0.24,0.94
12.538578271865845,107.0,51.0,27.0,-59.0,-11.0,-38.0,-26.0,-101.0,-132.0,-33.89,15.54,170.49,-33.51,-5.31,-4.33,-0.27,-0.24,0.92
12.575415134429932,104.0,52.0,27.0,-65.0,0.0,-30.0,-31.0,-100.0,-133.0,-33.97,15.85,170.81,-35.1,-6.04,-1.71,-0.3,-0.22,0.88
12.608202695846558,107.0,49.0,22.0,-73.0,8.0,-7.0,-27.0,-103.0,-140.0,-34.1,16.21,171.36,-42.05,-7.32,6.84,-0.33,-0.2,0.87
12.640993595123291,111.0,68.0,21.0,-85.0,1.0,2.0,-21.0,-78.0,-141.0,-34.55,16.93,171.81,-47.18,-8.85,7.39,-0.33,-0.25,0.8
12.677808046340942,117.0,54.0,42.0,-84.0,12.0,4.0,-13.0,-96.0,-113.0,-34.94,17.35,172.21,-50.35,-6.53,5.25,-0.31,-0.25,0.83
12.714654445648193,119.0,22.0,47.0,-46.0,47.0,50.0,-10.0,-139.0,-106.0,-35.2,17.58,172.82,-54.99,-0.06,3.91,-0.28,-0.17,0.92
12.751505613327026,113.0,173.0,66.0,87.0,108.0,97.0,-18.0,-281.0,-81.0,-35.23,17.4,173.91,-60.0,1.95,-2.75,-0.28,-0.16,0.92
12.784289598464966,135.0,131.0,27.0,25.0,-88.0,104.0,10.0,5.0,-133.0,-35.13,17.24,174.68,-61.95,1.34,-10.86,-0.3,-0.3,0.86
12.82118558883667,179.0,14.0,205.0,-6.0,44.0,-223.0,69.0,-150.0,-238.0,-35.16,17.49,174.92,-68.05,0.18,-15.5,-0.46,-0.5,0.89
12.853972434997559,132.0,21.0,37.0,66.0,60.0,143.0,6.0,-141.0,-119.0,-35.16,18.08,175.26,-78.37,3.72,-20.32,-0.68,-0.84,1.1
12.890783309936523,140.0,121.0,222.0,45.0,26.0,10.0,16.0,-8.0,-216.0,-35.26,18.54,175.98,-101.99,10.25,-4.27,-0.89,-0.96,1.22
12.9235680103302,123.0,226.0,19.0,70.0,7.0,-1.0,-5.0,-210.0,-143.0,-35.91,19.19,177.08,-116.94,3.91,18.68,-0.95,-0.81,1.33
12.96039080619812,117.0,26.0,27.0,30.0,8.0,22.0,-13.0,-134.0,-134.0,-37.11,19.94,178.24,-119.2,-1.71,34.3,-0.67,-0.34,1.45
12.993192911148071,114.0,48.0,18.0,23.0,-1.0,19.0,-17.0,-104.0,-145.0,-37.23,19.46,-179.72,-96.01,-1.77,-5.86,-0.14,0.03,1.31
13.025977373123169,122.0,68.0,25.0,18.0,-3.0,29.0,-7.0,-78.0,-136.0,-35.87,18.19,-177.56,-47.55,-0.61,-75.2,0.12,0.04,1.09
13.05874514579773,127.0,72.0,26.0,24.0,-6.0,30.0,0.0,-73.0,-134.0,-33.72,16.97,-176.61,-7.63,-20.08,-95.7,0.27,0.03,0.79
13.09152102470398,127.0,78.0,24.0,30.0,-8.0,30.0,0.0,-64.0,-137.0,-31.41,15.74,-175.81,30.21,10.01,-73.61,0.11,0.59,0.94
13.124260663986206,128.0,75.0,15.0,47.0,-8.0,35.0,1.0,-68.0,-149.0,-30.05,14.63,-174.82,36.74,28.56,-30.03,-0.12,0.96,0.86
13.15713119506836,91.0,68.0,11.0,66.0,-6.0,27.0,-48.0,-78.0,-155.0,-30.18,14.7,-174.59,70.98,-31.43,50.54,-0.24,0.76,0.5
13.189844369888306,93.0,63.0,244.0,85.0,-9.0,33.0,-45.0,-85.0,-186.0,-31.99,16.48,-176.36,124.51,-78.86,110.47,-0.14,0.58,0.24
13.226704359054565,98.0,80.0,172.0,93.0,-15.0,15.0,-38.0,-62.0,-282.0,-35.23,19.25,179.76,189.88,-107.67,158.26,-0.26,0.39,0.12
13.263537406921387,23.0,13.0,213.0,88.0,-20.0,-24.0,-138.0,-151.0,-227.0,-38.63,22.12,174.53,235.53,-101.56,139.71,-0.19,0.3,0.25
13.300431251525879,123.0,28.0,49.0,86.0,22.0,100.0,-4.0,-132.0,-103.0,-40.34,23.7,168.9,283.2,-48.77,72.2,-0.24,0.29,0.31
13.333174467086792,133.0,61.0,64.0,53.0,-11.0,-45.0,7.0,-88.0,-83.0,-41.25,24.7,163.2,300.54,-31.56,51.82,-0.35,0.11,0.52
13.370031356811523,100.0,5.0,74.0,41.0,-22.0,-66.0,-35.0,-162.0,-70.0,-42.53,25.82,156.81,310.79,-39.06,48.4,-0.48,-0.22,0.7
13.402774095535278,100.0,22.0,73.0,89.0,35.0,69.0,-36.0,-139.0,-71.0,-43.39,26.68,148.03,329.71,-21.79,-24.11,-0.34,-0.75,1.02
13.43961215019226,132.0,94.0,42.0,-22.0,30.0,119.0,6.0,-43.0,-113.0,-42.92,26.62,141.06,292.66,-15.08,-32.71,-0.7,-0.81,1.16
13.472429037094116,128.0,150.0,14.0,-120.0,-16.0,-2.0,1.0,31.0,-150.0,-43.49,27.59,134.79,238.77,-27.89,-11.23,-0.93,-1.06,0.56
13.513385772705078,105.0,38.0,27.0,-113.0,-37.0,-135.0,-29.0,-118.0,-133.0,-44.37,28.35,128.86,169.62,23.8,-27.83,-0.36,-0.39,-0.23
13.55020260810852,97.0,208.0,71.0,-10.0,38.0,45.0,-39.0,-234.0,-74.0,-44.46,28.61,126.11,55.91,21.24,8.91,-0.33,-0.64,0.28
13.587072849273682,103.0,34.0,59.0,-11.0,62.0,156.0,-32.0,-124.0,-90.0,-46.01,27.42,126.16,-67.08,0.06,74.95,-0.53,-0.78,0.64
13.6198251247406,88.0,79.0,39.0,-66.0,14.0,7.0,-52.0,-64.0,-117.0,-45.06,26.09,129.59,-151.79,58.11,-20.75,-1.23,-3.26,1.66
13.65675401687622,100.0,30.0,30.0,-51.0,-15.0,-77.0,-36.0,-129.0,-129.0,-46.56,24.51,131.3,-84.41,16.48,38.45,-1.42,-1.42,1.61
13.693580389022827,87.0,11.0,46.0,-40.0,-13.0,-30.0,-53.0,-154.0,-108.0,-41.99,26.09,136.31,-78.67,86.06,-224.98,0.36,0.89,0.69
13.730433225631714,78.0,35.0,49.0,-48.0,-7.0,-1.0,-64.0,-122.0,-103.0,-36.41,26.62,141.54,-67.5,75.68,-111.94,0.31,1.11,0.15
13.767285108566284,89.0,47.0,33.0,-50.0,-10.0,-28.0,-50.0,-106.0,-125.0,-34.61,25.35,144.87,-81.42,59.69,19.59,-0.38,0.6,1.15
13.804196119308472,105.0,49.0,26.0,-49.0,-10.0,-40.0,-29.0,-103.0,-134.0,-34.66,24.15,148.37,-65.19,58.35,-14.65,-0.56,-0.31,1.91
13.845094442367554,95.0,44.0,29.0,-63.0,-24.0,-64.0,-42.0,-110.0,-131.0,-31.72,23.24,151.85,-45.78,75.93,-50.17,-0.3,0.39,1.23
13.881955862045288,99.0,43.0,22.0,-57.0,-17.0,-25.0,-37.0,-111.0,-140.0,-32.87,21.77,154.19,-67.75,-3.42,102.05,-0.12,0.08,0.79
13.91881513595581,95.0,65.0,22.0,-61.0,-18.0,-30.0,-42.0,-82.0,-140.0,-35.34,21.15,154.05,-56.15,-9.89,79.71,-0.31,-0.68,0.83
13.955686330795288,94.0,52.0,14.0,-55.0,-19.0,-36.0,-43.0,-100.0,-150.0,-35.86,19.88,154.18,-29.05,27.22,5.07,-0.32,-0.47,0.98
13.99255084991455,104.0,60.0,20.0,-40.0,-6.0,-32.0,-30.0,-89.0,-143.0,-35.08,19.2,155.33,-17.7,31.86,-14.77,-0.23,-0.15,0.85
14.029412031173706,104.0,65.0,16.0,-43.0,-10.0,-38.0,-30.0,-83.0,-147.0,-34.15,18.42,157.21,-25.76,24.48,3.17,-0.28,-0.09,0.92
14.062233686447144,105.0,65.0,20.0,-45.0,0.0,-36.0,-29.0,-83.0,-142.0,-34.4,17.98,158.26,-30.4,8.48,26.12,-0.34,-0.42,0.87
14.0990571975708,103.0,63.0,15.0,-45.0,8.0,-27.0,-32.0,-85.0,-149.0,-35.08,17.32,157.8,-22.71,12.15,14.59,-0.26,-0.55,0.82
14.135920524597168,111.0,58.0,32.0,-53.0,14.0,-24.0,-21.0,-91.0,-126.0,-35.06,16.66,157.69,-20.14,23.56,-6.29,-0.26,-0.41,0.87
14.17279839515686,109.0,41.0,30.0,-53.0,21.0,-2.0,-24.0,-114.0,-129.0,-34.46,16.18,158.22,-17.64,25.21,-14.77,-0.28,-0.29,0.89
14.20962381362915,113.0,10.0,47.0,-29.0,40.0,45.0,-19.0,-156.0,-106.0,-34.02,15.74,159.37,-21.85,18.74,-0.31,-0.27,-0.23,0.93
14.242542028427124,107.0,235.0,51.0,24.0,70.0,78.0,-27.0,-198.0,-101.0,-34.09,15.58,160.39,-23.93,5.98,16.78,-0.31,-0.29,0.93
14.28339409828186,242.0,39.0,206.0,110.0,18.0,109.0,-189.0,-117.0,-237.0,-34.22,15.22,161.03,-21.24,8.42,8.3,-0.31,-0.32,0.88
14.324308156967163,152.0,110.0,248.0,-51.0,-5.0,-166.0,33.0,-22.0,-181.0,-34.18,15.38,161.25,-19.84,10.93,-2.38,-0.29,-0.34,0.86
14.357135534286499,106.0,249.0,41.0,33.0,21.0,36.0,-27.0,-179.0,-114.0,-34.3,15.09,161.12,-20.75,7.02,6.29,-0.24,-0.33,0.96
14.393962144851685,122.0,123.0,209.0,31.0,26.0,44.0,-7.0,-5.0,-233.0,-34.27,14.57,161.94,-27.71,10.93,13.43,-0.23,-0.2,0.94
14.426730632781982,128.0,46.0,5.0,45.0,12.0,-18.0,1.0,-107.0,-163.0,-34.49,14.35,163.21,-31.92,5.49,22.46,-0.31,-0.23,0.94
14.459524393081665,121.0,32.0,0.0,41.0,11.0,33.0,-8.0,-127.0,-168.0,-35.05,14.3,163.38,-26.43,-4.03,23.56,-0.24,-0.38,0.88
14.492299318313599,123.0,47.0,14.0,36.0,3.0,25.0,-6.0,-106.0,-150.0,-35.5,14.07,163.27,-25.76,2.75,19.9,-0.27,-0.34,0.94
14.529139757156372,114.0,47.0,26.0,29.0,-4.0,22.0,-17.0,-106.0,-134.0,-35.78,13.95,163.48,-29.66,-1.22,22.16,-0.25,-0.29,0.93
14.56194519996643,114.0,69.0,34.0,41.0,2.0,41.0,-16.0,-77.0,-124.0,-36.24,13.8,163.81,-31.43,-4.64,20.57,-0.24,-0.3,0.91
14.594716310501099,125.0,70.0,27.0,37.0,-12.0,12.0,-2.0,-76.0,-133.0,-36.51,13.6,164.33,-34.79,-2.01,15.44,-0.26,-0.3,0.9
14.63152003288269,124.0,62.0,16.0,45.0,-14.0,20.0,-3.0,-86.0,-148.0,-36.9,13.47,164.92,-36.13,-1.77,17.09,-0.23,-0.28,0.93
14.664304971694946,110.0,74.0,4.0,55.0,-6.0,32.0,-23.0,-71.0,-164.0,-37.13,13.4,165.68,-33.39,0.0,12.63,-0.25,-0.15,1.0
14.697088956832886,97.0,67.0,254.0,73.0,-1.0,45.0,-39.0,-80.0,-172.0,-37.12,13.41,166.9,-30.58,-3.54,8.97,-0.23,-0.11,0.97
14.733930826187134,108.0,96.0,190.0,68.0,-4.0,37.0,-25.0,-41.0,-258.0,-37.07,13.53,167.78,-27.1,-8.54,6.04,-0.23,-0.15,0.94
14.766781330108643,38.0,39.0,230.0,107.0,0.0,0.0,-118.0,-116.0,-205.0,-37.0,13.47,168.54,-26.06,-6.04,4.64,-0.24,-0.16,1.01
14.80359959602356,97.0,23.0,28.0,122.0,38.0,138.0,-40.0,-138.0,-132.0,-36.96,13.59,169.2,-25.33,-8.73,6.35,-0.26,-0.16,0.98
14.840402126312256,156.0,114.0,20.0,63.0,16.0,34.0,38.0,-17.0,-142.0,-36.97,13.96,169.47,-25.39,-10.38,4.39,-0.29,-0.2,0.9
14.877283573150635,111.0,45.0,48.0,54.0,-13.0,-85.0,-20.0,-109.0,-105.0,-37.05,14.34,169.57,-28.56,-11.78,8.79,-0.28,-0.24,0.94
14.910113096237183,100.0,255.0,83.0,40.0,0.0,-20.0,-36.0,-171.0,-59.0,-37.22,14.71,169.49,-31.31,-11.72,5.0,-0.28,-0.24,0.93
14.946972608566284,113.0,84.0,49.0,-50.0,-5.0,63.0,-18.0,-57.0,-103.0,-37.3,14.98,169.53,-33.08,-9.95,0.55,-0.25,-0.23,0.86
14.98410153388977,102.0,51.0,65.0,-85.0,-35.0,-57.0,-32.0,-101.0,-82.0,-37.2,15.09,169.88,-34.55,-8.42,-3.36,-0.23,-0.19,0.9
15.020782232284546,100.0,235.0,59.0,-29.0,3.0,-9.0,-35.0,-198.0,-91.0,-36.91,14.9,170.67,-34.0,-7.39,-10.99,-0.2,-0.18,0.89
15.053670883178711,103.0,30.0,49.0,-6.0,39.0,85.0,-32.0,-129.0,-103.0,-36.63,14.93,170.84,-33.63,-11.66,-16.6,-0.22,-0.3,0.83
15.086376190185547,78.0,62.0,54.0,-54.0,0.0,37.0,-65.0,-86.0,-96.0,-36.3,15.21,170.53,-37.9,-8.67,-26.86,-0.32,-0.43,0.81
15.164039373397827,105.0,33.0,40.0,-39.0,-15.0,-39.0,-29.0,-125.0,-116.0,-41.96,14.99,158.4,-24.6,16.78,0.31,-0.27,-0.32,0.89
15.200875043869019,92.0,46.0,40.0,-55.0,-23.0,-30.0,-46.0,-108.0,-115.0,-42.04,14.58,159.63,-28.08,13.79,4.94,-0.23,-0.28,0.93
15.237751245498657,89.0,27.0,44.0,-48.0,-19.0,-27.0,-51.0,-132.0,-110.0,-42.33,14.28,160.68,-29.05,10.56,11.23,-0.23,-0.32,0.97
15.270511865615845,91.0,44.0,39.0,-44.0,-1.0,5.0,-48.0,-110.0,-117.0,-42.77,14.21,161.4,-28.44,5.8,12.45,-0.27,-0.3,0.87
15.307393312454224,92.0,58.0,25.0,-52.0,-3.0,-14.0,-47.0,-92.0,-136.0,-43.13,14.3,162.01,-24.35,8.18,3.6,-0.25,-0.29,0.91
15.344222784042358,96.0,53.0,26.0,-60.0,-20.0,-53.0,-41.0,-98.0,-134.0,-43.26,14.15,162.8,-23.86,7.93,3.23,-0.25,-0.26,0.95
15.381110191345215,95.0,43.0,21.0,-48.0,-11.0,-39.0,-42.0,-111.0,-142.0,-43.48,13.99,163.62,-25.02,2.75,10.68,-0.23,-0.25,0.92
15.417960166931152,95.0,44.0,28.0,-50.0,-11.0,-29.0,-42.0,-110.0,-132.0,-43.87,14.11,163.73,-24.05,2.08,8.36,-0.27,-0.32,0.92
15.454818725585938,98.0,54.0,16.0,-44.0,-6.0,-21.0,-38.0,-97.0,-147.0,-44.24,14.03,163.92,-25.09,1.95,7.51,-0.24,-0.3,0.94
15.491663694381714,105.0,65.0,17.0,-55.0,-10.0,-41.0,-29.0,-83.0,-146.0,-44.51,14.16,164.53,-27.4,0.61,11.78,-0.26,-0.26,0.93
15.528549432754517,105.0,59.0,18.0,-67.0,-10.0,-62.0,-29.0,-91.0,-144.0,-44.64,14.35,165.19,-26.31,-1.04,10.5,-0.28,-0.26,0.96
15.565429210662842,106.0,60.0,26.0,-87.0,-20.0,-75.0,-28.0,-88.0,-134.0,-44.73,14.4,165.84,-25.63,-1.65,10.07,-0.25,-0.24,0.94
15.606331586837769,108.0,36.0,27.0,-103.0,-23.0,-67.0,-25.0,-122.0,-133.0,-44.83,14.23,166.23,-25.39,-1.28,6.77,-0.23,-0.21,0.95
15.643243789672852,97.0,37.0,42.0,-103.0,-15.0,-22.0,-39.0,-119.0,-113.0,-44.73,14.07,167.1,-24.9,-1.53,5.13,-0.25,-0.18,0.97
15.680087327957153,106.0,34.0,45.0,-78.0,8.0,11.0,-28.0,-123.0,-108.0,-44.59,14.26,167.93,-24.11,-3.36,3.48,-0.25,-0.19,0.95
15.716946125030518,109.0,247.0,50.0,-4.0,48.0,63.0,-24.0,-182.0,-102.0,-44.7,14.3,168.0,-23.62,-4.46,0.92,-0.24,-0.26,0.96
15.753779411315918,127.0,241.0,15.0,164.0,104.0,88.0,0.0,-191.0,-149.0,-44.75,14.42,168.02,-25.51,-5.62,-2.38,-0.24,-0.25,0.96
15.786632537841797,155.0,158.0,34.0,-78.0,40.0,-81.0,36.0,41.0,-123.0,-44.87,14.79,168.15,-28.63,-7.51,4.09,-0.29,-0.22,0.95
15.823471784591675,106.0,18.0,251.0,21.0,-2.0,-15.0,-28.0,-145.0,-177.0,-45.06,15.31,168.22,-32.23,-10.25,3.42,-0.26,-0.28,0.9
15.860285997390747,124.0,86.0,240.0,32.0,29.0,32.0,-3.0,-55.0,-192.0,-45.26,15.66,167.79,-31.86,-7.93,-1.34,-0.29,-0.29,0.87
15.893107891082764,118.0,99.0,239.0,44.0,13.0,8.0,-11.0,-37.0,-192.0,-45.4,16.38,167.35,-35.03,-8.48,-3.6,-0.31,-0.35,0.85
15.9258451461792,117.0,55.0,0.0,57.0,14.0,17.0,-13.0,-96.0,-171.0,-45.57,16.82,166.7,-41.44,-9.95,-3.72,-0.31,-0.4,0.82
15.962670087814331,115.0,40.0,11.0,66.0,16.0,33.0,-15.0,-116.0,-155.0,-45.67,17.09,166.21,-49.56,-2.26,-11.41,-0.34,-0.42,0.84
15.99548053741455,105.0,68.0,15.0,35.0,3.0,33.0,-29.0,-78.0,-149.0,-45.59,17.61,166.1,-58.9,2.81,-10.93,-0.39,-0.39,0.81
16.028279304504395,103.0,71.0,11.0,36.0,-6.0,12.0,-31.0,-75.0,-154.0,-45.56,18.48,166.39,-67.2,3.05,-6.53,-0.42,-0.38,0.86
16.065093278884888,116.0,69.0,18.0,47.0,-6.0,2.0,-14.0,-76.0,-145.0,-45.53,19.2,166.78,-78.49,7.08,-10.93,-0.47,-0.46,0.87
16.09781789779663,115.0,66.0,15.0,52.0,-7.0,7.0,-15.0,-80.0,-149.0,-45.59,19.68,167.32,-86.24,8.97,-16.42,-0.59,-0.74,0.98
16.13066601753235,117.0,65.0,13.0,56.0,-16.0,13.0,-13.0,-82.0,-151.0,-45.53,19.99,168.15,-96.13,12.45,-14.16,-0.81,-0.99,1.15
16.167498350143433,103.0,79.0,19.0,71.0,-15.0,6.0,-31.0,-64.0,-144.0,-45.82,20.38,169.17,-108.03,7.2,3.85,-0.94,-0.99,1.33
16.20431661605835,100.0,85.0,250.0,80.0,-21.0,24.0,-35.0,-55.0,-179.0,-46.52,20.91,170.04,-105.04,-3.54,11.66,-0.73,-0.68,1.45
16.237175226211548,110.0,79.0,180.0,102.0,-13.0,0.0,-22.0,-63.0,-272.0,-45.88,20.38,171.3,-83.98,2.01,-42.18,-0.24,-0.21,1.44
16.27807641029358,31.0,32.0,218.0,114.0,-8.0,-12.0,-128.0,-127.0,-221.0,-43.19,19.15,173.82,-43.21,11.78,-128.3,-0.06,0.06,1.22
16.310862064361572,96.0,18.0,21.0,118.0,21.0,96.0,-41.0,-144.0,-141.0,-39.12,18.24,176.36,-0.92,-18.25,-134.03,0.33,0.41,0.9
16.3436119556427,129.0,73.0,45.0,57.0,0.0,20.0,2.0,-71.0,-108.0,-36.44,17.98,177.69,21.12,-20.02,-87.52,0.35,0.66,0.73
16.376477241516113,108.0,15.0,57.0,50.0,5.0,-27.0,-25.0,-149.0,-93.0,-35.03,17.67,178.38,37.05,-1.95,-31.31,0.06,1.04,0.74
16.413254499435425,114.0,251.0,94.0,37.0,22.0,45.0,-17.0,-177.0,-43.0,-35.37,17.82,178.57,46.63,-36.25,69.82,-0.33,0.85,0.45
16.446030378341675,123.0,96.0,57.0,-56.0,21.0,70.0,-5.0,-40.0,-93.0,-38.16,19.87,176.9,93.51,-89.42,142.21,-0.33,0.69,0.3
16.486961841583252,115.0,103.0,31.0,-111.0,-55.0,-83.0,-16.0,-32.0,-128.0,-42.39,22.34,173.02,166.32,-112.98,178.22,-0.33,0.6,0.15
16.52384614944458,100.0,247.0,66.0,-58.0,-31.0,-95.0,-35.0,-182.0,-81.0,-46.73,24.87,167.41,234.19,-120.79,156.19,-0.21,0.37,0.17
16.55661177635193,80.0,243.0,59.0,2.0,32.0,74.0,-62.0,-188.0,-90.0,-49.4,26.68,161.12,278.63,-75.32,86.49,-0.23,0.2,0.24
16.589359760284424,90.0,61.0,51.0,0.0,33.0,80.0,-49.0,-87.0,-101.0,-50.45,27.64,155.3,301.39,-43.27,56.88,-0.35,0.23,0.58
16.626203536987305,90.0,70.0,48.0,-20.0,-2.0,-39.0,-49.0,-76.0,-105.0,-51.59,28.57,149.19,308.29,-33.63,53.34,-0.52,-0.17,0.66
16.66309881210327,99.0,42.0,41.0,-20.0,-22.0,-100.0,-36.0,-113.0,-114.0,-52.18,27.92,140.49,343.44,-3.6,-45.23,-0.41,-0.87,0.94
16.699961185455322,93.0,21.0,53.0,-29.0,-14.0,-58.0,-45.0,-141.0,-98.0,-49.36,29.23,135.32,305.79,3.54,-119.45,-0.44,-0.35,1.62
16.736833572387695,96.0,33.0,50.0,-42.0,-13.0,-27.0,-41.0,-124.0,-103.0,-48.41,30.59,131.26,189.88,-56.88,21.12,-1.11,-1.23,0.63
16.773735284805298,94.0,27.0,42.0,-22.0,11.0,-4.0,-44.0,-133.0,-113.0,-50.34,30.92,125.81,154.97,-12.76,-0.24,-0.23,-0.35,-0.39
16.806435585021973,103.0,57.0,34.0,-40.0,3.0,3.0,-31.0,-93.0,-124.0,-50.54,31.26,123.74,-0.98,0.55,35.64,-0.53,-0.58,0.03
16.843305587768555,103.0,55.0,31.0,-57.0,-11.0,-40.0,-31.0,-95.0,-127.0,-52.47,28.99,125.03,-88.99,-12.76,100.28,-0.31,-0.54,0.7
16.880184412002563,89.0,33.0,31.0,-72.0,-17.0,-45.0,-50.0,-124.0,-128.0,-53.47,26.71,129.01,-161.56,15.99,117.92,-0.77,-1.93,1.02
16.91702651977539,83.0,42.0,19.0,-79.0,-7.0,-21.0,-58.0,-112.0,-143.0,-57.71,23.45,128.61,-59.27,-0.31,74.16,-1.27,-2.27,1.51
16.953912258148193,84.0,46.0,29.0,-81.0,-14.0,-26.0,-57.0,-107.0,-130.0,-55.01,24.87,131.74,-51.33,74.65,-180.66,0.35,0.45,1.0
16.990736961364746,86.0,63.0,0.0,-82.0,-23.0,-34.0,-55.0,-85.0,-168.0,-50.83,25.76,136.07,-70.19,70.62,-102.91,0.27,0.87,0.38
17.027615308761597,95.0,48.0,28.0,-86.0,-23.0,-50.0,-43.0,-105.0,-132.0,-49.24,24.8,139.44,-78.0,64.21,21.73,-0.39,0.53,0.82
17.064453125,106.0,35.0,29.0,-81.0,-12.0,2.0,-28.0,-122.0,-131.0,-47.25,24.47,142.95,-49.01,75.93,-70.43,-0.62,-0.28,1.47
17.101306200027466,103.0,54.0,34.0,-74.0,-1.0,25.0,-31.0,-97.0,-124.0,-42.93,24.24,146.62,-17.46,83.92,-92.71,-0.49,0.33,1.26
17.134095668792725,110.0,68.0,29.0,-77.0,0.0,13.0,-23.0,-78.0,-130.0,-42.4,23.28,149.09,-41.38,31.31,49.19,-0.29,0.28,0.86
17.16696286201477,109.0,60.0,36.0,-57.0,3.0,-4.0,-24.0,-89.0,-121.0,-44.25,22.29,150.97,-57.92,5.49,93.08,-0.49,-0.3,0.92
17.20371651649475,109.0,41.0,43.0,-31.0,14.0,0.0,-24.0,-115.0,-111.0,-46.61,21.37,151.33,-37.6,3.42,58.9,-0.31,-0.59,0.89
17.236531734466553,126.0,252.0,55.0,38.0,64.0,58.0,-1.0,-175.0,-95.0,-47.91,20.25,151.25,-19.47,24.05,15.26,-0.24,-0.5,0.76
17.273338317871094,131.0,249.0,17.0,105.0,98.0,62.0,5.0,-179.0,-146.0,-48.25,19.26,152.07,-18.8,28.38,2.26,-0.25,-0.33,0.88
17.31022596359253,105.0,103.0,4.0,-41.0,32.0,-57.0,-29.0,-31.0,-164.0,-48.63,18.66,153.19,-23.19,22.83,14.04,-0.35,-0.38,0.9
17.34300947189331,76.0,49.0,245.0,7.0,5.0,-44.0,-67.0,-104.0,-184.0,-49.37,18.21,154.08,-24.41,18.19,19.78,-0.28,-0.38,0.86
17.375847339630127,137.0,74.0,33.0,29.0,33.0,3.0,13.0,-71.0,-125.0,-50.09,17.93,154.85,-22.71,18.8,8.54,-0.3,-0.4,0.85
17.408557415008545,142.0,106.0,202.0,38.0,28.0,8.0,20.0,-28.0,-242.0,-50.76,17.77,155.49,-22.77,17.7,10.56,-0.34,-0.42,0.89
17.441365242004395,114.0,69.0,0.0,53.0,21.0,5.0,-17.0,-77.0,-168.0,-51.37,17.5,156.24,-20.02,15.93,12.27,-0.27,-0.31,0.85
17.474111795425415,126.0,39.0,5.0,46.0,11.0,-1.0,-1.0,-117.0,-162.0,-51.84,16.97,157.35,-20.45,14.53,19.53,-0.25,-0.27,0.92
17.51090145111084,107.0,40.0,7.0,40.0,6.0,11.0,-27.0,-116.0,-159.0,-52.59,16.8,158.07,-16.66,6.23,12.33,-0.31,-0.37,0.89
17.54365634918213,100.0,66.0,11.0,36.0,2.0,16.0,-35.0,-81.0,-154.0,-53.3,17.0,158.4,-14.47,3.54,13.98,-0.32,-0.41,0.86
17.576433658599854,124.0,69.0,16.0,37.0,-1.0,9.0,-3.0,-77.0,-147.0,-54.24,16.89,158.43,-17.21,5.49,17.7,-0.25,-0.44,0.87
17.60513710975647,131.0,63.0,32.0,38.0,0.0,16.0,4.0,-84.0,-127.0,-55.19,16.53,158.53,-22.58,2.38,26.06,-0.22,-0.41,0.87
17.637935161590576,122.0,73.0,20.0,40.0,-2.0,12.0,-7.0,-71.0,-142.0,-56.14,16.5,158.7,-21.48,-0.79,19.04,-0.3,-0.43,0.86
17.670700311660767,120.0,58.0,12.0,54.0,-5.0,20.0,-9.0,-91.0,-153.0,-57.06,16.45,158.84,-23.56,-0.49,17.76,-0.27,-0.42,0.87
17.707507610321045,113.0,66.0,16.0,67.0,-3.0,28.0,-18.0,-81.0,-147.0,-58.09,16.24,158.9,-27.83,-1.4,20.57,-0.25,-0.47,0.81
17.74030303955078,97.0,77.0,248.0,74.0,0.0,35.0,-40.0,-66.0,-180.0,-58.92,15.9,158.94,-25.21,0.73,13.73,-0.21,-0.44,0.85
17.77724027633667,112.0,71.0,224.0,84.0,-18.0,28.0,-19.0,-75.0,-212.0,-59.45,15.93,159.17,-22.83,2.44,4.21,-0.27,-0.34,0.91
17.814003944396973,51.0,84.0,195.0,96.0,-23.0,-20.0,-101.0,-56.0,-251.0,-59.73,15.86,159.85,-24.96,2.01,5.0,-0.23,-0.33,0.94
17.846784353256226,84.0,2.0,31.0,105.0,2.0,45.0,-57.0,-166.0,-128.0,-60.33,16.06,160.23,-24.11,4.15,6.23,-0.26,-0.35,0.87
17.87955355644226,146.0,65.0,46.0,75.0,18.0,30.0,24.0,-82.0,-107.0,-60.59,16.16,161.03,-25.02,7.51,4.76,-0.38,-0.28,0.95
17.916377305984497,122.0,34.0,50.0,58.0,0.0,-68.0,-6.0,-123.0,-103.0,-60.75,16.59,161.81,-24.41,-0.06,-2.81,-0.31,-0.34,0.92
17.949214458465576,107.0,248.0,105.0,73.0,29.0,28.0,-26.0,-181.0,-29.0,-60.86,16.65,162.41,-24.54,4.09,-6.41,-0.26,-0.25,0.95
17.986032962799072,105.0,70.0,66.0,-93.0,8.0,62.0,-29.0,-75.0,-80.0,-60.66,16.53,163.67,-25.94,4.46,-6.47,-0.33,-0.15,1.0
18.018796682357788,125.0,51.0,45.0,-89.0,1.0,19.0,-2.0,-101.0,-108.0,-60.47,16.82,164.92,-21.79,-4.15,-8.06,-0.31,-0.15,0.99
18.055663108825684,114.0,21.0,50.0,-46.0,27.0,55.0,-17.0,-140.0,-102.0,-60.34,17.09,165.84,-18.49,-7.51,-10.62,-0.22,-0.16,0.97
18.08846664428711,95.0,52.0,46.0,-47.0,22.0,41.0,-43.0,-100.0,-107.0,-60.03,16.99,167.04,-19.71,-4.52,-8.85,-0.21,-0.04,1.01
18.121230363845825,88.0,32.0,53.0,-55.0,2.0,2.0,-52.0,-126.0,-98.0,-59.96,17.04,168.35,-21.73,-13.43,3.42,-0.23,-0.08,0.91
18.15828037261963,100.0,39.0,42.0,-39.0,-4.0,-28.0,-36.0,-116.0,-113.0,-60.25,17.11,168.99,-24.6,-14.71,8.48,-0.26,-0.25,0.91
18.19901156425476,104.0,46.0,39.0,-49.0,-18.0,-40.0,-31.0,-108.0,-117.0,-60.72,17.23,168.78,-24.23,-13.49,4.27,-0.24,-0.29,0.88
18.23588252067566,97.0,37.0,38.0,-57.0,-23.0,-48.0,-40.0,-120.0,-118.0,-61.14,17.49,168.61,-23.25,-10.44,0.12,-0.25,-0.27,0.82
18.272783279418945,101.0,40.0,29.0,-57.0,-11.0,-17.0,-34.0,-115.0,-130.0,-61.48,17.77,168.49,-23.44,-14.89,-2.2,-0.25,-0.33,0.79
18.309621810913086,92.0,61.0,29.0,-61.0,-10.0,-14.0,-46.0,-88.0,-131.0,-62.04,18.17,167.71,-26.49,-17.46,-5.31,-0.25,-0.44,0.74
18.346505403518677,101.0,59.0,27.0,-64.0,-10.0,-30.0,-35.0,-91.0,-133.0,-62.42,18.61,167.01,-33.94,-11.35,-11.47,-0.32,-0.41,0.76
18.38337731361389,102.0,65.0,13.0,-59.0,-9.0,-25.0,-33.0,-82.0,-152.0,-62.79,19.05,166.67,-47.06,-13.92,-7.02,-0.3,-0.44,0.76
18.420225381851196,100.0,56.0,15.0,-63.0,-12.0,-37.0,-36.0,-94.0,-149.0,-63.36,19.54,166.32,-55.97,-13.12,-4.82,-0.35,-0.55,0.73
18.461130142211914,102.0,66.0,11.0,-65.0,-11.0,-38.0,-33.0,-81.0,-154.0,-63.75,20.09,166.12,-63.42,-2.01,-14.65,-0.44,-0.56,0.82
18.493929624557495,101.0,64.0,7.0,-59.0,-9.0,-51.0,-34.0,-84.0,-159.0,-63.9,20.77,166.32,-72.88,1.4,-17.64,-0.59,-0.63,0.88
18.53079843521118,100.0,53.0,11.0,-58.0,-4.0,-46.0,-35.0,-98.0,-154.0,-63.93,21.6,166.88,-85.21,2.38,-22.28,-0.7,-0.79,0.89
18.567654371261597,110.0,45.0,23.0,-67.0,-1.0,-39.0,-22.0,-109.0,-138.0,-63.71,22.26,167.8,-97.23,10.07,-35.46,-0.91,-1.02,1.19
18.60451579093933,106.0,49.0,18.0,-73.0,3.0,-18.0,-28.0,-103.0,-145.0,-63.12,22.45,169.03,-115.48,17.58,-30.88,-0.94,-1.14,1.51
18.641374349594116,102.0,63.0,32.0,-93.0,-4.0,-28.0,-32.0,-85.0,-126.0,-63.6,23.05,170.37,-126.89,-3.48,4.94,-0.66,-0.52,1.4
18.678205728530884,101.0,32.0,28.0,-77.0,3.0,-5.0,-34.0,-126.0,-132.0,-63.34,22.47,172.71,-91.86,-0.12,-44.19,-0.22,-0.07,1.25
18.711020946502686,109.0,227.0,57.0,28.0,61.0,69.0,-23.0,-209.0,-93.0,-60.01,21.01,175.86,-42.11,32.17,-143.68,0.07,0.28,0.94
18.747877597808838,110.0,0.0,20.0,153.0,95.0,110.0,-22.0,-170.0,-142.0,-55.14,19.32,178.62,7.08,10.01,-191.53,0.41,0.46,0.97
18.78065800666809,190.0,154.0,59.0,-35.0,16.0,-64.0,84.0,35.0,-90.0,-51.53,18.05,-179.77,14.47,21.67,-107.85,0.41,0.77,0.93
18.82155990600586,103.0,241.0,212.0,26.0,6.0,-60.0,-32.0,-190.0,-229.0,-51.09,16.96,-178.75,32.41,7.63,51.64,-0.4,0.98,0.77
18.854429483413696,106.0,84.0,39.0,31.0,26.0,48.0,-27.0,-56.0,-117.0,-53.4,18.28,-179.7,68.66,-59.88,124.51,-0.3,0.91,0.37
18.887146472930908,133.0,131.0,198.0,11.0,12.0,-26.0,8.0,5.0,-248.0,-57.11,20.64,177.59,137.45,-120.54,193.91,-0.18,0.65,0.25
18.9199275970459,117.0,57.0,10.0,56.0,25.0,20.0,-12.0,-92.0,-155.0,-61.81,23.29,172.68,197.57,-112.55,188.54,-0.15,0.17,0.13
18.952654123306274,130.0,54.0,9.0,41.0,7.0,-1.0,3.0,-96.0,-157.0,-64.52,25.47,167.14,259.03,-56.52,81.12,-0.06,0.12,0.32
18.985421419143677,115.0,33.0,7.0,40.0,2.0,-5.0,-16.0,-125.0,-160.0,-66.12,24.73,161.43,268.31,-33.51,95.64,-0.12,0.07,0.62
19.01820421218872,106.0,62.0,6.0,32.0,0.0,21.0,-27.0,-86.0,-160.0,-68.01,23.85,155.31,273.07,-10.19,100.46,-0.37,-0.16,0.64
19.05095648765564,122.0,63.0,13.0,36.0,-6.0,16.0,-7.0,-85.0,-152.0,-69.22,23.91,147.66,299.07,8.3,58.96,-0.52,-0.46,0.82
19.083736181259155,125.0,74.0,14.0,40.0,-7.0,11.0,-3.0,-70.0,-150.0,-68.17,23.71,141.65,302.25,22.28,-15.5,-0.46,-0.66,0.99
19.116504430770874,120.0,66.0,16.0,46.0,-6.0,20.0,-9.0,-81.0,-147.0,-67.75,24.67,136.14,279.24,-10.25,-6.04,-0.36,-0.58,0.95
19.153323888778687,122.0,76.0,12.0,53.0,-11.0,26.0,-6.0,-67.0,-152.0,-68.47,24.72,129.35,212.1,-7.69,7.26,-0.65,-1.08,0.41
19.186140060424805,115.0,89.0,17.0,66.0,-11.0,20.0,-16.0,-51.0,-146.0,-68.48,24.43,124.94,138.0,40.41,3.78,-0.46,-0.83,-0.31
19.218923568725586,101.0,78.0,2.0,86.0,-1.0,33.0,-35.0,-65.0,-166.0,-68.32,23.85,122.25,25.33,25.76,31.62,-0.31,-0.88,0.22
19.2557373046875,95.0,79.0,243.0,99.0,-16.0,29.0,-42.0,-63.0,-188.0,-68.86,22.77,123.07,-71.41,10.5,64.7,-0.63,-0.74,0.68
19.292606115341187,81.0,58.0,189.0,117.0,-26.0,16.0,-61.0,-91.0,-260.0,-68.21,21.72,126.34,-122.56,49.56,9.46,-1.01,-2.59,1.15
19.329479694366455,62.0,48.0,235.0,99.0,-34.0,-17.0,-86.0,-105.0,-199.0,-67.55,21.26,127.48,-42.36,66.59,-29.17,-1.64,-1.18,1.64
19.3622465133667,132.0,26.0,76.0,78.0,-11.0,1.0,7.0,-135.0,-68.0,-63.45,23.36,131.78,-85.88,97.17,-220.58,0.28,1.23,1.12
19.395039319992065,125.0,34.0,47.0,56.0,-7.0,-67.0,-3.0,-124.0,-107.0,-58.14,24.47,137.37,-90.64,51.33,-79.35,0.66,0.75,0.25
19.431845903396606,109.0,1.0,66.0,55.0,7.0,-15.0,-23.0,-167.0,-81.0,-57.14,23.1,140.37,-57.8,36.99,6.23,-0.27,-0.03,0.66
19.464632987976074,105.0,28.0,92.0,-5.0,46.0,60.0,-30.0,-131.0,-46.0,-54.52,22.56,143.2,-25.27,80.51,-85.88,-0.53,0.09,2.13
19.49742293357849,122.0,62.0,59.0,-61.0,52.0,86.0,-6.0,-86.0,-90.0,-52.08,21.9,146.29,-54.69,25.39,20.2,-0.61,0.61,1.43
19.534236669540405,109.0,56.0,34.0,-65.0,36.0,20.0,-23.0,-94.0,-123.0,-53.25,21.93,148.53,-56.21,-15.08,66.71,-0.21,-0.32,0.37
19.57109761238098,117.0,24.0,38.0,-29.0,29.0,33.0,-13.0,-137.0,-118.0,-54.41,21.21,147.51,-23.19,14.77,7.2,-0.13,-0.75,0.71
19.603910446166992,89.0,47.0,47.0,-32.0,10.0,56.0,-50.0,-106.0,-106.0,-53.75,19.94,148.62,-18.86,39.31,-6.71,-0.35,-0.37,1.11
19.64077353477478,95.0,42.0,56.0,-44.0,-19.0,-22.0,-43.0,-112.0,-94.0,-52.93,19.34,150.66,-25.63,27.34,10.31,-0.28,-0.01,0.85
19.677723169326782,102.0,41.0,42.0,-36.0,-26.0,-61.0,-33.0,-115.0,-114.0,-53.11,18.92,152.4,-32.23,5.43,36.07,-0.28,-0.4,0.8
19.718570709228516,102.0,31.0,46.0,-45.0,-26.0,-65.0,-33.0,-127.0,-108.0,-54.12,18.02,151.59,-22.83,11.29,20.94,-0.25,-0.71,0.77
19.75542974472046,93.0,17.0,48.0,-39.0,-20.0,-41.0,-45.0,-146.0,-105.0,-54.11,17.01,150.91,-20.2,34.0,-8.61,-0.25,-0.52,0.83
19.79231882095337,102.0,37.0,37.0,-34.0,-9.0,-10.0,-33.0,-119.0,-119.0,-53.29,16.33,151.9,-21.3,29.05,-14.59,-0.23,-0.37,0.87
19.829263925552368,93.0,54.0,31.0,-41.0,-7.0,-24.0,-45.0,-96.0,-127.0,-52.93,15.81,153.08,-24.78,21.61,5.25,-0.26,-0.33,0.88
19.866153955459595,102.0,39.0,29.0,-49.0,-13.0,-37.0,-33.0,-117.0,-130.0,-53.07,15.32,154.23,-32.53,13.85,26.31,-0.27,-0.37,0.83
19.902949571609497,98.0,40.0,33.0,-46.0,-11.0,-28.0,-38.0,-115.0,-125.0,-53.46,15.02,154.53,-26.92,11.23,15.56,-0.24,-0.44,0.84
19.935761213302612,98.0,28.0,28.0,-34.0,0.0,8.0,-38.0,-132.0,-131.0,-53.41,14.59,155.09,-24.78,15.32,2.69,-0.25,-0.37,0.91
19.973689317703247,101.0,56.0,21.0,-32.0,-4.0,9.0,-35.0,-94.0,-141.0,-53.36,14.26,156.23,-27.4,8.12,13.98,-0.24,-0.27,0.93
20.009459018707275,105.0,61.0,19.0,-42.0,-15.0,-35.0,-29.0,-87.0,-144.0,-53.7,13.86,157.34,-30.46,3.66,24.6,-0.21,-0.31,0.9
20.046343564987183,101.0,50.0,20.0,-51.0,-19.0,-55.0,-34.0,-103.0,-142.0,-54.2,13.73,157.78,-29.72,-0.73,21.12,-0.21,-0.42,0.88
20.08725881576538,108.0,49.0,20.0,-66.0,-20.0,-49.0,-25.0,-103.0,-142.0,-54.55,13.38,157.73,-23.99,4.94,4.88,-0.17,-0.37,0.89
20.124152421951294,104.0,62.0,18.0,-87.0,-21.0,-48.0,-30.0,-86.0,-144.0,-54.42,12.9,158.83,-26.31,7.32,8.67,-0.24,-0.22,0.97
20.161157608032227,106.0,61.0,24.0,-92.0,-17.0,-46.0,-28.0,-88.0,-137.0,-54.61,12.84,159.93,-28.99,-5.8,18.62,-0.26,-0.3,0.92
20.197813987731934,104.0,53.0,26.0,-87.0,1.0,-18.0,-30.0,-98.0,-134.0,-55.01,13.1,160.4,-26.73,-3.78,18.37,-0.25,-0.33,0.87
20.23066997528076,109.0,59.0,34.0,-80.0,19.0,18.0,-23.0,-90.0,-124.0,-55.22,13.09,160.55,-23.44,-0.12,5.13,-0.21,-0.35,0.88
20.267536878585815,118.0,38.0,48.0,-47.0,47.0,64.0,-12.0,-118.0,-105.0,-55.22,13.12,160.85,-25.7,1.1,5.25,-0.22,-0.32,0.95
20.304390907287598,113.0,230.0,55.0,56.0,85.0,60.0,-18.0,-205.0,-96.0,-55.36,12.96,161.45,-29.79,-1.95,15.38,-0.24,-0.29,0.93
20.34117817878723,23.0,80.0,224.0,69.0,-49.0,76.0,-139.0,-63.0,-213.0,-55.6,13.02,161.97,-30.82,-7.57,13.98,-0.24,-0.34,0.88
20.378286361694336,153.0,71.0,231.0,-10.0,27.0,-133.0,34.0,-74.0,-204.0,-55.84,13.05,161.81,-29.17,-4.7,7.32,-0.26,-0.39,0.9
20.410816192626953,139.0,8.0,4.0,64.0,58.0,94.0,15.0,-158.0,-163.0,-55.93,13.23,162.29,-33.14,-5.49,13.85,-0.28,-0.25,0.96
20.443623781204224,131.0,117.0,240.0,48.0,35.0,43.0,5.0,-13.0,-191.0,-56.14,13.47,163.32,-37.29,-9.89,21.91,-0.26,-0.23,0.95
20.48046851158142,136.0,24.0,254.0,66.0,5.0,-35.0,11.0,-136.0,-173.0,-56.43,13.67,164.04,-37.11,-10.38,18.07,-0.27,-0.25,0.92
20.5133216381073,119.0,18.0,24.0,39.0,12.0,25.0,-10.0,-145.0,-136.0,-56.51,13.77,164.74,-35.46,-7.14,11.11,-0.28,-0.24,0.95
20.54615616798401,109.0,59.0,16.0,26.0,9.0,26.0,-24.0,-90.0,-147.0,-56.39,13.82,165.74,-35.22,-7.02,5.43,-0.26,-0.19,0.95
20.578904390335083,117.0,62.0,21.0,27.0,6.0,28.0,-12.0,-86.0,-141.0,-56.14,13.76,166.76,-34.48,-6.77,0.37,-0.24,-0.19,0.94
20.611649751663208,133.0,77.0,19.0,33.0,-2.0,16.0,8.0,-66.0,-144.0,-55.88,13.82,167.5,-33.26,-8.06,-3.6,-0.26,-0.22,0.91
20.644418001174927,140.0,62.0,32.0,45.0,-8.0,11.0,16.0,-86.0,-127.0,-55.57,13.93,168.19,-34.36,-7.57,-5.98,-0.25,-0.22,0.93
20.681166648864746,128.0,70.0,26.0,27.0,-16.0,10.0,1.0,-76.0,-134.0,-55.39,14.14,168.61,-39.25,-11.66,-0.79,-0.26,-0.26,0.87
20.713902473449707,107.0,74.0,1.0,63.0,-2.0,11.0,-26.0,-70.0,-167.0,-55.48,14.54,168.38,-42.24,-10.99,-0.92,-0.29,-0.38,0.84
20.746695518493652,94.0,73.0,2.0,79.0,-3.0,19.0,-43.0,-72.0,-166.0,-55.49,15.1,168.05,-50.42,-7.57,-9.03,-0.36,-0.48,0.83
20.779714584350586,99.0,75.0,238.0,99.0,-6.0,26.0,-37.0,-69.0,-195.0,-55.53,16.03,167.98,-57.5,-3.72,-5.8,-0.51,-0.4,0.87
20.81640315055847,115.0,36.0,190.0,107.0,-13.0,5.0,-16.0,-121.0,-258.0,-55.46,17.03,168.42,-70.98,-1.16,-5.25,-0.52,-0.4,0.95
20.853150606155396,61.0,4.0,229.0,91.0,-21.0,-1.0,-88.0,-163.0,-206.0,-55.49,17.93,168.86,-79.71,-4.03,-7.69,-0.62,-0.65,0.91
20.886078357696533,114.0,10.0,52.0,68.0,-15.0,56.0,-17.0,-155.0,-99.0,-55.64,18.7,169.35,-91.49,-7.26,-3.97,-0.69,-0.87,1.0
20.92283296585083,140.0,46.0,76.0,33.0,-21.0,-18.0,17.0,-107.0,-68.0,-56.11,19.45,170.11,-105.9,-9.7,11.84,-0.86,-0.81,1.25
20.959692239761353,105.0,14.0,67.0,21.0,-34.0,-55.0,-29.0,-151.0,-79.0,-57.05,20.51,170.98,-115.6,-34.67,27.4,-0.63,-0.63,1.19
20.992456674575806,113.0,0.0,98.0,10.0,16.0,36.0,-18.0,-169.0,-39.0,-57.28,20.63,172.19,-88.2,-33.51,-22.52,-0.05,-0.27,1.04
21.025338411331177,123.0,85.0,69.0,-68.0,28.0,102.0,-6.0,-56.0,-77.0,-55.19,19.75,173.7,-25.21,6.04,-123.47,0.06,-0.08,0.87
21.062333345413208,93.0,73.0,28.0,-102.0,-25.0,-32.0,-45.0,-72.0,-132.0,-51.05,18.16,175.61,1.34,32.9,-169.8,0.18,0.28,1.0
21.098989248275757,105.0,210.0,56.0,32.0,12.0,56.0,-29.0,-231.0,-95.0,-46.7,16.23,177.67,11.78,51.15,-138.67,0.16,0.63,1.14
21.131776094436646,110.0,71.0,55.0,38.0,35.0,130.0,-22.0,-75.0,-96.0,-44.67,15.04,179.14,27.1,27.83,-41.26,-0.25,0.92,0.81
21.168671369552612,107.0,73.0,63.0,-14.0,19.0,-3.0,-26.0,-71.0,-84.0,-44.93,15.79,178.98,77.03,-59.94,64.64,-0.34,1.07,0.5
21.205453395843506,98.0,70.0,33.0,-51.0,-30.0,-107.0,-38.0,-75.0,-125.0,-47.37,18.53,177.0,121.7,-124.08,126.89,-0.24,0.53,0.49
21.246386289596558,105.0,22.0,47.0,-58.0,-35.0,-125.0,-29.0,-139.0,-107.0,-50.51,21.24,173.82,179.75,-111.08,140.2,-0.14,0.25,0.37
21.27927803993225,100.0,0.0,47.0,-25.0,6.0,-24.0,-35.0,-168.0,-107.0,-53.42,22.79,169.53,214.23,-86.85,136.41,-0.14,0.17,0.48
21.315990209579468,99.0,20.0,48.0,-6.0,36.0,80.0,-37.0,-142.0,-105.0,-56.71,23.37,164.38,238.04,-64.7,156.8,-0.25,0.07,0.58
21.34887194633484,100.0,65.0,27.0,-11.0,40.0,79.0,-35.0,-82.0,-132.0,-59.99,24.12,158.27,253.23,-35.28,138.43,-0.5,-0.21,0.57
21.390454292297363,94.0,82.0,20.0,-25.0,11.0,-5.0,-44.0,-59.0,-142.0,-62.52,24.95,150.41,278.08,-6.77,64.09,-0.55,-0.4,0.73
21.42261791229248,101.0,57.0,28.0,-32.0,-5.0,-64.0,-35.0,-94.0,-132.0,-63.18,24.59,143.46,284.12,-5.98,21.73,-0.3,-0.81,0.89
21.455496072769165,89.0,7.0,19.0,-66.0,-9.0,-30.0,-51.0,-160.0,-144.0,-63.96,23.59,136.3,262.45,-16.72,3.36,-0.48,-0.98,1.02
21.492316961288452,101.0,35.0,31.0,-63.0,4.0,-17.0,-34.0,-122.0,-128.0,-63.9,23.15,130.87,225.1,4.21,-26.55,-0.62,-0.7,0.57
21.529488801956177,106.0,51.0,27.0,-80.0,-2.0,-4.0,-27.0,-100.0,-133.0,-63.9,24.56,126.13,153.56,35.03,-30.03,-0.34,-0.34,-0.2
21.561763286590576,97.0,47.0,15.0,-71.0,2.0,-1.0,-39.0,-106.0,-148.0,-63.58,24.62,122.99,49.99,19.17,24.35,-0.25,-0.71,0.19
21.598599195480347,103.0,53.0,21.0,-81.0,-1.0,-13.0,-32.0,-98.0,-141.0,-64.93,22.73,123.51,-57.43,-3.3,90.15,-0.28,-0.55,0.44
21.63547658920288,94.0,59.0,16.0,-100.0,-9.0,-27.0,-43.0,-90.0,-148.0,-65.55,21.61,126.66,-116.94,13.43,32.65,-0.15,-0.59,0.82
21.672326803207397,97.0,51.0,15.0,-101.0,-6.0,-30.0,-40.0,-101.0,-149.0,-65.95,21.21,128.48,-81.91,17.76,102.72,-1.5,-3.74,2.05
21.709205389022827,100.0,58.0,20.0,-105.0,-3.0,-12.0,-35.0,-92.0,-142.0,-63.93,22.26,130.19,-39.06,63.17,-114.87,-0.49,-0.4,1.21
21.78307557106018,101.0,46.0,25.0,-86.0,10.0,7.0,-34.0,-108.0,-135.0,-31.19,16.1,168.21,-37.9,-7.39,9.09,-0.24,-0.23,0.9
21.820289373397827,111.0,40.0,37.0,-69.0,20.0,36.0,-21.0,-115.0,-119.0,-31.4,16.14,167.74,-37.48,-5.74,1.83,-0.25,-0.25,0.88
21.856648683547974,102.0,11.0,48.0,-14.0,62.0,71.0,-33.0,-154.0,-105.0,-31.09,15.56,168.62,-37.96,0.06,-1.4,-0.23,-0.12,0.96
21.8975727558136,110.0,213.0,19.0,160.0,117.0,115.0,-22.0,-228.0,-143.0,-30.57,15.39,170.7,-40.28,-0.79,-1.46,-0.23,-0.05,0.95
21.930368661880493,173.0,176.0,64.0,-25.0,41.0,-44.0,60.0,65.0,-83.0,-30.09,15.01,172.19,-40.71,-3.72,-2.93,-0.22,-0.12,0.92
21.967205286026,114.0,6.0,200.0,19.0,8.0,-94.0,-17.0,-161.0,-245.0,-29.97,15.07,171.91,-39.73,-3.91,-6.47,-0.26,-0.26,0.85
22.000051021575928,118.0,61.0,32.0,37.0,41.0,43.0,-12.0,-88.0,-126.0,-29.91,15.5,171.33,-40.41,-1.59,-13.73,-0.34,-0.33,0.83
22.03683614730835,141.0,111.0,217.0,32.0,22.0,28.0,19.0,-21.0,-222.0,-29.86,16.13,170.91,-48.95,1.83,-16.36,-0.37,-0.43,0.9
22.0695960521698,126.0,39.0,10.0,35.0,5.0,-15.0,-1.0,-117.0,-156.0,-29.93,16.8,170.85,-61.89,3.11,-9.28,-0.51,-0.52,0.93
22.102381467819214,121.0,35.0,13.0,23.0,2.0,7.0,-8.0,-123.0,-151.0,-30.13,17.43,171.15,-72.63,4.94,-4.33,-0.64,-0.65,1.01
22.135124444961548,123.0,54.0,19.0,11.0,-2.0,13.0,-5.0,-97.0,-143.0,-30.35,18.01,171.72,-83.68,0.18,-2.14,-0.77,-0.92,1.01
22.167868852615356,118.0,67.0,8.0,5.0,-3.0,16.0,-11.0,-79.0,-158.0,-30.81,18.71,172.57,-96.8,-7.93,10.74,-0.9,-1.03,1.09
22.200677633285522,124.0,72.0,11.0,17.0,-2.0,30.0,-4.0,-72.0,-155.0,-31.64,19.57,173.43,-96.86,-3.42,11.96,-0.81,-0.64,1.33
22.233434677124023,122.0,77.0,15.0,19.0,-5.0,28.0,-6.0,-66.0,-149.0,-31.31,20.16,174.53,-83.62,8.91,-31.19,-0.52,-0.11,1.37
22.266220569610596,126.0,86.0,5.0,22.0,-12.0,12.0,-1.0,-55.0,-163.0,-29.06,19.76,178.14,-58.04,11.05,-76.17,-0.23,0.54,1.12
22.303075790405273,116.0,86.0,253.0,34.0,-16.0,12.0,-14.0,-54.0,-175.0,-26.07,19.28,-179.12,-17.09,-19.17,-111.45,0.18,0.67,0.97
22.339908599853516,98.0,84.0,247.0,47.0,-14.0,15.0,-38.0,-57.0,-182.0,-23.58,19.09,-177.78,14.22,-29.11,-80.26,0.74,0.73,0.73
22.372751474380493,116.0,86.0,229.0,64.0,-22.0,19.0,-15.0,-54.0,-206.0,-22.61,17.6,-176.97,12.39,34.55,8.85,-0.02,0.66,0.77
22.409571409225464,90.0,61.0,235.0,78.0,-17.0,10.0,-49.0,-87.0,-198.0,-23.97,18.25,-176.7,44.86,-48.16,96.13,-0.35,0.65,0.57
22.44236159324646,89.0,44.0,4.0,87.0,-1.0,58.0,-51.0,-110.0,-164.0,-26.5,20.62,-178.13,85.69,-92.96,134.64,-0.29,0.68,0.35
22.475131034851074,95.0,65.0,7.0,76.0,-8.0,60.0,-42.0,-82.0,-160.0,-29.68,23.34,178.98,144.1,-111.51,145.57,-0.26,0.55,0.28
22.5119309425354,100.0,69.0,24.0,62.0,-12.0,34.0,-35.0,-76.0,-136.0,-32.44,25.7,174.85,190.25,-94.91,116.15,-0.25,0.45,0.33
22.548798322677612,100.0,48.0,47.0,47.0,-17.0,10.0,-35.0,-105.0,-106.0,-33.99,27.31,170.42,224.18,-72.81,71.78,-0.14,0.29,0.41
22.581568241119385,110.0,6.0,58.0,46.0,-6.0,20.0,-22.0,-161.0,-92.0,-35.13,27.67,165.51,247.8,-42.91,64.88,-0.35,0.12,0.69
22.61433720588684,121.0,7.0,50.0,39.0,0.0,68.0,-8.0,-159.0,-103.0,-35.8,28.3,160.69,272.77,-15.81,13.98,-0.46,-0.19,0.67
22.647136449813843,119.0,33.0,59.0,26.0,-3.0,64.0,-10.0,-125.0,-90.0,-34.9,27.7,153.2,310.97,28.14,-82.89,-0.55,-0.43,0.89
22.679909706115723,108.0,40.0,56.0,20.0,4.0,49.0,-25.0,-115.0,-95.0,-32.68,28.52,149.1,250.92,-8.48,-65.31,-0.86,-0.15,1.59
22.712692260742188,86.0,44.0,46.0,22.0,12.0,39.0,-54.0,-110.0,-107.0,-32.47,29.04,145.74,173.4,-44.43,-5.25,-0.8,-0.97,0.86
22.745458364486694,84.0,53.0,55.0,25.0,21.0,30.0,-57.0,-98.0,-96.0,-35.26,29.17,140.38,121.83,-2.99,23.32,-0.61,-0.72,0.09
22.782378435134888,92.0,99.0,46.0,-11.0,23.0,-20.0,-46.0,-37.0,-108.0,-35.85,29.27,137.52,51.33,20.81,-6.59,-0.3,-0.67,0.4
22.8191339969635,96.0,55.0,35.0,-42.0,0.0,-116.0,-41.0,-96.0,-122.0,-37.23,28.21,136.72,-72.81,8.61,41.69,-0.44,-0.94,0.82
22.85597562789917,88.0,255.0,47.0,-14.0,37.0,-53.0,-52.0,-171.0,-106.0,-39.65,27.45,138.05,-116.21,22.89,126.59,-1.44,-1.24,1.23
22.88879895210266,96.0,28.0,45.0,-21.0,59.0,57.0,-40.0,-131.0,-109.0,-41.23,27.63,139.08,-50.54,33.81,-30.76,-0.84,-0.6,0.85
22.92561960220337,91.0,66.0,32.0,-32.0,73.0,94.0,-47.0,-81.0,-127.0,-38.31,27.9,142.42,-28.87,39.31,-94.73,-0.04,0.16,0.71
22.958428144454956,86.0,76.0,34.0,-61.0,43.0,17.0,-54.0,-67.0,-124.0,-35.61,27.29,145.68,-34.67,51.03,-46.33,0.25,0.15,0.87
22.995250940322876,92.0,46.0,29.0,-52.0,45.0,-25.0,-46.0,-108.0,-130.0,-33.53,26.06,148.74,-32.29,68.36,-25.88,-0.58,0.05,1.28
23.028069734573364,93.0,84.0,9.0,-88.0,35.0,-25.0,-45.0,-57.0,-157.0,-31.48,25.36,151.54,-15.93,60.06,-39.31,-0.57,0.09,1.08
23.064894437789917,97.0,65.0,14.0,-109.0,0.0,-67.0,-40.0,-82.0,-150.0,-30.35,25.22,153.6,-10.99,35.16,-2.75,-0.5,-0.14,0.78
23.101737022399902,86.0,49.0,8.0,-124.0,0.0,-49.0,-55.0,-103.0,-158.0,-30.45,25.21,154.31,-7.93,37.6,-14.95,-0.45,-0.51,0.69
23.138596057891846,99.0,69.0,11.0,-130.0,-4.0,-20.0,-37.0,-76.0,-154.0,-30.18,24.31,153.7,-1.83,51.76,-42.85,-0.37,-0.55,0.77
23.171496629714966,105.0,74.0,5.0,-144.0,-9.0,-25.0,-30.0,-71.0,-162.0,-28.98,22.95,154.29,3.17,56.7,-51.03,-0.27,-0.38,0.87
23.208240032196045,94.0,76.0,4.0,-144.0,-2.0,-3.0,-44.0,-68.0,-164.0,-27.49,21.8,155.72,1.59,52.98,-40.34,-0.3,-0.2,0.96
23.24102783203125,93.0,83.0,15.0,-148.0,7.0,12.0,-45.0,-58.0,-148.0,-26.71,20.92,157.21,-13.18,27.04,3.42,-0.25,-0.16,0.99
23.277897119522095,104.0,94.0,248.0,-140.0,14.0,7.0,-30.0,-43.0,-181.0,-27.37,19.93,158.32,-21.24,11.35,37.9,-0.27,-0.32,0.96
23.314717769622803,83.0,35.0,18.0,-41.0,17.0,53.0,-58.0,-122.0,-144.0,-28.8,18.96,158.44,-20.69,7.81,35.52,-0.28,-0.49,0.85
23.35161018371582,94.0,249.0,39.0,123.0,85.0,132.0,-44.0,-179.0,-117.0,-29.96,18.37,157.52,-10.99,16.24,8.36,-0.3,-0.49,0.81
23.384366512298584,90.0,178.0,219.0,39.0,6.0,39.0,-48.0,68.0,-220.0,-30.29,17.94,157.3,-4.58,25.02,-12.7,-0.28,-0.38,0.86
23.421271324157715,135.0,107.0,219.0,-40.0,0.0,-225.0,10.0,-26.0,-220.0,-30.18,17.65,157.98,-8.24,23.01,-6.47,-0.34,-0.32,0.89
23.454057931900024,82.0,246.0,63.0,41.0,18.0,15.0,-60.0,-183.0,-84.0,-30.36,17.45,158.74,-10.31,15.99,5.13,-0.31,-0.3,0.86
23.490889310836792,99.0,107.0,252.0,11.0,33.0,58.0,-37.0,-26.0,-175.0,-30.71,17.38,159.15,-9.95,12.76,3.05,-0.32,-0.36,0.87
23.52365207672119,125.0,131.0,250.0,-3.0,4.0,-55.0,-3.0,5.0,-179.0,-31.03,17.04,158.95,-5.8,15.5,-8.97,-0.29,-0.43,0.85
23.556426525115967,117.0,47.0,4.0,1.0,3.0,-53.0,-13.0,-106.0,-163.0,-30.94,16.81,158.82,0.43,23.62,-25.21,-0.25,-0.28,0.91
23.589184761047363,111.0,80.0,0.0,7.0,20.0,18.0,-21.0,-63.0,-169.0,-30.34,16.55,159.78,-0.92,19.96,-19.71,-0.29,-0.21,0.94
23.622081756591797,118.0,120.0,250.0,0.0,13.0,6.0,-11.0,-9.0,-179.0,-30.07,16.46,160.69,-1.59,12.15,-8.73,-0.29,-0.24,0.92
23.658793449401855,120.0,105.0,255.0,-2.0,0.0,-40.0,-8.0,-28.0,-172.0,-30.26,16.51,160.94,-2.69,7.75,-2.99,-0.27,-0.35,0.9
23.69155478477478,123.0,88.0,0.0,12.0,1.0,-17.0,-5.0,-51.0,-170.0,-30.69,16.23,160.81,-4.46,4.94,4.03,-0.28,-0.39,0.86
23.72491693496704,119.0,79.0,1.0,14.0,8.0,-3.0,-11.0,-64.0,-168.0,-31.11,16.06,160.67,-4.09,8.0,0.67,-0.3,-0.39,0.83
23.75707173347473,117.0,87.0,0.0,9.0,1.0,-17.0,-13.0,-52.0,-170.0,-31.54,16.3,160.2,-3.91,4.52,-2.87,-0.29,-0.39,0.87
23.7857825756073,124.0,77.0,0.0,5.0,0.0,-14.0,-4.0,-67.0,-170.0,-31.74,16.12,160.29,-4.39,5.68,-3.36,-0.26,-0.32,0.86
23.81852126121521,118.0,78.0,2.0,7.0,0.0,-5.0,-12.0,-65.0,-166.0,-31.79,15.95,160.72,-6.96,5.13,-1.4,-0.25,-0.26,0.91
23.855384826660156,119.0,104.0,252.0,4.0,-3.0,-12.0,-10.0,-30.0,-176.0,-31.92,15.81,161.17,-7.69,2.38,-1.28,-0.23,-0.3,0.92
23.88409972190857,122.0,93.0,1.0,19.0,0.0,-4.0,-6.0,-44.0,-168.0,-32.1,15.74,161.36,-6.29,3.85,-2.32,-0.26,-0.32,0.9
23.9209144115448,117.0,96.0,253.0,22.0,2.0,10.0,-12.0,-40.0,-174.0,-32.3,15.71,161.63,-7.63,2.44,-1.22,-0.24,-0.29,0.89
