4.178077220916748,116,91,0,-2,-4,-2,-14,-48,-171,-7.51,0.00,0.00,3.11,1.65,0.43,-0.29,-0.86,0.42
4.1937034130096436,116,90,0,-2,-3,-1,-14,-49,-169,-7.51,0.00,0.00,3.30,1.53,0.37,-0.28,-0.90,0.42
4.212833404541016,115,90,0,-2,-2,-2,-16,-48,-170,-7.51,0.00,0.00,3.11,2.14,1.04,-0.30,-0.87,0.43
4.240967035293579,113,92,0,-2,-1,-3,-19,-47,-169,-7.51,0.00,0.00,2.20,1.16,1.34,-0.30,-0.88,0.40
4.256591558456421,111,90,0,-2,1,-2,-20,-48,-168,-7.51,0.00,0.00,2.99,1.53,1.28,-0.28,-0.86,0.41
4.272219896316528,110,91,1,-3,3,-2,-23,-47,-167,-7.51,0.00,0.00,2.93,1.71,1.04,-0.28,-0.87,0.43
4.303471088409424,111,90,2,-3,8,0,-21,-49,-166,-7.72,0.44,1.28,2.81,1.59,0.55,-0.28,-0.89,0.42
4.319490194320679,113,92,1,-2,10,1,-18,-47,-168,-7.96,0.91,2.60,3.30,1.95,-0.12,-0.29,-0.89,0.43
4.3351218700408936,115,94,255,-1,10,1,-15,-44,-172,-8.20,1.37,3.96,2.99,1.95,-0.43,-0.27,-0.88,0.43
4.366370916366577,118,96,251,-1,5,0,-11,-41,-176,-8.45,1.83,5.33,3.30,2.26,-0.24,-0.29,-0.87,0.42
4.381994962692261,120,95,253,-1,1,-4,-9,-42,-174,-8.70,2.29,6.67,2.81,1.34,-0.06,-0.28,-0.86,0.44
4.410072088241577,122,92,252,-2,-1,-4,-7,-46,-175,-8.94,2.76,8.01,3.17,1.28,-0.18,-0.29,-0.88,0.40
4.426084756851196,122,92,0,-1,0,-3,-6,-46,-169,-9.21,3.22,9.41,2.93,1.89,-0.24,-0.28,-0.89,0.43
4.457343339920044,120,92,0,-1,1,-2,-9,-46,-171,-9.48,3.65,10.75,3.36,1.46,-1.22,-0.28,-0.85,0.42
4.472967147827148,118,92,0,0,2,-1,-11,-46,-171,-9.74,4.06,12.07,3.91,1.95,-0.92,-0.27,-0.88,0.45
4.488590478897095,117,94,255,0,3,-1,-12,-43,-171,-10.01,4.46,13.40,3.72,1.89,-0.92,-0.28,-0.86,0.44
4.520238161087036,118,93,255,0,2,-2,-12,-45,-172,-10.27,4.83,14.73,3.36,2.01,-0.49,-0.28,-0.88,0.44
4.53586745262146,117,93,254,-1,0,-4,-13,-45,-172,-10.56,5.22,16.13,2.87,0.73,0.37,-0.28,-0.88,0.46
4.567122936248779,116,91,254,-1,0,-3,-14,-48,-173,-10.83,5.60,17.45,2.38,1.16,0.49,-0.27,-0.85,0.43
4.582744836807251,115,92,255,-1,-2,-4,-15,-46,-172,-11.09,5.97,18.76,2.62,1.10,0.12,-0.30,-0.88,0.42
4.613376140594482,117,91,0,-1,-1,-3,-13,-48,-170,-11.38,6.31,20.06,2.93,1.40,-0.37,-0.28,-0.89,0.43
4.630029678344727,116,91,0,-2,0,-2,-15,-47,-170,-11.66,6.64,21.37,3.23,1.46,-0.37,-0.28,-0.88,0.43
4.645653247833252,116,91,0,-2,0,-2,-14,-48,-169,-11.95,6.98,22.66,3.17,1.53,-0.55,-0.29,-0.86,0.43
4.676901817321777,117,91,0,-1,1,-1,-13,-47,-169,-12.25,7.32,24.03,3.11,1.46,-0.61,-0.28,-0.87,0.44
4.6925294399261475,118,91,0,-1,3,-1,-12,-47,-171,-12.54,7.62,25.32,3.11,1.10,0.24,-0.29,-0.87,0.43
4.724374055862427,119,92,255,-1,3,-1,-11,-46,-171,-12.82,7.88,26.60,2.93,0.98,0.18,-0.29,-0.87,0.43
4.740004301071167,118,92,255,-2,2,-1,-11,-46,-171,-13.09,8.16,27.86,3.42,1.59,-0.49,-0.26,-0.87,0.44
4.755628347396851,118,92,255,-2,1,-2,-12,-46,-172,-13.38,8.48,29.11,3.42,1.83,-0.37,-0.30,-0.87,0.43
4.786879062652588,116,93,255,-2,1,-2,-14,-45,-172,-13.71,8.74,30.44,3.05,1.71,-0.61,-0.26,-0.87,0.41
4.8135058879852295,118,92,255,-2,1,-2,-12,-46,-172,-14.01,9.01,31.68,2.81,1.59,-0.85,-0.30,-0.87,0.41
4.834140062332153,117,92,0,-2,1,-2,-13,-47,-170,-14.31,9.27,32.93,3.17,2.01,-0.37,-0.30,-0.86,0.43
4.849764823913574,117,92,0,-2,1,-2,-13,-46,-171,-14.62,9.52,34.17,3.05,1.71,-0.06,-0.30,-0.88,0.42
4.865389823913574,118,92,255,-2,0,-2,-12,-47,-172,-14.91,9.83,35.39,3.23,1.83,-0.12,-0.28,-0.86,0.41
4.896640777587891,117,92,0,-2,0,-2,-13,-47,-170,-15.21,10.09,36.61,3.60,2.26,-0.31,-0.29,-0.88,0.44
4.913768529891968,116,92,254,-2,0,-2,-14,-47,-172,-15.52,10.32,37.90,3.23,1.10,0.12,-0.29,-0.88,0.40
4.936741828918457,117,92,0,-2,0,-2,-13,-46,-171,-15.81,10.54,39.12,3.48,2.01,0.31,-0.29,-0.88,0.44
4.9680016040802,117,92,255,-2,0,-2,-13,-46,-171,-16.11,10.76,40.32,3.17,1.16,0.73,-0.28,-0.87,0.43
4.983626365661621,117,92,255,-2,0,-2,-13,-46,-171,-16.40,10.99,41.52,3.48,1.77,0.12,-0.29,-0.87,0.42
4.999441623687744,117,92,255,-2,0,-2,-13,-46,-172,-16.69,11.20,42.71,3.11,1.28,0.61,-0.30,-0.88,0.40
5.031071424484253,117,91,255,-2,0,-2,-13,-47,-171,-16.99,11.46,43.97,2.69,1.10,0.31,-0.27,-0.87,0.42
5.046696662902832,117,92,255,-2,0,-2,-13,-46,-172,-17.26,11.68,45.15,3.23,1.65,0.00,-0.29,-0.87,0.42
5.077948570251465,116,91,0,-2,0,-1,-15,-47,-171,-17.53,11.90,46.33,3.42,1.77,-0.31,-0.27,-0.87,0.43
5.093571662902832,117,92,255,-2,0,-2,-13,-47,-171,-17.81,12.11,47.50,3.48,1.65,-0.31,-0.28,-0.88,0.44
5.125641584396362,117,91,255,-2,0,-2,-13,-48,-172,-18.09,12.31,48.67,2.81,1.71,-0.85,-0.28,-0.88,0.44
5.141271114349365,116,92,0,-2,0,-2,-14,-47,-170,-18.38,12.53,49.83,2.75,1.65,-0.55,-0.28,-0.87,0.42
5.156896114349365,116,92,0,-2,1,-2,-14,-46,-170,-18.69,12.75,51.05,3.30,1.59,0.06,-0.29,-0.86,0.43
5.188208341598511,117,91,0,-2,1,-1,-13,-48,-171,-18.97,12.95,52.22,2.56,1.53,0.12,-0.28,-0.88,0.43
5.203832626342773,116,91,0,-2,2,-1,-14,-47,-170,-19.25,13.12,53.38,2.20,1.10,-0.49,-0.31,-0.87,0.44
5.23568058013916,116,92,0,-2,2,-2,-14,-46,-170,-19.53,13.33,54.52,2.75,2.01,-0.92,-0.27,-0.87,0.43
5.25130558013916,116,93,0,-2,2,-2,-14,-46,-170,-19.80,13.50,55.67,3.11,2.26,-0.37,-0.29,-0.87,0.42
5.266930103302002,116,92,0,-2,1,-2,-14,-46,-169,-20.10,13.68,56.86,2.81,0.85,-0.37,-0.29,-0.87,0.44
5.29818058013916,117,92,255,-2,1,-2,-13,-46,-171,-20.37,13.88,57.99,2.99,1.71,0.00,-0.27,-0.87,0.41
5.314831256866455,117,92,255,-2,0,-3,-12,-46,-172,-20.65,14.08,59.11,2.75,1.65,-0.06,-0.28,-0.88,0.42
5.345508813858032,117,92,255,-2,0,-2,-12,-46,-171,-20.90,14.26,60.22,3.17,2.08,0.00,-0.29,-0.87,0.44
5.361134052276611,117,92,255,-1,0,-2,-13,-46,-171,-21.17,14.43,61.33,3.23,1.40,-0.18,-0.28,-0.87,0.44
5.376760721206665,116,92,0,-1,0,-2,-14,-47,-171,-21.43,14.61,62.43,3.36,2.08,-0.31,-0.28,-0.88,0.43
5.408009052276611,116,91,0,-1,0,-1,-14,-47,-170,-21.70,14.82,63.58,3.36,1.10,-0.06,-0.29,-0.89,0.43
5.424123525619507,116,91,255,-1,1,-2,-14,-48,-171,-21.95,14.99,64.67,3.42,1.28,0.06,-0.29,-0.88,0.43
5.45689582824707,117,92,0,-1,1,-1,-13,-47,-170,-22.20,15.16,65.75,3.42,1.34,0.06,-0.28,-0.87,0.44
5.470549583435059,116,92,255,-2,1,-1,-14,-46,-171,-22.44,15.32,66.85,2.87,1.95,0.24,-0.28,-0.87,0.43
5.5024518966674805,117,92,0,-2,1,-1,-14,-46,-170,-22.66,15.46,67.93,3.17,1.89,-0.31,-0.27,-0.88,0.41
5.51856541633606,117,92,0,-2,1,-2,-13,-46,-171,-22.91,15.65,69.04,3.17,1.40,-0.18,-0.28,-0.87,0.44
5.53421688079834,117,92,255,-2,0,-2,-13,-47,-171,-23.15,15.83,70.10,3.30,1.34,-0.24,-0.27,-0.87,0.42
5.565469264984131,116,91,0,-2,0,-1,-14,-47,-170,-23.37,16.02,71.16,2.87,1.34,-0.24,-0.27,-0.89,0.44
5.581075191497803,120,93,2,-3,13,5,-9,-45,-167,-23.58,16.18,72.24,2.93,1.46,0.06,-0.31,-0.86,0.44
5.612407445907593,119,91,253,-7,13,1,-10,-47,-175,-23.80,16.30,73.30,2.87,1.10,0.92,-0.28,-0.87,0.42
5.628442049026489,116,92,0,-7,7,0,-14,-47,-170,-24.01,16.40,74.37,2.69,1.28,0.06,-0.28,-0.88,0.44
5.644093751907349,118,94,0,-7,6,1,-12,-44,-170,-24.24,16.53,75.47,2.93,1.53,0.00,-0.28,-0.88,0.41
5.675347089767456,119,93,255,-7,5,0,-11,-45,-172,-24.45,16.70,76.50,2.93,1.83,-0.24,-0.30,-0.87,0.42
5.690968990325928,119,96,0,-6,6,-4,-10,-42,-170,-24.65,16.86,77.54,2.75,1.71,-0.24,-0.29,-0.86,0.42
5.723149538040161,119,92,0,-6,7,-10,-10,-46,-170,-24.85,17.02,78.57,2.56,1.77,0.49,-0.29,-0.87,0.43
5.738803148269653,118,91,0,-6,14,0,-11,-48,-169,-25.05,17.15,79.60,3.05,1.40,0.55,-0.30,-0.87,0.42
5.754407644271851,121,93,254,-6,15,4,-7,-45,-173,-25.26,17.27,80.66,2.62,0.98,0.85,-0.27,-0.89,0.44
5.78567910194397,117,93,253,-7,12,0,-13,-45,-174,-25.47,17.38,81.67,3.17,1.10,0.67,-0.29,-0.88,0.40
5.8013036251068115,119,95,252,-6,11,4,-11,-43,-175,-25.66,17.47,82.66,3.23,1.28,0.12,-0.29,-0.87,0.42
5.83351993560791,118,95,252,-5,6,-3,-12,-42,-175,-25.85,17.60,83.63,3.85,2.56,-0.79,-0.29,-0.89,0.43
5.849118232727051,119,93,254,-6,4,-3,-10,-45,-173,-26.02,17.73,84.61,4.09,2.14,-1.28,-0.27,-0.87,0.43
5.864718675613403,119,93,254,-6,5,-3,-11,-45,-173,-26.22,17.88,85.57,3.54,1.40,-0.67,-0.28,-0.87,0.42
5.895964860916138,120,94,255,-4,6,1,-9,-44,-172,-26.40,18.02,86.59,3.30,1.65,-0.12,-0.28,-0.86,0.44
5.916208982467651,123,95,253,-4,5,0,-5,-43,-175,-26.60,18.07,87.55,3.11,1.53,0.00,-0.27,-0.87,0.43
5.943365097045898,120,95,253,-3,6,0,-9,-42,-174,-26.77,18.17,88.52,2.56,1.53,0.00,-0.27,-0.87,0.43
5.9589903354644775,122,96,253,-3,3,0,-7,-41,-174,-26.95,18.25,89.47,2.69,1.16,0.49,-0.27,-0.87,0.42
5.985627174377441,122,95,255,-2,3,0,-6,-42,-171,-27.14,18.31,90.41,2.50,0.73,-0.31,-0.26,-0.88,0.41
6.001349210739136,125,98,253,-1,3,0,-2,-38,-175,-27.33,18.38,91.35,2.75,1.22,-0.55,-0.30,-0.87,0.42
6.033053636550903,119,95,254,-2,0,-4,-10,-42,-172,-27.51,18.49,92.33,2.99,1.40,-0.73,-0.29,-0.87,0.42
6.048677444458008,124,97,254,-3,3,-3,-4,-39,-173,-27.67,18.60,93.25,2.56,1.95,0.18,-0.28,-0.84,0.42
6.079926252365112,122,94,252,-1,0,-2,-7,-43,-175,-27.84,18.62,94.16,2.44,1.71,0.31,-0.31,-0.88,0.42
6.095552444458008,123,95,253,-1,-2,0,-5,-42,-174,-28.02,18.65,95.06,2.50,1.10,0.12,-0.29,-0.88,0.43
6.116727590560913,123,99,255,-2,-2,-4,-4,-37,-172,-28.20,18.68,95.95,2.38,2.26,-0.18,-0.29,-0.87,0.42
6.143340349197388,124,92,0,0,-2,-4,-4,-46,-170,-28.42,18.77,96.87,2.69,1.53,-0.31,-0.27,-0.87,0.42
6.158984184265137,121,95,254,0,-1,-1,-8,-42,-172,-28.60,18.84,97.73,2.99,1.16,-0.98,-0.29,-0.88,0.41
6.190213680267334,118,93,253,1,-13,-6,-11,-45,-175,-28.78,18.92,98.58,3.23,1.22,-0.98,-0.29,-0.87,0.41
6.205858945846558,124,96,255,1,-8,10,-3,-41,-171,-28.97,19.02,99.40,2.99,1.40,-0.49,-0.29,-0.85,0.44
6.237522125244141,120,98,254,0,-11,-8,-9,-38,-173,-29.13,18.98,100.23,3.54,1.71,-0.55,-0.27,-0.86,0.43
6.253214359283447,116,92,254,-2,-13,-13,-15,-46,-173,-29.29,19.01,101.04,3.85,1.83,0.00,-0.27,-0.87,0.42
6.28446102142334,122,90,0,6,-9,-3,-7,-49,-170,-29.50,19.11,101.86,3.17,1.16,-0.18,-0.29,-0.88,0.43
6.300086259841919,119,93,255,4,-2,1,-10,-44,-171,-29.67,19.14,102.64,3.30,1.83,-0.18,-0.27,-0.87,0.42
6.316736459732056,118,93,253,4,-2,1,-11,-45,-174,-29.85,19.17,103.42,3.11,1.71,-0.24,-0.29,-0.86,0.42
6.347413778305054,118,96,252,3,-5,-8,-12,-41,-175,-30.03,19.12,104.16,3.54,1.59,-0.43,-0.30,-0.88,0.42
6.3630383014678955,118,91,255,2,-3,-7,-11,-47,-171,-30.21,19.15,104.89,3.60,2.01,-0.37,-0.29,-0.88,0.44
6.394289016723633,119,94,0,0,1,-3,-11,-44,-169,-30.43,19.11,105.62,3.23,1.46,-0.24,-0.27,-0.86,0.44
6.409913539886475,118,92,0,-1,0,-2,-12,-46,-170,-30.64,19.09,106.30,2.87,2.38,-0.12,-0.28,-0.87,0.44
6.425964593887329,119,93,0,-2,3,0,-11,-45,-169,-30.87,19.13,106.96,2.56,1.10,0.00,-0.28,-0.89,0.42
6.457306146621704,118,93,254,-2,2,0,-11,-45,-173,-31.06,19.10,107.64,2.08,1.89,-1.16,-0.28,-0.88,0.42
6.472930669784546,117,92,254,-2,1,-2,-13,-46,-173,-31.28,19.12,108.27,1.59,1.53,-1.53,-0.25,-0.86,0.42
6.506058692932129,117,92,255,-2,0,-2,-13,-46,-172,-31.47,19.08,108.91,2.01,1.71,-2.87,-0.25,-0.86,0.40
6.5209479331970215,117,92,0,-2,1,-2,-13,-46,-168,-31.69,19.08,109.56,1.95,0.43,-2.81,-0.28,-0.88,0.44
6.536599397659302,116,92,0,-2,0,-1,-14,-47,-171,-31.92,19.18,110.15,0.98,0.24,-2.08,-0.27,-0.87,0.42
6.567908763885498,116,93,254,-2,1,-2,-15,-45,-172,-32.14,19.22,110.76,1.28,0.24,-1.71,-0.29,-0.86,0.44
6.5834691524505615,117,92,255,-2,1,-2,-13,-46,-171,-32.39,19.25,111.30,2.08,0.37,-0.98,-0.29,-0.87,0.45
6.614745616912842,117,93,255,-1,1,-2,-13,-45,-171,-32.64,19.29,111.82,2.14,0.61,-0.43,-0.31,-0.87,0.45
6.630795240402222,117,93,255,-2,1,-1,-13,-45,-172,-32.88,19.32,112.34,3.36,1.40,-1.04,-0.31,-0.89,0.46
6.6464478969573975,118,93,255,-2,1,-1,-12,-45,-172,-33.12,19.34,112.74,3.97,1.95,-0.37,-0.29,-0.88,0.45
6.677697420120239,117,93,255,-2,1,-1,-14,-45,-172,-33.32,19.34,113.14,4.39,3.05,-0.49,-0.31,-0.88,0.46
6.69332218170166,117,92,255,-2,1,-2,-13,-46,-171,-33.48,19.29,113.55,5.49,3.66,0.06,-0.31,-0.88,0.46
6.7249908447265625,118,91,255,-2,1,-2,-12,-47,-171,-33.63,19.24,113.93,5.49,4.15,0.12,-0.29,-0.89,0.43
6.740642309188843,117,92,255,-2,2,-2,-13,-46,-171,-33.85,19.10,114.22,5.25,2.99,0.98,-0.30,-0.86,0.43
6.771950006484985,117,92,254,-2,0,-2,-13,-46,-172,-34.04,19.00,114.52,5.43,2.99,1.71,-0.28,-0.87,0.42
6.787550926208496,117,93,0,-2,1,-2,-13,-44,-171,-34.27,18.83,114.75,4.21,1.77,2.20,-0.27,-0.87,0.43
6.803152084350586,117,92,0,-2,1,-2,-13,-46,-169,-34.61,18.66,114.80,4.52,1.16,2.44,-0.27,-0.88,0.40
6.834854364395142,118,94,255,-2,1,-2,-11,-44,-172,-34.91,18.51,114.92,3.78,1.65,1.46,-0.28,-0.88,0.42
6.850479364395142,118,93,253,-2,1,-3,-12,-45,-174,-35.12,18.33,115.13,3.48,1.59,0.18,-0.29,-0.87,0.45
6.881729364395142,117,93,0,-2,0,-2,-13,-45,-170,-35.33,18.24,115.41,3.72,2.62,-0.98,-0.27,-0.85,0.42
6.897879362106323,117,91,0,-2,1,-1,-13,-48,-170,-35.52,18.29,115.62,3.72,2.38,-1.53,-0.26,-0.86,0.44
6.92960524559021,117,93,255,-2,2,-1,-13,-44,-172,-35.69,18.27,115.90,3.11,1.28,-1.22,-0.28,-0.86,0.43
6.945238351821899,117,93,254,-2,1,-2,-12,-45,-173,-35.95,18.21,116.02,3.36,1.28,-0.92,-0.28,-0.88,0.43
6.960863351821899,117,94,255,-2,0,-3,-13,-44,-171,-36.24,18.21,116.10,2.93,1.22,-0.06,-0.29,-0.87,0.44
6.992132663726807,117,92,0,-2,0,-2,-13,-47,-170,-36.49,18.22,116.25,2.69,1.04,-0.06,-0.29,-0.89,0.42
7.018784046173096,117,93,255,-2,1,-1,-12,-45,-172,-36.80,18.17,116.21,3.11,1.77,0.31,-0.30,-0.88,0.43
7.041080713272095,117,93,254,-1,3,-1,-12,-45,-172,-37.04,18.08,116.26,3.30,1.95,0.31,-0.30,-0.88,0.42
7.059205532073975,117,91,0,-2,1,-1,-13,-47,-170,-37.24,18.02,116.34,3.72,2.62,-0.31,-0.28,-0.87,0.41
7.074848413467407,117,93,255,-2,1,-1,-13,-46,-171,-37.46,17.98,116.35,3.85,1.71,0.06,-0.29,-0.88,0.43
7.106098890304565,116,92,255,-2,1,-1,-14,-46,-172,-37.66,17.97,116.38,4.82,1.71,-0.06,-0.28,-0.87,0.45
7.1221489906311035,118,93,254,-2,1,-1,-12,-45,-172,-37.92,17.94,116.30,4.39,1.71,0.31,-0.26,-0.88,0.42
7.153422594070435,117,92,255,-2,1,-2,-13,-46,-171,-38.15,17.85,116.29,3.66,1.16,0.49,-0.28,-0.85,0.43
7.169114351272583,117,93,255,-1,1,-2,-13,-45,-172,-38.35,17.77,116.34,3.85,0.79,0.12,-0.27,-0.86,0.42
7.184739589691162,117,93,0,-2,1,-1,-13,-45,-170,-38.56,17.74,116.35,3.85,0.61,-0.37,-0.26,-0.87,0.42
7.215965986251831,117,92,255,-2,1,-2,-13,-46,-172,-38.74,17.65,116.37,4.03,1.10,-0.98,-0.29,-0.86,0.44
7.231998682022095,118,93,0,-2,1,-2,-12,-45,-169,-38.93,17.59,116.36,3.48,1.46,-1.34,-0.28,-0.88,0.43
7.263276100158691,117,93,253,-1,0,-2,-13,-45,-174,-39.15,17.68,116.28,2.81,0.98,-1.28,-0.29,-0.89,0.43
7.278901100158691,117,92,255,-2,0,-2,-13,-46,-171,-39.35,17.64,116.24,2.32,0.92,-1.34,-0.28,-0.87,0.39
7.29452657699585,116,92,255,-2,1,-1,-15,-46,-171,-39.58,17.71,116.16,1.46,0.79,-0.43,-0.27,-0.87,0.43
7.32620096206665,116,93,0,-2,1,-2,-14,-45,-170,-39.76,17.68,116.20,1.65,0.73,-0.24,-0.29,-0.88,0.43
7.341852426528931,117,92,0,-2,1,-2,-13,-46,-170,-39.88,17.56,116.37,1.40,0.61,0.24,-0.29,-0.88,0.43
7.373585224151611,117,92,255,-2,1,-2,-13,-46,-171,-40.07,17.52,116.39,1.53,0.67,0.67,-0.27,-0.87,0.43
7.38921046257019,117,92,255,-2,1,-2,-13,-46,-172,-40.26,17.42,116.40,2.01,0.49,0.55,-0.29,-0.88,0.44
7.420950412750244,117,92,255,-1,1,-3,-13,-46,-172,-40.42,17.43,116.47,2.81,0.98,0.79,-0.30,-0.88,0.42
7.43658185005188,116,93,255,-2,1,-3,-14,-45,-172,-40.57,17.40,116.49,3.11,1.65,0.67,-0.29,-0.89,0.42
7.45229172706604,118,92,0,-1,2,-2,-12,-46,-169,-40.77,17.39,116.36,2.44,0.98,1.16,-0.30,-0.87,0.40
7.483541250228882,117,94,0,-1,2,-1,-13,-43,-170,-40.90,17.42,116.42,2.99,1.22,1.16,-0.28,-0.88,0.42
7.499669075012207,117,94,255,0,0,-1,-12,-43,-171,-41.05,17.45,116.38,3.11,1.53,1.34,-0.29,-0.86,0.43
7.531435012817383,119,94,0,0,0,-2,-11,-44,-169,-41.19,17.39,116.39,3.48,1.65,1.53,-0.29,-0.87,0.43
7.547067165374756,117,93,255,0,0,-3,-13,-45,-172,-41.35,17.30,116.31,3.72,2.08,1.71,-0.29,-0.87,0.43
7.573550224304199,116,90,253,-1,0,-3,-15,-49,-175,-41.46,17.28,116.33,4.15,1.77,1.95,-0.28,-0.88,0.43
7.588574171066284,116,88,253,-2,2,-2,-14,-51,-174,-41.57,17.22,116.32,4.52,2.81,1.04,-0.29,-0.87,0.43
7.619731426239014,116,89,254,-3,2,-2,-15,-50,-173,-41.65,17.14,116.37,4.27,2.50,0.98,-0.28,-0.88,0.41
7.635848045349121,117,90,0,-4,2,-3,-12,-49,-171,-41.75,17.03,116.37,3.78,1.53,0.61,-0.27,-0.87,0.43
7.667105436325073,117,90,255,-4,1,-3,-13,-49,-172,-41.84,16.97,116.40,4.15,1.95,1.16,-0.29,-0.88,0.41
7.682750225067139,118,92,255,-3,2,-4,-11,-47,-172,-41.93,16.87,116.40,4.03,2.08,0.37,-0.26,-0.87,0.44
7.698383569717407,116,92,0,-2,3,-3,-14,-46,-170,-42.00,16.92,116.45,3.85,2.14,0.00,-0.30,-0.88,0.42
7.730055570602417,117,94,0,-1,3,-3,-13,-44,-170,-42.14,16.86,116.29,3.23,2.26,-0.73,-0.27,-0.87,0.43
7.745707273483276,118,93,0,0,2,-4,-12,-44,-171,-42.22,16.80,116.24,3.42,2.44,-0.92,-0.27,-0.88,0.43
7.777536153793335,117,93,0,0,1,-3,-12,-44,-170,-42.31,16.70,116.18,2.81,1.95,-1.65,-0.27,-0.87,0.42
7.793164014816284,117,92,0,0,-1,0,-13,-46,-170,-42.37,16.71,116.20,2.50,2.32,-1.95,-0.30,-0.90,0.42
7.825224161148071,117,92,254,0,-1,-1,-13,-46,-173,-42.40,16.63,116.25,3.05,2.26,-2.62,-0.27,-0.86,0.44
7.840878486633301,115,92,254,0,-2,-2,-15,-47,-173,-42.46,16.77,116.28,3.11,1.83,-2.62,-0.28,-0.88,0.44
7.856502532958984,116,92,254,0,0,-2,-15,-46,-173,-42.46,16.86,116.41,4.15,2.26,-3.05,-0.30,-0.87,0.44
7.887750864028931,116,90,255,0,0,-1,-14,-48,-171,-42.53,16.92,116.33,5.68,1.83,-3.11,-0.28,-0.88,0.43
7.903399705886841,118,92,0,0,0,-2,-12,-47,-169,-42.55,17.11,116.35,5.68,2.99,-2.87,-0.29,-0.87,0.43
7.935581922531128,118,92,0,0,0,-3,-12,-46,-168,-42.60,17.18,116.26,5.49,2.87,-2.81,-0.31,-0.87,0.40
7.951237201690674,117,91,0,0,0,-3,-13,-47,-169,-42.61,17.26,116.28,4.88,4.21,-1.83,-0.30,-0.86,0.40
7.966839790344238,117,93,0,0,-1,-4,-13,-44,-171,-42.61,17.29,116.18,4.09,3.66,-1.53,-0.29,-0.86,0.41
7.998176097869873,117,92,0,0,-2,-7,-13,-46,-170,-42.70,17.34,116.00,3.11,2.81,-0.18,-0.31,-0.86,0.41
8.02076268196106,117,94,0,2,0,-8,-13,-43,-169,-42.75,17.35,116.00,0.79,1.46,1.77,-0.28,-0.85,0.42
8.045918226242065,118,91,1,5,-4,-14,-11,-48,-168,-42.88,17.18,115.97,-0.12,0.67,3.36,-0.29,-0.86,0.40
8.062009811401367,121,87,6,10,2,-11,-8,-52,-161,-43.01,17.19,116.01,-0.85,0.00,3.60,-0.29,-0.86,0.42
8.077662944793701,123,87,0,9,2,-6,-5,-53,-169,-43.13,17.10,116.12,-0.31,-0.31,3.23,-0.26,-0.87,0.42
8.108954429626465,116,89,253,7,2,-7,-14,-51,-175,-43.26,16.89,116.13,0.61,-0.12,2.26,-0.27,-0.87,0.43
8.124612808227539,116,85,253,7,6,-4,-14,-56,-174,-43.33,16.66,116.26,0.85,0.00,1.71,-0.27,-0.91,0.44
8.155870914459229,114,87,0,7,9,-1,-17,-53,-170,-43.40,16.63,116.33,1.46,0.06,-0.06,-0.27,-0.89,0.41
8.171494245529175,116,88,255,6,7,-5,-15,-51,-171,-43.48,16.64,116.31,1.89,1.22,-1.10,-0.27,-0.88,0.43
8.187124252319336,117,86,0,6,5,-7,-13,-54,-170,-43.55,16.70,116.17,2.32,1.46,-2.14,-0.26,-0.88,0.42
8.221376895904541,116,85,1,5,4,-4,-14,-55,-168,-43.55,16.67,116.25,2.44,1.83,-2.62,-0.27,-0.85,0.44
8.23438310623169,117,86,0,4,3,-5,-13,-54,-168,-43.61,16.72,116.27,1.95,1.71,-2.14,-0.29,-0.86,0.42
8.265640497207642,118,85,1,2,1,-5,-12,-56,-167,-43.66,16.83,116.32,1.46,2.38,-2.01,-0.29,-0.86,0.42
8.281267642974854,117,85,2,0,0,-5,-13,-56,-166,-43.73,16.93,116.34,1.22,1.53,-2.01,-0.28,-0.87,0.43
8.312517881393433,116,84,1,0,-2,-6,-14,-57,-168,-43.77,16.97,116.39,1.53,2.08,-2.01,-0.29,-0.88,0.43
8.32853627204895,117,85,0,0,-2,-5,-14,-56,-169,-43.87,17.01,116.30,1.83,1.46,-2.26,-0.26,-0.88,0.45
8.359790086746216,116,85,255,1,0,-2,-14,-55,-172,-43.87,17.03,116.30,1.53,1.89,-2.69,-0.29,-0.88,0.45
8.375420093536377,116,86,255,3,0,-4,-14,-55,-171,-43.81,17.07,116.48,2.32,1.46,-2.81,-0.29,-0.89,0.45
8.391044616699219,116,83,255,5,0,-4,-15,-58,-172,-43.79,17.10,116.56,2.44,1.40,-1.71,-0.30,-0.87,0.44
8.422677516937256,118,80,254,6,1,0,-12,-62,-173,-43.81,17.15,116.50,2.69,1.46,-1.10,-0.30,-0.88,0.44
8.438306331634521,116,87,254,1,6,3,-14,-53,-173,-43.81,17.12,116.56,3.05,1.16,-0.49,-0.30,-0.88,0.43
8.46955680847168,115,86,3,-7,-8,-25,-16,-55,-165,-43.84,17.11,116.53,2.44,1.28,0.06,-0.29,-0.86,0.42
8.4851815700531,115,74,9,-6,0,-1,-15,-70,-157,-43.88,17.03,116.47,2.26,1.53,0.37,-0.29,-0.87,0.42
8.516431331634521,119,96,6,-10,0,10,-10,-41,-161,-43.91,17.10,116.42,2.44,2.81,0.61,-0.28,-0.86,0.41
8.532441139221191,122,88,5,-9,-2,-4,-6,-52,-162,-43.93,17.08,116.40,1.71,1.83,0.49,-0.27,-0.85,0.43
8.548069715499878,123,96,0,-7,1,-2,-4,-42,-170,-43.96,17.02,116.32,1.65,2.56,0.61,-0.27,-0.86,0.44
8.579319953918457,118,92,0,-4,-2,-15,-11,-46,-170,-43.99,16.99,116.30,1.22,1.65,0.24,-0.28,-0.88,0.43
8.594944715499878,114,76,0,-1,-2,-9,-17,-68,-171,-44.07,17.03,116.30,0.92,1.77,0.37,-0.29,-0.86,0.42
8.628418922424316,116,86,250,-4,3,1,-14,-54,-178,-44.12,17.00,116.38,1.22,1.83,0.24,-0.31,-0.86,0.44
8.642625093460083,115,86,255,-8,-1,-3,-16,-54,-171,-44.22,17.06,116.35,1.65,0.98,-0.43,-0.30,-0.89,0.42
8.658251523971558,110,85,253,-11,-8,-4,-23,-55,-174,-44.28,17.02,116.38,1.40,1.65,0.12,-0.29,-0.86,0.45
8.689500093460083,118,85,4,-9,-2,-8,-11,-55,-163,-44.33,17.07,116.41,1.77,1.83,0.06,-0.29,-0.88,0.43
8.705127954483032,123,79,7,-3,0,-11,-5,-63,-160,-44.36,17.06,116.47,2.20,1.71,-0.12,-0.29,-0.87,0.41
8.737252235412598,123,85,5,0,1,-6,-4,-56,-162,-44.40,17.03,116.52,2.20,1.95,0.37,-0.30,-0.87,0.41
8.763547420501709,123,88,5,-3,4,-7,-5,-52,-163,-44.46,16.97,116.47,2.14,1.65,0.31,-0.31,-0.89,0.42
8.768606424331665,124,82,2,-4,14,-3,-4,-59,-167,-44.46,16.92,116.57,2.56,1.71,0.67,-0.27,-0.85,0.44
8.799864053726196,120,86,252,-4,15,0,-9,-54,-175,-44.48,16.92,116.62,3.17,2.32,0.55,-0.30,-0.87,0.45
8.822492599487305,117,87,252,-2,23,0,-13,-52,-176,-44.53,16.90,116.60,3.05,1.59,1.65,-0.31,-0.88,0.44
8.848032474517822,120,86,0,-2,17,-6,-9,-54,-170,-44.58,16.92,116.59,3.17,1.95,2.26,-0.29,-0.87,0.43
8.86363935470581,117,88,1,-3,11,-5,-13,-51,-168,-44.62,16.86,116.57,3.85,1.83,2.87,-0.29,-0.88,0.44
8.879267454147339,112,81,250,-2,10,-8,-20,-60,-178,-44.67,16.70,116.56,3.66,2.08,2.75,-0.28,-0.88,0.44
8.91051435470581,122,87,251,-1,10,-4,-6,-53,-177,-44.70,16.59,116.55,3.54,2.08,2.50,-0.28,-0.87,0.44
8.926512718200684,121,88,251,-1,8,-8,-8,-51,-177,-44.77,16.43,116.41,4.09,2.14,2.08,-0.28,-0.88,0.42
8.958775281906128,121,85,255,-1,2,-5,-8,-55,-171,-44.81,16.28,116.34,4.09,2.62,1.40,-0.29,-0.86,0.42
8.97440767288208,123,89,0,0,2,-7,-5,-50,-170,-44.85,16.27,116.20,3.91,2.14,1.46,-0.26,-0.86,0.41
9.005654573440552,125,86,0,-1,0,-10,-3,-54,-169,-44.87,16.16,116.13,4.15,2.26,0.37,-0.26,-0.84,0.44
9.023283004760742,125,87,1,-1,0,-9,-3,-53,-168,-44.86,16.15,116.23,3.30,1.22,0.73,-0.27,-0.85,0.45
9.037286043167114,125,86,0,-1,0,-9,-2,-54,-169,-44.88,16.11,116.25,2.99,1.53,0.98,-0.29,-0.85,0.45
9.068540096282959,127,86,1,-1,2,-9,0,-54,-167,-44.93,16.13,116.26,2.69,0.92,1.22,-0.29,-0.88,0.42
9.084165334701538,126,84,2,-2,5,-5,-1,-57,-167,-44.92,16.10,116.28,1.95,1.71,0.31,-0.28,-0.87,0.45
9.115415334701538,125,86,254,-2,4,-6,-3,-54,-173,-44.91,16.13,116.32,1.83,1.95,-0.61,-0.29,-0.87,0.43
9.131428956985474,121,85,255,-2,1,-5,-7,-56,-172,-44.86,16.06,116.40,1.40,2.44,-1.53,-0.28,-0.89,0.41
9.16411542892456,121,83,255,-3,0,-6,-8,-58,-172,-44.83,16.14,116.37,2.14,2.87,-1.28,-0.29,-0.87,0.45
9.17350149154663,121,85,0,-3,-1,-4,-8,-56,-169,-44.76,16.05,116.44,2.75,2.62,-1.28,-0.28,-0.87,0.45
9.204763174057007,120,83,0,-2,0,1,-9,-58,-170,-44.74,16.07,116.44,3.05,1.71,-1.40,-0.27,-0.89,0.44
9.223393678665161,120,89,255,-3,-5,1,-9,-50,-171,-44.70,16.14,116.56,2.50,1.04,-0.85,-0.28,-0.87,0.47
9.25033950805664,120,89,254,-3,-12,-1,-9,-51,-173,-44.67,16.19,116.65,2.99,0.98,0.06,-0.29,-0.86,0.46
9.275075674057007,122,89,255,-2,-16,-7,-6,-50,-171,-44.69,16.19,116.63,3.48,1.22,0.43,-0.31,-0.87,0.42
9.29599666595459,123,84,1,-2,-15,-8,-5,-56,-168,-44.71,16.22,116.55,3.66,1.28,0.31,-0.29,-0.86,0.43
9.319947957992554,122,85,2,-3,-11,-5,-6,-56,-166,-44.70,16.16,116.55,4.58,2.32,0.31,-0.27,-0.88,0.43
9.341041564941406,123,85,255,-4,-2,-2,-5,-55,-172,-44.72,16.21,116.46,5.25,2.50,0.24,-0.29,-0.86,0.44
9.360972881317139,122,86,2,-6,-1,-5,-6,-54,-166,-44.76,16.16,116.29,5.74,2.56,-0.06,-0.28,-0.88,0.43
9.379215955734253,121,82,0,-7,1,-1,-8,-60,-169,-44.77,16.22,116.23,5.80,2.75,-0.43,-0.28,-0.86,0.42
9.403640270233154,119,84,3,-6,5,0,-10,-57,-164,-44.78,16.14,116.19,5.92,2.32,-0.31,-0.27,-0.87,0.43
9.43096137046814,117,87,2,-7,4,2,-12,-53,-167,-44.79,16.03,116.18,5.92,2.44,-0.31,-0.28,-0.88,0.43
9.451257944107056,117,86,0,-7,2,-2,-12,-54,-168,-44.82,16.00,116.16,5.37,1.16,0.24,-0.27,-0.87,0.41
9.470085382461548,117,89,0,-7,5,0,-12,-51,-169,-44.88,16.09,116.12,5.07,2.20,-0.37,-0.30,-0.88,0.42
9.495277404785156,120,88,255,-8,6,-2,-9,-51,-171,-44.91,16.14,116.14,4.09,1.95,-0.92,-0.30,-0.87,0.42
9.520610332489014,118,86,0,-8,9,3,-11,-54,-170,-44.98,16.13,116.05,3.72,1.22,-0.79,-0.28,-0.88,0.44
9.545736312866211,122,88,0,-9,6,2,-6,-52,-168,-45.02,16.18,115.99,3.85,2.62,-1.10,-0.29,-0.87,0.43
9.578447103500366,121,85,1,-8,8,7,-8,-56,-168,-45.07,16.29,115.95,3.72,2.56,-0.98,-0.28,-0.86,0.44
9.607106924057007,123,92,1,-7,8,14,-5,-46,-168,-45.07,16.35,115.95,3.30,2.20,-1.16,-0.29,-0.88,0.42
9.637188196182251,117,90,254,-6,1,6,-12,-49,-173,-45.07,16.44,116.03,3.17,3.05,-0.92,-0.30,-0.87,0.40
9.670087814331055,117,90,254,-5,7,16,-12,-49,-172,-45.06,16.49,116.05,2.56,3.11,-0.92,-0.28,-0.86,0.43
9.694332599639893,120,91,255,-2,1,5,-9,-48,-171,-45.09,16.51,116.00,2.81,2.87,-0.73,-0.27,-0.88,0.43
9.737362146377563,119,90,0,-1,-3,8,-10,-50,-169,-45.10,16.47,116.00,2.99,2.32,-0.61,-0.28,-0.86,0.44
9.770241260528564,118,90,1,0,4,14,-12,-49,-168,-45.14,16.49,115.92,3.30,1.77,-0.61,-0.27,-0.86,0.43
9.803768873214722,120,92,255,2,3,11,-9,-47,-172,-45.08,16.41,116.01,3.23,1.46,0.31,-0.29,-0.89,0.43
9.837679386138916,117,91,251,0,-6,10,-12,-47,-176,-45.07,16.39,115.93,3.60,0.98,0.61,-0.28,-0.86,0.43
9.868937969207764,114,90,250,0,-1,9,-17,-49,-178,-45.05,16.25,115.95,4.27,0.73,0.67,-0.27,-0.86,0.45
9.905569553375244,119,89,254,0,-2,8,-10,-50,-173,-45.06,16.25,115.88,4.21,0.92,0.98,-0.27,-0.89,0.43
9.928764343261719,121,89,0,0,0,8,-8,-50,-168,-45.09,16.32,115.78,4.15,0.61,0.73,-0.28,-0.87,0.42
9.960023403167725,111,92,243,-6,-24,10,-21,-46,-187,-45.11,16.24,115.67,4.82,0.85,0.00,-0.27,-0.86,0.41
9.991272687911987,122,91,1,-2,-7,0,-6,-47,-168,-45.13,16.27,115.55,4.76,0.67,-0.37,-0.26,-0.89,0.43
10.02452826499939,114,90,252,-3,-9,0,-17,-49,-176,-45.12,16.24,115.54,4.70,1.46,-1.65,-0.27,-0.88,0.41
10.05416750907898,118,89,0,-1,0,0,-12,-50,-170,-45.10,16.34,115.52,4.58,1.40,-1.89,-0.28,-0.86,0.43
10.085418462753296,119,88,0,-1,-1,0,-10,-51,-170,-45.08,16.30,115.52,4.09,1.10,-1.53,-0.29,-0.86,0.42
10.124675035476685,117,90,254,-1,3,2,-13,-49,-173,-45.08,16.42,115.54,3.54,1.22,-1.77,-0.27,-0.88,0.43
10.163938045501709,116,90,253,-1,2,0,-14,-49,-174,-45.05,16.45,115.59,2.69,0.85,-2.14,-0.29,-0.86,0.43
10.19518756866455,116,89,0,-1,2,-1,-14,-50,-170,-45.04,16.51,115.65,2.93,1.53,-2.14,-0.28,-0.89,0.40
10.229559421539307,116,89,1,-2,-4,-5,-14,-50,-167,-45.02,16.49,115.69,2.01,0.61,-2.14,-0.28,-0.85,0.43
10.26609492301941,118,90,253,0,-19,-20,-12,-49,-174,-45.02,16.46,115.66,1.95,1.34,-2.56,-0.28,-0.89,0.43
10.295955896377563,117,88,0,0,-7,-9,-13,-52,-169,-45.01,16.50,115.67,2.08,1.28,-2.87,-0.28,-0.87,0.42
10.33126711845398,117,90,255,0,-3,-5,-13,-49,-171,-45.01,16.54,115.75,1.77,1.46,-1.65,-0.31,-0.88,0.44
10.361555576324463,118,89,0,0,-1,-6,-12,-50,-169,-45.03,16.56,115.70,2.08,1.89,-1.59,-0.29,-0.87,0.45
10.397742748260498,117,87,1,0,0,-2,-13,-52,-168,-45.05,16.58,115.71,1.95,1.53,-1.10,-0.29,-0.86,0.43
10.42537808418274,113,86,1,0,2,3,-18,-54,-167,-45.07,16.64,115.70,2.38,1.77,-0.79,-0.30,-0.87,0.43
10.458979606628418,112,87,0,-1,2,4,-20,-52,-170,-45.08,16.69,115.69,2.38,1.59,-0.18,-0.30,-0.89,0.43
10.489146709442139,112,88,1,-1,0,1,-19,-52,-168,-45.10,16.73,115.67,3.30,1.28,0.12,-0.30,-0.88,0.43
10.519547462463379,112,87,0,-2,1,1,-20,-52,-169,-45.17,16.75,115.61,3.54,1.83,-0.37,-0.29,-0.90,0.44
10.549351453781128,115,87,2,-2,3,2,-16,-53,-166,-45.19,16.69,115.69,3.48,1.46,0.67,-0.27,-0.89,0.45
10.586124897003174,115,87,255,-2,5,6,-15,-53,-171,-45.28,16.73,115.63,4.39,0.73,0.73,-0.30,-0.91,0.45
10.618839025497437,115,88,0,-1,3,4,-15,-51,-170,-45.31,16.68,115.72,4.52,0.85,1.16,-0.28,-0.88,0.45
10.646806716918945,118,88,4,0,6,5,-11,-51,-164,-45.40,16.68,115.61,5.37,0.85,0.79,-0.29,-0.87,0.43
10.676088571548462,119,88,5,1,7,5,-10,-52,-162,-45.40,16.69,115.52,5.80,1.40,1.59,-0.30,-0.83,0.42
10.708883047103882,117,88,3,2,10,1,-13,-51,-165,-45.42,16.62,115.40,6.04,0.49,1.89,-0.28,-0.84,0.41
10.736732959747314,112,90,0,0,2,0,-19,-49,-169,-45.47,16.56,115.29,6.16,0.61,3.42,-0.28,-0.84,0.39
10.76960277557373,117,89,0,0,6,2,-13,-50,-169,-45.53,16.54,115.14,5.25,0.06,2.50,-0.26,-0.85,0.39
10.803133487701416,113,93,254,-1,6,0,-18,-45,-173,-45.62,16.42,114.92,5.13,0.06,2.56,-0.27,-0.85,0.39
10.835906505584717,112,88,252,-2,2,-2,-19,-51,-176,-45.65,16.40,114.89,4.88,0.24,1.40,-0.27,-0.89,0.40
10.868206024169922,115,89,0,0,3,-3,-15,-50,-169,-45.67,16.39,114.88,3.66,0.31,0.00,-0.28,-0.88,0.42
10.896556615829468,114,88,0,0,2,-5,-17,-51,-171,-45.63,16.32,114.93,2.87,0.85,-1.40,-0.29,-0.87,0.45
10.925774574279785,115,89,0,-1,1,-3,-16,-51,-169,-45.57,16.37,115.08,2.26,0.67,-2.75,-0.29,-0.89,0.45
10.960193395614624,114,87,0,-2,0,-4,-16,-53,-169,-45.50,16.48,115.23,1.71,0.85,-3.48,-0.29,-0.88,0.44
10.991445541381836,115,87,0,-1,0,-3,-15,-53,-168,-45.44,16.59,115.30,1.22,1.22,-4.21,-0.30,-0.86,0.44
11.027689933776855,115,87,0,-2,0,-2,-15,-52,-170,-45.37,16.72,115.48,0.67,1.71,-4.03,-0.30,-0.87,0.43
11.060793161392212,115,88,0,-2,0,-3,-16,-52,-170,-45.29,16.98,115.67,1.10,2.50,-3.66,-0.30,-0.87,0.44
11.088521480560303,116,87,0,-1,0,-3,-15,-52,-169,-45.26,16.97,115.77,0.98,2.08,-3.05,-0.29,-0.87,0.42
11.119771957397461,116,87,0,-1,1,-2,-14,-53,-168,-45.24,17.06,115.82,0.37,1.04,-2.14,-0.30,-0.88,0.43
11.154734134674072,116,87,0,-1,1,-1,-14,-52,-169,-45.20,17.14,115.92,0.73,2.44,-1.89,-0.31,-0.87,0.44
11.177709341049194,114,88,0,-2,0,0,-17,-52,-168,-45.20,17.14,115.92,0.49,2.50,-0.49,-0.29,-0.88,0.42
11.218583583831787,115,89,2,-1,2,-1,-15,-51,-167,-45.25,17.15,115.92,0.73,2.01,0.24,-0.28,-0.89,0.43
11.246119022369385,115,89,0,-1,1,0,-15,-50,-168,-45.29,17.07,115.93,0.67,1.46,1.16,-0.27,-0.89,0.42
11.28250765800476,113,89,0,-1,0,-2,-18,-51,-170,-45.34,16.99,115.95,1.59,1.83,1.83,-0.29,-0.87,0.43
11.313060283660889,114,88,0,-1,0,-2,-16,-52,-171,-45.40,16.83,115.96,2.08,1.40,2.32,-0.29,-0.86,0.42
11.347888231277466,116,88,0,-2,0,-1,-14,-52,-170,-45.46,16.75,115.95,2.26,1.10,2.38,-0.27,-0.87,0.42
11.370845079421997,114,87,255,-3,-1,-2,-17,-52,-172,-45.56,16.79,115.82,3.23,0.61,3.05,-0.29,-0.88,0.42
11.417525053024292,114,86,255,-3,-1,-4,-17,-55,-171,-45.62,16.75,115.78,3.91,0.98,2.75,-0.27,-0.88,0.44
11.44668459892273,115,86,0,-1,2,-1,-16,-54,-169,-45.66,16.64,115.73,3.72,1.28,2.26,-0.29,-0.86,0.43
11.48305630683899,115,88,1,-3,2,-2,-16,-51,-168,-45.71,16.63,115.62,3.48,1.46,2.44,-0.30,-0.86,0.43
11.515252590179443,115,87,0,-3,1,-3,-15,-52,-169,-45.73,16.54,115.66,3.85,1.28,1.46,-0.31,-0.86,0.42
11.548520803451538,116,88,0,-2,3,-2,-15,-51,-170,-45.77,16.54,115.60,3.60,0.79,0.43,-0.27,-0.86,0.41
11.581350088119507,115,89,0,-2,3,-1,-15,-50,-169,-45.84,16.54,115.44,3.97,1.83,0.12,-0.28,-0.87,0.41
11.610029935836792,115,89,0,-2,2,-2,-15,-50,-170,-45.83,16.50,115.49,3.91,1.34,0.00,-0.28,-0.86,0.42
11.6397225856781,115,89,0,-2,2,-2,-16,-50,-169,-45.84,16.55,115.49,3.48,1.65,-0.55,-0.28,-0.87,0.43
11.675249338150024,115,89,1,-1,1,-2,-15,-50,-168,-45.84,16.61,115.50,3.11,1.83,-1.04,-0.29,-0.87,0.43
11.707996606826782,115,89,0,-1,0,-2,-15,-51,-169,-45.84,16.60,115.51,3.11,2.14,-1.28,-0.28,-0.86,0.43
11.729036092758179,115,86,0,-2,0,-3,-15,-54,-168,-45.80,16.54,115.54,2.81,1.83,-1.77,-0.30,-0.87,0.43
11.760291814804077,115,85,0,-2,0,-3,-16,-55,-170,-45.75,16.53,115.59,2.99,2.26,-2.20,-0.26,-0.85,0.45
11.791544198989868,114,87,1,-2,2,-3,-17,-53,-167,-45.71,16.53,115.64,2.93,2.14,-2.26,-0.27,-0.86,0.44
11.83113956451416,114,88,1,-2,2,-2,-17,-51,-168,-45.63,16.55,115.78,2.69,2.01,-2.56,-0.27,-0.88,0.42
11.862396955490112,115,89,1,-2,2,-2,-16,-50,-168,-45.62,16.50,115.74,1.83,1.40,-1.71,-0.27,-0.88,0.43
11.893665313720703,116,90,2,-1,1,-1,-14,-49,-167,-45.62,16.45,115.72,1.95,0.67,-1.71,-0.29,-0.88,0.43
11.927144527435303,115,89,1,-1,0,0,-15,-50,-168,-45.61,16.55,115.72,2.01,1.77,-2.62,-0.30,-0.87,0.42
