1.6273093223571777,,107,58,25,-64,-25,-52,-26,-91,-135,--7.51,0.00,0.00,-14.89,14.77,8.30,-0.22,-0.34,0.92
4.204455614089966,103,59,23,-68,-26,-52,-31,-90,-138,-7.51,0.00,0.00,-14.65,14.34,7.51,-0.24,-0.34,0.94
4.225075960159302,108,55,26,-71,-21,-47,-24,-96,-134,-7.51,0.00,0.00,-12.63,14.22,6.35,-0.25,-0.31,0.95
4.241242170333862,101,57,28,-76,-8,-32,-35,-93,-131,-7.51,0.00,0.00,-12.63,6.84,15.14,-0.33,-0.35,0.93
4.261720895767212,103,36,43,-59,13,15,-32,-121,-112,-7.51,0.00,0.00,-11.72,0.00,19.84,-0.32,-0.43,0.90
4.282365798950195,113,29,32,-22,41,69,-18,-130,-126,-7.51,0.00,0.00,-13.43,0.98,21.18,-0.25,-0.45,0.88
4.302764892578125,140,213,11,140,90,83,16,-227,-154,-7.49,0.68,1.47,-14.34,-2.93,19.17,-0.27,-0.51,0.83
4.327407121658325,89,153,41,-24,46,-39,-50,34,-114,-7.57,1.18,3.08,-14.04,-0.12,9.03,-0.27,-0.48,0.90
4.347731590270996,125,56,26,38,4,-15,-2,-95,-135,-7.73,1.90,4.74,-18.01,-1.77,7.51,-0.25,-0.51,0.89
4.368165493011475,157,67,0,32,39,10,39,-79,-169,-7.89,2.33,6.59,-21.06,1.04,7.93,-0.26,-0.50,0.90
4.392916679382324,105,57,228,46,26,20,-29,-93,-208,-8.17,3.02,8.35,-23.07,0.49,8.06,-0.23,-0.37,0.89
4.413342237472534,110,56,241,42,10,5,-23,-94,-190,-8.38,3.66,10.08,-25.33,-3.66,12.21,-0.29,-0.40,0.94
4.438089370727539,113,34,253,42,5,26,-19,-123,-174,-8.54,4.14,12.10,-26.67,-3.42,11.72,-0.26,-0.42,0.91
4.458266496658325,111,70,9,42,2,23,-22,-75,-156,-8.73,4.61,14.05,-28.93,-1.89,10.74,-0.25,-0.34,0.94
4.478921890258789,109,86,26,45,-4,9,-23,-54,-134,-9.02,5.41,15.78,-32.23,-6.04,16.17,-0.32,-0.19,1.06
4.503449440002441,117,77,31,56,-1,12,-13,-66,-127,-9.37,6.00,17.53,-31.49,-9.40,15.44,-0.27,-0.21,0.93
4.523998498916626,121,71,23,68,-4,13,-7,-74,-138,-9.77,6.55,19.27,-24.05,-4.76,6.90,-0.28,-0.22,0.97
4.548501491546631,105,70,5,78,-5,22,-29,-76,-163,-10.29,7.30,20.99,-22.83,-3.30,1.46,-0.34,-0.20,1.02
4.569114685058594,88,54,0,103,0,44,-51,-97,-169,-10.80,8.05,22.51,-20.57,-6.35,1.83,-0.33,-0.20,0.98
4.593672037124634,114,78,208,122,-9,71,-17,-64,-235,-11.33,8.60,24.15,-20.94,-8.06,1.65,-0.29,-0.23,0.97
4.614061117172241,65,100,191,103,-35,-7,-82,-35,-257,-11.83,9.05,25.84,-21.18,-9.70,1.46,-0.28,-0.28,0.95
4.634596347808838,119,10,50,79,-47,-52,-11,-155,-103,-12.30,9.33,27.61,-22.83,-11.84,4.58,-0.27,-0.29,0.96
4.659255743026733,120,251,79,55,-32,-110,-8,-176,-64,-12.81,9.64,29.40,-24.60,-11.47,2.62,-0.26,-0.28,0.92
4.679513692855835,100,237,99,14,-40,-6,-35,-196,-37,-13.39,9.93,31.37,-28.20,-13.67,0.73,-0.26,-0.32,0.89
4.704932689666748,102,97,73,-75,46,61,-33,-40,-71,-13.86,10.08,33.37,-31.19,-13.92,2.14,-0.30,-0.41,0.81
4.725619316101074,99,4,45,-123,-4,-46,-36,-164,-108,-14.35,10.27,35.39,-34.91,-10.01,-3.36,-0.28,-0.41,0.84
4.750324726104736,108,154,75,64,89,158,-25,-306,-69,-15.02,10.68,37.48,-38.57,-9.46,-11.35,-0.31,-0.37,0.87
4.770514249801636,117,104,90,22,85,234,-12,-30,-49,-15.74,11.14,39.63,-42.48,-9.09,-17.70,-0.33,-0.50,0.81
4.791035413742065,72,95,42,-50,0,-51,-73,-42,-113,-16.49,11.70,41.89,-48.34,-4.21,-24.11,-0.35,-0.62,0.75
4.815049409866333,101,34,39,-56,-45,-133,-34,-124,-117,-17.32,12.56,44.45,-60.61,3.05,-38.02,-0.42,-0.75,0.83
4.8352062702178955,96,0,53,-37,-26,-72,-40,-168,-98,-18.16,13.76,47.13,-71.84,8.42,-44.56,-0.63,-0.87,0.83
4.86007022857666,90,5,58,-25,-3,19,-49,-162,-92,-18.96,15.12,50.07,-94.91,12.94,-41.93,-0.91,-1.14,0.87
4.880357503890991,95,42,44,-20,9,45,-42,-113,-111,-19.40,16.34,53.79,-120.54,17.03,-24.84,-0.96,-1.71,1.39
4.905336856842041,96,66,31,-20,3,6,-40,-81,-127,-19.38,16.83,58.24,-145.14,7.02,7.69,-0.75,-1.49,1.22
4.925311803817749,94,64,33,-33,-12,-47,-43,-84,-125,-19.30,17.37,62.91,-124.51,29.17,-27.65,-0.14,-0.45,1.16
4.950041055679321,93,42,41,-53,-19,-65,-45,-112,-114,-18.93,20.36,66.31,-48.03,109.37,-174.32,0.07,0.28,1.20
4.970934867858887,100,26,37,-49,1,-14,-36,-135,-120,-19.36,25.82,67.57,-6.29,72.20,-211.18,-0.01,0.84,1.07
4.995361804962158,96,43,30,-55,6,30,-40,-112,-128,-21.17,29.14,66.96,30.33,-14.04,-77.21,0.52,1.07,0.85
5.0159125328063965,94,55,25,-56,5,16,-43,-96,-135,-22.01,28.48,65.58,63.29,-31.43,47.12,0.25,1.15,0.61
5.041496276855469,95,55,28,-58,-3,-15,-42,-95,-132,-22.82,25.42,62.78,120.00,-90.15,148.07,-0.02,0.85,0.16
5.061098337173462,94,54,21,-58,-6,-37,-44,-97,-141,-24.19,20.03,57.40,204.59,-144.96,191.04,0.05,0.66,0.05
5.0852930545806885,95,40,26,-53,-9,-33,-42,-115,-135,-24.56,15.25,51.10,282.78,-91.43,138.24,-0.15,0.41,0.08
5.108161211013794,99,57,23,-59,-10,-31,-36,-93,-139,-24.90,13.46,43.47,326.17,-65.92,79.35,-0.15,0.51,0.42
5.130573511123657,105,67,15,-78,-22,-65,-28,-79,-148,-24.86,10.96,36.01,322.75,-93.26,128.97,-0.16,0.12,0.64
5.150744438171387,101,48,7,-98,-23,-65,-34,-105,-159,-23.48,8.15,30.64,317.69,-53.71,106.32,-0.34,-0.95,0.83
5.175407886505127,98,71,14,-104,-26,-57,-38,-75,-150,-23.42,8.49,24.65,310.42,10.62,-41.20,-1.07,-1.17,1.27
5.196131229400635,104,58,22,-103,-7,-33,-31,-92,-140,-26.09,9.87,19.15,273.32,7.45,-91.31,-0.97,-1.18,0.35
5.220661640167236,104,59,25,-86,15,11,-30,-90,-136,-26.77,9.93,15.73,183.41,13.24,-21.85,-0.45,-0.77,-0.28
5.242014646530151,109,21,40,-21,70,64,-23,-141,-115,-26.81,11.97,14.74,16.05,18.68,34.97,-0.30,-0.00,0.13
5.261270999908447,159,166,41,182,135,137,43,-290,-114,-25.25,12.14,17.80,-90.94,-7.81,79.83,-0.04,-0.55,0.84
5.285907030105591,156,217,83,-20,32,-47,38,119,-59,-25.42,13.01,22.84,-148.19,38.88,172.00,-1.96,-4.78,2.67
5.306269407272339,126,228,252,52,7,-48,-1,-208,-175,-24.70,13.62,25.72,-58.78,26.73,-52.98,-0.51,-0.47,1.08
5.3309314250946045,127,80,248,43,75,60,0,-62,-181,-29.21,18.08,25.47,-82.76,124.27,-228.21,0.15,1.03,0.70
5.351639747619629,98,91,216,49,-1,-12,-38,-47,-224,-32.78,21.32,25.08,-78.92,75.32,-138.24,0.42,0.91,0.40
5.375997066497803,133,28,3,47,4,-7,8,-132,-165,-34.08,23.39,25.63,-62.99,79.65,-63.84,-0.41,-0.00,1.26
5.396920680999756,114,57,0,50,6,23,-17,-93,-170,-36.25,27.96,26.34,-27.28,120.91,-118.04,-0.58,0.59,2.05
5.421367168426514,109,64,11,51,0,2,-23,-83,-154,-37.04,30.67,26.67,-60.61,-2.14,80.38,-0.24,0.87,1.24
5.44146990776062,112,64,27,49,-10,6,-20,-84,-133,-34.34,28.99,30.87,-81.91,-54.87,168.09,-0.20,-0.39,0.78
5.4685821533203125,128,63,35,52,-6,16,0,-84,-122,-31.91,26.86,34.90,-42.24,-17.33,67.38,-0.34,-1.01,0.82
5.486548662185669,128,74,29,58,-3,12,1,-70,-130,-31.61,27.40,36.68,-1.65,31.98,-28.02,-0.30,-0.62,0.73
5.5112690925598145,122,59,17,68,-13,3,-6,-91,-147,-31.96,29.51,37.73,1.71,47.49,-48.58,-0.27,-0.03,0.88
5.531641006469727,100,69,18,86,3,31,-35,-77,-145,-31.86,31.29,39.27,-22.52,25.33,6.23,-0.43,-0.07,1.06
5.556358098983765,106,78,243,99,-8,32,-28,-65,-187,-30.80,31.35,41.97,-31.74,-3.78,49.93,-0.30,-0.45,0.91
5.576745986938477,82,47,163,102,-10,1,-59,-106,-294,-29.89,30.86,44.48,-26.00,3.36,26.92,-0.22,-0.74,0.77
5.601470470428467,63,243,3,78,-10,26,-84,-188,-164,-29.44,31.09,46.49,-10.07,22.83,-18.31,-0.22,-0.65,0.81
5.621777296066284,125,11,102,55,6,102,-2,-154,-33,-29.09,32.33,48.30,-10.13,31.74,-25.39,-0.31,-0.35,0.86
5.642093896865845,125,53,55,52,9,18,-2,-98,-96,-28.63,33.47,50.25,-16.24,20.26,-3.66,-0.33,-0.11,0.96
5.666936159133911,89,19,42,30,1,-9,-51,-143,-113,-28.14,34.09,52.35,-19.90,7.57,6.41,-0.29,-0.25,0.96
5.687345027923584,98,254,89,20,39,42,-38,-173,-50,-27.72,34.33,54.52,-13.06,5.31,-7.87,-0.27,-0.59,0.81
5.711889743804932,117,57,65,-34,45,99,-12,-93,-82,-27.48,35.02,56.18,-5.68,15.32,-25.21,-0.25,-0.52,0.85
5.732456207275391,128,86,27,-70,3,12,0,-55,-133,-27.11,35.91,58.02,-10.80,26.49,-22.83,-0.25,-0.34,0.89
5.757543087005615,106,42,39,-75,-26,-57,-28,-113,-117,-26.47,37.07,60.03,-10.86,26.12,-19.96,-0.29,-0.24,0.92
5.777399778366089,91,6,62,-26,3,14,-48,-160,-86,-25.77,37.92,62.21,-18.01,18.31,-8.30,-0.34,-0.29,0.94
5.802263498306274,87,48,46,-42,2,34,-52,-105,-108,-25.10,38.44,64.59,-21.48,9.83,-0.37,-0.32,-0.30,0.91
5.822489023208618,90,46,43,-39,-4,-26,-48,-108,-112,-24.44,38.76,66.89,-23.13,4.70,6.04,-0.37,-0.29,0.90
5.847472906112671,98,37,41,-32,-9,-45,-38,-120,-114,-24.02,38.83,69.09,-24.72,-4.58,10.07,-0.33,-0.32,0.92
5.867782354354858,106,40,40,-35,-9,-38,-28,-116,-116,-23.74,38.84,71.21,-23.93,-7.32,5.00,-0.26,-0.35,0.96
5.888237714767456,95,41,38,-45,-13,-27,-42,-114,-118,-23.43,38.69,73.39,-26.49,-4.33,12.94,-0.25,-0.36,0.91
5.923705101013184,96,40,46,-55,-12,-21,-41,-115,-108,-22.98,38.53,75.62,-24.54,-2.50,13.31,-0.29,-0.33,0.95
5.951576471328735,93,46,28,-44,0,-9,-45,-108,-132,-22.52,38.44,78.03,-27.53,-4.15,11.72,-0.27,-0.29,0.93
5.96026349067688,91,56,33,-69,-16,-26,-47,-94,-125,-22.20,38.24,80.25,-27.34,-5.37,12.21,-0.25,-0.30,0.97
5.978148460388184,93,36,26,-53,-15,-38,-46,-121,-134,-21.87,38.01,82.52,-31.74,-6.65,20.45,-0.29,-0.23,0.97
6.002800464630127,97,41,27,-47,-6,-8,-40,-114,-133,-21.59,37.72,84.85,-33.75,-8.61,19.47,-0.28,-0.22,0.98
6.026371955871582,92,56,13,-45,-14,-25,-46,-95,-151,-21.43,37.39,87.08,-28.69,-8.06,14.77,-0.27,-0.24,1.01
6.047816038131714,88,55,22,-49,-19,-43,-51,-95,-140,-21.18,37.21,89.37,-28.20,-6.23,11.78,-0.31,-0.23,1.02
6.075664520263672,91,38,20,-24,-9,-31,-48,-118,-143,-21.03,37.11,91.51,-28.63,-9.46,10.38,-0.29,-0.22,0.91
6.093660354614258,95,52,25,-24,-6,-17,-43,-100,-135,-20.91,36.88,93.62,-30.46,-8.42,10.25,-0.30,-0.31,0.93
6.113361597061157,99,52,25,-23,-7,-22,-37,-100,-136,-20.74,36.67,95.84,-35.64,-6.10,9.28,-0.32,-0.34,1.01
6.138054609298706,106,61,20,-36,-13,-32,-28,-88,-142,-20.62,36.51,98.14,-39.49,-7.81,10.31,-0.31,-0.26,0.94
6.158474683761597,103,64,23,-49,-18,-42,-32,-84,-138,-20.52,36.40,100.47,-42.30,-9.70,9.40,-0.30,-0.31,0.95
6.1831793785095215,105,63,22,-53,-12,-39,-29,-85,-139,-20.45,36.45,102.86,-41.08,-8.00,-1.71,-0.33,-0.43,0.86
6.203480005264282,102,61,24,-63,-5,-29,-33,-88,-137,-20.19,36.61,105.27,-46.02,-1.95,-13.00,-0.36,-0.45,0.87
6.22839093208313,97,52,26,-42,6,-18,-39,-100,-135,-19.84,36.86,107.87,-52.55,0.49,-17.58,-0.41,-0.54,0.83
6.248688220977783,119,16,33,-3,22,13,-10,-148,-125,-19.43,37.12,110.65,-63.66,3.78,-20.39,-0.48,-0.69,0.83
6.273287296295166,121,238,1,118,77,27,-7,-194,-168,-18.83,37.40,113.77,-75.20,13.67,-31.86,-0.60,-0.97,0.95
6.2936320304870605,81,97,42,0,33,-61,-60,-40,-113,-17.89,37.65,117.55,-92.96,26.86,-35.95,-0.74,-1.26,1.12
6.318283796310425,94,21,35,36,18,-11,-43,-141,-122,-17.40,37.46,121.38,-112.92,18.01,-11.60,-0.93,-1.40,1.20
6.338615894317627,172,68,25,37,39,33,59,-78,-136,-18.03,36.88,124.89,-129.64,-9.52,38.09,-0.91,-1.03,1.25
6.363379716873169,145,66,202,30,18,-7,23,-81,-242,-18.71,36.26,128.29,-107.73,-8.06,14.22,-0.35,-0.42,1.32
6.3836915493011475,108,56,5,32,16,6,-25,-94,-162,-16.49,36.55,132.56,-54.99,55.05,-120.42,-0.07,0.09,1.16
6.404099225997925,100,50,255,32,3,11,-36,-102,-172,-11.61,38.22,137.60,-17.88,34.30,-166.44,-0.07,0.49,0.80
6.428745269775391,102,66,5,42,5,18,-33,-80,-163,-7.62,40.90,140.80,36.25,-11.54,-141.30,1.11,0.94,0.66
6.453438997268677,115,80,28,49,9,31,-15,-63,-131,-4.90,40.62,142.74,37.84,49.56,-6.90,-0.12,1.00,0.74
6.473825216293335,128,85,34,63,15,32,1,-56,-124,-6.69,39.65,141.18,97.41,-51.27,138.92,-0.30,0.91,0.45
6.498533248901367,126,75,23,77,14,34,-1,-68,-138,-12.03,39.08,135.20,166.93,-107.18,184.14,-0.15,0.79,0.01
6.518926620483398,100,72,26,97,19,40,-36,-72,-134,-18.49,38.23,126.90,250.55,-132.51,179.87,-0.09,0.50,0.12
6.543502569198608,88,67,6,127,33,74,-52,-80,-161,-22.43,38.09,118.72,303.77,-92.59,80.99,-0.09,0.22,0.20
6.563957214355469,73,74,177,133,8,38,-72,-70,-275,-23.18,38.74,111.98,341.80,-49.93,29.91,-0.12,0.26,0.73
6.588773012161255,70,44,233,100,-63,-28,-76,-110,-201,-25.75,37.28,104.61,309.75,-91.55,119.69,-0.44,-0.39,1.07
6.609062910079956,151,229,66,96,-23,-3,31,-206,-81,-28.19,35.04,97.47,312.99,-10.56,29.24,-0.85,-1.35,0.70
6.633691787719727,126,7,67,52,0,7,-1,-160,-80,-26.91,37.51,92.22,318.66,44.80,-130.74,-1.26,-1.03,0.94
6.654067277908325,107,98,64,-52,3,-5,-26,-39,-84,-26.89,41.47,87.04,225.28,0.06,-137.88,-0.45,-0.91,0.43
6.6789140701293945,112,16,74,-115,-37,-126,-19,-147,-70,-26.38,40.90,84.93,104.68,25.02,3.48,-0.21,-0.07,0.19
6.699208736419678,90,195,86,-12,58,81,-49,-252,-55,-26.13,39.88,86.45,-38.27,-13.12,79.28,-0.53,-0.37,0.32
6.724242687225342,112,38,81,-3,81,172,-20,-118,-60,-25.96,39.26,89.60,-109.50,3.36,-31.31,-0.26,-2.18,1.12
6.744236946105957,108,95,49,-50,37,60,-26,-43,-103,-25.24,35.33,94.22,-90.09,14.28,150.45,-1.64,-2.67,2.11
6.7646644115448,106,27,57,-54,-7,-52,-28,-133,-93,-23.65,36.39,98.00,-86.36,57.43,-93.14,0.23,0.69,1.04
6.789317607879639,91,18,50,-40,4,-6,-47,-145,-102,-18.13,40.15,105.06,-114.81,107.12,-110.47,-0.48,0.54,0.34
6.813912630081177,92,22,59,-53,0,18,-46,-140,-90,-15.21,40.66,109.39,-58.11,74.58,-56.15,0.13,0.28,0.23
6.834454774856567,96,26,41,-31,11,21,-40,-134,-114,-10.74,41.99,114.40,-31.01,92.29,-95.15,-0.27,0.52,1.89
6.859375,105,57,40,-36,1,11,-28,-93,-115,-7.36,42.02,119.24,-66.96,44.80,10.74,-0.61,0.71,1.94
6.8794121742248535,95,66,30,-54,-16,-60,-42,-81,-129,-8.15,40.86,121.58,-62.62,-26.12,97.78,-0.41,0.01,0.61
6.899859428405762,93,26,37,-55,-26,-84,-45,-135,-119,-9.67,39.31,122.36,-39.31,-19.23,58.72,-0.29,-0.68,0.59
6.924541711807251,87,21,38,-39,-3,-34,-52,-141,-118,-9.68,38.15,123.75,-12.15,25.82,-2.50,-0.31,-0.59,0.93
6.949221611022949,95,43,33,-43,-4,0,-43,-112,-125,-7.97,37.71,126.20,-15.87,38.15,-7.20,-0.36,-0.02,0.94
6.969632863998413,98,47,25,-40,-11,-17,-38,-106,-136,-7.14,36.88,128.51,-34.61,9.52,43.58,-0.32,-0.13,0.89
6.9902379512786865,93,59,25,-46,-19,-35,-44,-90,-136,-7.78,35.39,129.88,-37.54,-2.62,52.80,-0.20,-0.65,0.82
7.01481032371521,99,51,26,-52,-27,-70,-37,-100,-134,-8.19,33.82,131.02,-28.81,15.99,18.19,-0.20,-0.70,0.78
7.035270690917969,99,50,23,-63,-32,-54,-37,-102,-138,-7.45,32.84,132.83,-25.15,27.34,-0.49,-0.28,-0.45,0.92
7.059789180755615,104,48,21,-72,-35,-59,-30,-105,-141,-6.53,32.11,134.90,-25.02,20.02,3.78,-0.32,-0.37,0.92
7.080159664154053,106,36,32,-67,-21,-34,-27,-120,-126,-6.20,31.35,136.65,-28.38,11.90,14.04,-0.25,-0.36,0.90
7.105102777481079,104,40,31,-64,0,0,-30,-115,-128,-5.99,30.52,138.32,-28.87,10.13,11.05,-0.25,-0.36,0.92
7.125504493713379,110,34,33,-56,10,11,-23,-123,-125,-5.79,29.88,139.96,-27.77,6.71,10.62,-0.29,-0.33,0.96
7.15047025680542,116,28,35,-39,29,40,-14,-132,-123,-5.50,29.34,141.65,-26.67,8.79,6.96,-0.32,-0.28,0.89
7.1703431606292725,118,254,42,24,56,47,-12,-173,-113,-5.21,28.82,143.35,-24.78,5.19,6.23,-0.28,-0.29,1.01
7.195057153701782,255,31,242,91,54,90,-172,-128,-189,-5.08,28.24,144.83,-22.77,5.19,9.58,-0.27,-0.28,0.93
7.215791463851929,110,106,245,-29,12,-82,-23,-28,-184,-4.90,27.64,146.25,-23.44,4.70,7.51,-0.26,-0.28,0.95
7.235837697982788,123,14,96,37,23,25,-5,-150,-41,-4.87,27.10,147.63,-24.29,-0.49,15.26,-0.30,-0.27,0.95
7.26043701171875,152,101,219,0,30,35,33,-34,-220,-4.99,26.58,148.86,-21.91,-1.65,14.04,-0.28,-0.29,0.90
7.280829429626465,117,66,242,28,5,-9,-13,-81,-189,-5.03,26.13,149.93,-19.23,-3.23,7.81,-0.27,-0.34,0.94
7.305627107620239,103,57,244,33,7,11,-31,-93,-186,-5.08,25.62,150.95,-16.54,-0.79,3.30,-0.27,-0.31,0.93
7.325952053070068,105,82,238,41,-1,6,-29,-59,-195,-4.96,25.19,152.11,-21.30,-0.43,6.59,-0.32,-0.26,0.98
7.350710868835449,103,87,0,46,-6,6,-32,-54,-171,-5.03,24.87,153.27,-22.89,-6.04,10.25,-0.31,-0.29,0.94
7.370999097824097,113,79,24,63,-1,9,-18,-63,-137,-5.28,24.57,153.99,-20.20,-6.41,7.39,-0.29,-0.41,0.90
7.3958399295806885,118,84,27,76,3,8,-11,-56,-133,-5.44,24.25,154.77,-21.73,-3.66,7.39,-0.27,-0.33,0.93
7.41600227355957,113,61,20,87,0,12,-19,-87,-142,-5.56,23.86,155.93,-26.31,-4.46,10.31,-0.27,-0.30,0.94
7.440859317779541,97,52,13,93,1,36,-40,-100,-151,-5.64,23.58,157.12,-26.31,-5.98,10.38,-0.29,-0.24,1.01
7.461350917816162,95,58,245,104,-2,45,-42,-92,-185,-5.76,23.42,158.11,-22.52,-9.34,4.82,-0.31,-0.29,0.96
7.481740474700928,90,102,184,106,-17,13,-49,-33,-267,-5.73,23.31,159.06,-19.90,-7.63,-2.99,-0.32,-0.25,0.96
7.5063676834106445,62,34,241,91,-33,-37,-87,-124,-191,-5.55,23.13,160.10,-21.91,-5.07,-2.87,-0.32,-0.17,1.02
7.527125835418701,143,29,53,80,-11,-12,21,-130,-98,-5.42,22.99,161.12,-23.80,-8.18,-1.10,-0.30,-0.22,0.94
7.55129075050354,86,29,44,60,-38,-123,-54,-131,-110,-5.37,22.89,162.09,-23.50,-8.42,-3.30,-0.29,-0.25,0.90
7.571608543395996,92,250,76,24,5,-4,-46,-178,-67,-5.29,22.76,162.89,-24.17,-10.01,-6.84,-0.30,-0.27,0.90
7.596563100814819,108,68,84,-77,33,56,-25,-79,-56,-5.28,22.62,163.42,-26.79,-9.40,-8.85,-0.27,-0.34,0.87
7.616812229156494,114,0,66,-79,43,39,-17,-168,-80,-5.24,22.60,163.94,-31.25,-8.18,-13.06,-0.29,-0.38,0.85
7.641539096832275,116,238,56,0,90,162,-14,-194,-95,-5.17,22.58,164.28,-35.40,-8.54,-19.35,-0.29,-0.48,0.85
7.662099123001099,109,81,55,-17,79,189,-24,-60,-95,-5.25,22.69,164.20,-41.69,-6.65,-22.52,-0.37,-0.55,0.69
7.686910152435303,82,96,41,-79,-3,-6,-60,-40,-115,-5.36,23.16,164.04,-51.82,-0.85,-25.33,-0.47,-0.62,0.72
7.707355499267578,112,40,38,-65,-45,-115,-20,-116,-118,-5.40,23.71,164.36,-68.42,4.76,-23.86,-0.57,-0.66,0.82
7.731619596481323,96,5,54,-46,-40,-83,-41,-162,-97,-5.40,23.93,164.87,-76.78,11.72,-30.03,-0.52,-0.82,0.95
7.752311944961548,93,23,53,-61,-36,-41,-44,-138,-99,-5.09,23.78,165.58,-89.84,33.39,-45.17,-0.64,-1.08,1.12
7.772691011428833,102,26,36,-32,-16,-15,-34,-134,-120,-4.58,23.26,166.67,-103.94,44.80,-35.28,-0.82,-1.18,1.23
7.798165321350098,91,49,40,-34,-23,-35,-48,-103,-115,-4.84,23.08,168.34,-116.58,29.72,1.34,-0.76,-0.70,1.39
7.822938680648804,97,43,36,-56,-31,-67,-39,-112,-121,-5.01,22.36,170.82,-101.93,16.60,-2.01,-0.28,-0.08,1.35
7.842252016067505,102,24,38,-52,-17,-38,-33,-137,-118,-3.70,21.40,173.97,-71.29,31.25,-80.20,-0.16,0.32,1.19
7.867205858230591,101,33,40,-48,-7,-6,-35,-125,-116,-0.44,20.36,177.32,-29.11,20.02,-116.09,0.12,0.57,0.87
7.889641761779785,109,50,21,-61,-16,-28,-24,-102,-140,1.87,20.00,179.39,5.43,-36.07,-42.66,0.31,0.78,0.66
7.908208847045898,103,36,30,-65,-24,-47,-32,-120,-129,2.50,19.62,-179.67,25.76,0.06,11.66,0.02,0.93,0.69
7.9322850704193115,95,40,24,-63,-22,-41,-42,-116,-137,1.01,20.39,-179.96,70.98,-49.32,102.17,-0.35,0.78,0.42
7.9581780433654785,102,43,30,-58,-15,-37,-33,-111,-129,-1.86,22.38,177.59,134.89,-82.82,139.71,-0.24,0.50,0.20
7.978938579559326,104,46,25,-57,-6,-28,-30,-107,-136,-5.19,24.66,173.02,217.53,-91.49,128.05,-0.30,0.48,0.16
7.998188257217407,104,63,22,-64,3,-12,-30,-84,-139,-7.17,26.56,167.79,269.90,-89.36,74.58,-0.20,0.31,0.36
8.022423028945923,106,69,22,-80,7,-10,-28,-76,-140,-7.89,27.54,162.05,307.68,-60.61,25.57,-0.05,0.09,0.36
8.04983925819397,103,71,21,-76,28,18,-32,-74,-140,-8.76,27.82,155.40,307.37,-39.43,54.87,-0.37,0.03,0.87
8.067442893981934,105,66,34,-41,48,61,-29,-81,-124,-10.91,28.11,148.81,290.59,-56.52,91.98,-0.51,-0.31,0.90
8.088465690612793,92,9,41,41,88,107,-46,-156,-114,-12.96,27.61,140.43,311.28,-18.19,18.55,-0.69,-0.93,0.91
8.112619161605835,7,245,241,160,87,112,-159,-184,-190,-12.29,28.52,134.69,266.54,-5.62,-68.97,-0.69,-0.92,0.99
8.132970333099365,121,114,19,-24,14,-110,-8,-17,-143,-13.98,29.23,128.93,193.48,-31.07,6.29,-0.38,-0.80,0.22
8.15761113166809,169,234,44,55,30,10,56,-199,-110,-15.65,28.31,124.61,93.08,4.09,59.33,-0.34,-0.43,-0.03
8.177928686141968,102,81,224,11,46,52,-33,-61,-213,-17.95,27.92,124.31,-52.55,-21.61,119.45,-0.66,-0.41,0.47
8.202701807022095,105,94,236,30,-3,-10,-29,-44,-197,-18.73,26.54,127.10,-162.05,18.49,57.98,-1.04,-3.22,1.79
8.222967386245728,132,33,254,41,15,34,6,-125,-172,-21.50,23.41,128.37,-80.38,-13.00,108.15,-1.16,-0.98,1.24
8.247689723968506,112,84,253,50,6,45,-19,-57,-174,-18.88,24.52,132.62,-90.21,95.40,-190.73,0.02,0.97,0.77
8.268072366714478,108,65,16,52,-3,-2,-26,-82,-148,-13.77,25.88,137.32,-71.11,76.90,-156.74,0.53,0.94,0.12
8.295520544052124,114,65,26,47,-2,14,-16,-82,-134,-11.71,25.01,140.07,-53.53,45.96,-26.18,-0.26,-0.51,0.97
8.323521375656128,131,73,24,50,-12,6,5,-71,-137,-8.51,24.24,142.75,-12.82,111.51,-109.80,-0.61,0.13,2.10
8.34751009941101,117,76,5,53,-28,-16,-12,-68,-162,-5.57,23.29,146.14,-56.27,33.94,27.77,-0.47,0.67,1.26
8.358192205429077,100,69,6,79,-13,19,-36,-77,-161,-7.13,22.95,148.17,-54.63,-26.61,92.65,-0.31,-0.23,0.55
8.395159721374512,83,79,237,106,-9,40,-58,-64,-195,-9.56,22.77,147.45,-39.25,-17.82,45.84,-0.31,-0.86,0.74
8.40335488319397,68,119,157,111,-29,0,-79,-10,-302,-9.67,21.85,147.10,-17.21,34.00,-18.74,-0.39,-0.80,0.89
8.428062915802002,52,8,239,103,-43,-34,-100,-158,-192,-8.21,21.21,148.43,-12.21,39.25,-24.48,-0.25,-0.12,0.82
8.4484543800354,126,33,50,70,-13,24,-1,-125,-103,-7.95,20.80,150.40,-34.48,7.02,29.60,-0.39,-0.11,0.94
8.487818956375122,120,28,49,60,-20,-64,-9,-132,-103,-9.07,20.45,151.40,-36.74,-13.98,52.25,-0.30,-0.55,0.81
8.493312358856201,127,35,98,-9,1,0,0,-122,-39,-10.31,19.77,150.47,-25.94,4.21,24.78,-0.25,-0.75,0.76
8.51818060874939,106,93,52,-75,-16,-37,-27,-45,-100,-10.21,18.89,150.07,-13.18,32.17,-24.72,-0.25,-0.63,0.81
8.538486957550049,108,11,54,-99,-50,-96,-24,-155,-97,-9.29,18.11,150.87,-14.83,30.09,-22.77,-0.26,-0.36,0.95
8.563187837600708,97,171,91,5,13,24,-40,-283,-48,-8.77,17.72,152.22,-25.45,10.07,6.04,-0.32,-0.26,1.01
8.594491720199585,126,7,49,98,81,139,-1,-159,-104,-9.19,17.38,153.18,-30.94,-2.99,26.31,-0.26,-0.41,0.83
8.62312364578247,131,126,75,12,33,84,5,-1,-68,-9.75,17.09,153.56,-23.93,2.44,11.72,-0.30,-0.46,0.82
8.664039850234985,100,112,41,-109,-50,-149,-35,-20,-114,-9.58,16.83,153.88,-18.86,9.16,-12.82,-0.23,-0.48,0.82
8.705014944076538,125,241,33,-105,-107,-254,-3,-190,-125,-9.24,16.84,153.77,-14.71,7.45,-22.89,-0.20,-0.53,0.81
8.741937637329102,102,215,46,9,17,29,-33,-225,-107,-8.92,16.58,153.94,-18.19,14.65,-20.45,-0.32,-0.50,0.89
8.778820276260376,103,14,85,2,36,160,-32,-150,-56,-8.52,16.52,154.69,-25.57,12.94,-9.03,-0.29,-0.43,0.81
8.811511993408203,95,92,48,-71,30,72,-43,-46,-105,-8.51,16.60,154.76,-28.44,10.25,-6.59,-0.27,-0.54,0.77
8.84843111038208,105,54,2,-70,-9,-40,-29,-97,-166,-8.27,16.04,155.28,-29.79,21.24,-11.11,-0.25,-0.38,0.88
8.881126403808594,107,43,33,-69,0,-23,-26,-111,-125,-7.85,15.66,156.66,-38.51,19.10,-1.40,-0.26,-0.23,0.90
8.917957067489624,85,14,36,-58,-2,-9,-56,-151,-120,-7.63,15.58,157.90,-38.21,9.64,-3.17,-0.26,-0.36,0.86
8.95479130744934,105,29,24,-31,8,51,-29,-131,-137,-7.50,15.35,158.70,-35.22,16.54,-9.83,-0.27,-0.39,0.91
8.98760461807251,98,67,31,-42,-2,26,-38,-79,-127,-7.17,14.90,159.89,-37.90,19.53,-8.24,-0.28,-0.24,0.93
9.024470329284668,104,52,17,-35,-16,-61,-31,-100,-146,-6.85,14.77,161.48,-37.84,14.47,-3.11,-0.31,-0.13,0.98
9.065371036529541,103,38,23,-36,-8,-31,-32,-119,-138,-6.56,14.84,162.94,-34.18,7.63,-5.80,-0.28,-0.17,0.95
9.102317333221436,110,61,21,-68,-22,-41,-23,-87,-141,-6.33,14.76,164.04,-31.01,6.23,-5.19,-0.27,-0.16,1.01
9.139140129089355,103,50,14,-71,-19,-33,-32,-102,-151,-6.03,14.77,165.63,-30.52,5.25,-3.78,-0.30,-0.02,1.05
9.175987482070923,103,64,29,-90,-17,-25,-31,-83,-130,-5.82,14.87,167.11,-27.53,-1.10,0.55,-0.27,-0.01,1.02
9.212873697280884,102,58,20,-81,-7,-24,-32,-91,-142,-5.70,14.93,168.33,-24.48,-5.68,1.34,-0.26,-0.10,0.99
9.249706745147705,103,38,42,-49,18,12,-31,-119,-113,-5.66,14.92,169.14,-19.90,-7.81,4.52,-0.23,-0.12,1.02
9.286563158035278,115,33,42,-26,37,44,-16,-125,-113,-5.78,15.13,169.76,-21.55,-10.93,7.63,-0.30,-0.13,1.03
9.319371223449707,138,223,35,80,54,39,14,-215,-122,-6.01,15.71,170.30,-23.74,-24.60,10.68,-0.34,-0.14,0.97
9.356200695037842,100,68,29,40,-27,33,-36,-78,-130,-6.44,16.42,170.37,-23.07,-29.66,9.22,-0.27,-0.30,0.89
9.393054485321045,141,43,239,12,23,-75,18,-111,-193,-6.91,16.98,170.01,-25.45,-24.11,8.18,-0.28,-0.35,0.93
9.425833463668823,138,34,63,43,30,24,14,-123,-85,-7.36,17.32,169.87,-29.79,-21.12,8.00,-0.25,-0.30,0.88
9.458601951599121,129,52,216,2,19,9,3,-100,-224,-7.77,17.59,169.75,-34.48,-15.87,5.25,-0.23,-0.29,0.83
9.491367101669312,112,53,0,38,10,-7,-19,-98,-170,-7.95,17.85,169.90,-39.18,-9.28,-4.09,-0.29,-0.31,0.81
9.528220176696777,111,46,249,16,-5,-2,-21,-108,-179,-8.23,18.18,169.89,-45.10,-8.67,-4.15,-0.33,-0.42,0.79
9.565061092376709,109,83,250,29,-2,21,-24,-58,-178,-8.48,18.57,169.60,-50.96,-3.91,-13.18,-0.36,-0.56,0.79
9.597830295562744,112,108,4,36,1,24,-20,-24,-163,-8.57,18.91,169.46,-62.81,5.31,-19.47,-0.46,-0.68,0.84
9.63062572479248,118,92,25,56,9,33,-12,-46,-136,-8.57,19.39,169.72,-75.01,10.25,-19.59,-0.66,-0.82,0.90
9.663470029830933,119,87,18,69,12,28,-11,-52,-145,-8.49,19.67,170.39,-97.84,27.28,-18.37,-0.79,-1.05,1.03
9.696169376373291,117,74,6,81,6,22,-13,-71,-161,-8.81,19.58,171.48,-118.71,26.61,5.31,-1.01,-1.37,1.29
9.728919506072998,94,69,7,95,13,37,-43,-77,-160,-10.14,19.94,172.69,-131.47,5.92,38.45,-0.89,-1.04,1.35
9.765753746032715,83,79,244,124,19,64,-59,-63,-186,-11.05,19.72,173.80,-100.40,8.30,5.86,-0.37,-0.47,1.44
9.802630424499512,65,110,169,119,-18,-1,-83,-22,-286,-9.92,18.74,175.41,-43.64,32.84,-99.00,-0.07,0.03,1.17
9.835450649261475,72,238,5,107,-17,9,-73,-195,-162,-6.31,17.18,178.18,-12.88,36.44,-136.90,0.30,0.58,0.81
9.868308067321777,152,32,78,86,2,59,33,-127,-64,-3.14,16.12,179.78,28.99,8.73,-74.28,0.47,0.85,0.80
9.905066728591919,104,50,49,56,-40,-73,-30,-102,-103,-2.77,15.24,-179.81,49.80,14.16,24.23,-0.05,0.91,0.63
9.94192385673523,113,74,59,-60,-20,-60,-18,-70,-90,-4.31,15.59,179.30,108.09,-44.37,105.83,-0.04,0.63,0.28
9.982843160629272,121,35,39,-125,-42,-77,-7,-122,-117,-7.11,17.06,175.53,195.43,-78.67,131.04,-0.08,0.64,0.12
10.015650510787964,97,224,79,-30,30,95,-39,-213,-63,-9.86,18.92,170.23,275.94,-98.08,94.42,-0.12,0.56,0.32
10.05251431465149,115,68,53,-37,51,111,-15,-79,-99,-10.69,20.43,164.15,320.80,-75.62,14.47,0.09,0.39,0.33
10.089330434799194,107,57,49,-39,16,-6,-26,-92,-104,-11.20,21.10,157.96,326.90,-77.76,70.98,-0.02,0.35,0.85
10.126213550567627,105,22,51,-49,-13,-68,-30,-140,-101,-15.84,21.62,150.54,288.33,-137.51,192.14,-0.21,-0.15,0.97
10.163080930709839,101,4,39,-32,-7,-26,-34,-163,-117,-21.81,21.35,142.32,285.58,-67.69,161.93,-0.76,-0.82,0.76
10.195887565612793,89,33,48,-47,-12,8,-51,-125,-104,-22.84,22.92,134.71,300.90,-15.08,-53.41,-0.64,-1.33,0.57
10.232739210128784,91,12,37,-56,-9,-25,-47,-153,-119,-22.48,25.00,127.94,241.46,2.08,-78.92,-0.36,-1.19,-0.01
10.269619464874268,90,36,28,-32,-6,-24,-49,-121,-132,-21.23,25.43,124.07,122.99,54.14,-57.19,-0.15,-0.60,0.12
10.30644154548645,90,24,44,-22,5,-27,-49,-137,-110,-20.81,26.15,124.25,-48.03,13.18,52.37,-0.62,-0.30,0.40
10.339212417602539,97,34,32,-30,3,-1,-39,-123,-126,-19.49,25.64,128.07,-144.53,43.21,-40.22,-0.93,-3.12,1.59
10.376080751419067,102,53,30,-43,-7,-14,-33,-98,-128,-22.10,22.67,129.54,-84.84,6.23,80.44,-1.35,-1.60,1.48
10.412956237792969,101,48,23,-50,-12,-30,-34,-105,-139,-18.73,24.17,134.14,-87.89,70.56,-188.54,0.40,0.82,0.78
10.453902244567871,100,48,26,-50,-12,-32,-35,-105,-135,-11.89,25.32,140.19,-93.93,94.67,-157.23,0.19,0.54,0.18
10.490749597549438,106,48,21,-51,-2,-24,-28,-104,-141,-9.59,24.43,143.20,-63.84,61.52,-40.53,0.19,0.12,0.83
10.527622938156128,105,60,23,-78,-10,-26,-29,-88,-138,-6.57,22.86,147.04,-49.44,122.44,-66.41,-0.44,-0.01,1.90
10.564476251602173,103,52,16,-84,-3,-25,-31,-99,-147,-4.02,21.40,150.47,-55.11,80.57,-11.29,-0.49,0.77,1.55
10.60133409500122,109,76,26,-105,0,-2,-24,-67,-134,-4.86,20.62,153.27,-69.58,-18.13,96.13,-0.34,0.09,0.71
10.638195514678955,96,64,19,-111,-3,-10,-41,-84,-143,-6.90,20.18,153.30,-50.05,-15.01,54.57,-0.25,-0.75,0.73
10.671008825302124,101,43,42,-57,22,44,-34,-112,-113,-7.37,19.39,152.74,-20.87,32.23,-21.36,-0.25,-0.69,0.96
10.707833051681519,129,224,63,89,73,74,3,-213,-85,-5.67,18.57,154.03,-9.77,52.06,-48.65,-0.23,-0.12,0.86
10.744749784469604,30,64,238,103,-14,35,-129,-83,-194,-4.21,18.05,156.08,-25.51,30.27,-8.18,-0.37,0.07,0.93
10.781564474105835,145,17,253,-17,-1,-145,23,-147,-174,-4.26,18.18,157.70,-34.06,5.37,23.38,-0.42,-0.32,0.85
10.814356088638306,142,24,35,38,47,29,19,-137,-122,-4.88,18.08,157.59,-25.94,12.88,7.39,-0.33,-0.60,0.78
10.85120177268982,109,93,214,22,25,33,-24,-45,-226,-4.72,17.35,157.06,-17.09,27.04,-22.16,-0.23,-0.56,0.87
10.888017654418945,116,53,245,46,17,11,-14,-99,-185,-3.92,16.56,157.37,-14.40,34.42,-31.13,-0.27,-0.32,0.92
10.920825481414795,130,36,250,52,23,44,4,-121,-178,-3.20,16.15,159.06,-24.60,25.15,-3.66,-0.38,-0.08,0.94
10.957685232162476,119,48,17,47,13,21,-10,-105,-146,-3.05,16.25,160.53,-27.28,0.00,7.02,-0.30,-0.29,0.86
10.990438461303711,111,56,30,32,2,21,-21,-94,-129,-3.38,15.98,160.44,-24.11,4.76,1.28,-0.22,-0.51,0.87
11.023214340209961,117,76,25,33,0,28,-13,-67,-136,-3.24,15.28,160.40,-23.50,24.29,-14.28,-0.24,-0.38,0.90
11.055974245071411,125,79,24,41,-3,8,-2,-63,-137,-2.75,14.75,161.56,-26.00,21.36,-11.23,-0.24,-0.22,0.97
11.088736534118652,119,75,15,46,-7,4,-10,-69,-149,-2.41,14.43,162.54,-25.45,16.36,-9.58,-0.29,-0.28,0.93
11.121501922607422,110,68,7,66,0,17,-22,-79,-159,-2.17,14.12,163.32,-24.41,14.28,-8.18,-0.26,-0.25,0.94
11.154298543930054,94,73,253,84,1,21,-43,-71,-174,-1.88,13.87,164.37,-27.10,16.78,-2.69,-0.28,-0.15,0.95
11.191125869750977,97,74,224,104,-11,30,-39,-70,-213,-1.78,13.83,165.56,-28.14,7.57,4.27,-0.31,-0.17,0.96
11.228007793426514,72,110,185,106,-37,-28,-73,-22,-265,-1.81,13.63,166.24,-26.18,1.53,3.23,-0.22,-0.28,0.97
11.268950462341309,71,18,250,103,-21,-10,-75,-144,-179,-1.94,13.41,166.67,-24.41,3.48,2.87,-0.23,-0.28,0.94
11.301716804504395,148,39,64,65,-24,-1,28,-117,-84,-2.00,13.20,167.16,-22.03,3.66,0.67,-0.23,-0.21,0.98
11.338597774505615,111,14,65,65,-15,-81,-21,-150,-82,-1.99,13.23,167.98,-23.25,-1.22,3.23,-0.28,-0.15,1.00
11.37133526802063,107,10,80,15,5,0,-26,-155,-63,-2.10,13.44,168.68,-22.40,-8.36,4.88,-0.24,-0.17,0.98
11.404149770736694,111,76,65,-66,14,34,-21,-67,-82,-2.23,13.72,169.12,-21.36,-5.37,2.26,-0.25,-0.20,0.96
11.441015720367432,111,28,52,-93,-4,-18,-21,-132,-100,-2.38,13.91,169.42,-22.03,-8.12,5.49,-0.24,-0.23,0.96
11.4779531955719,100,232,57,-25,49,91,-35,-202,-93,-2.60,13.92,169.61,-22.28,-9.34,5.62,-0.23,-0.26,0.97
11.510671854019165,112,15,63,9,62,134,-20,-148,-85,-2.76,14.02,169.88,-22.89,-9.16,1.16,-0.27,-0.22,0.97
11.54747986793518,103,67,56,-23,39,75,-32,-79,-94,-2.88,14.26,170.37,-25.82,-11.66,5.68,-0.34,-0.17,0.94
11.580288887023926,97,44,52,-43,5,-23,-39,-110,-100,-3.12,14.89,170.83,-29.54,-20.20,8.30,-0.29,-0.19,0.93
11.62121868133545,100,27,44,-47,-5,-52,-36,-133,-110,-3.48,15.28,170.94,-34.24,-19.04,9.09,-0.27,-0.35,0.89
11.658170938491821,104,22,50,-65,-13,-35,-31,-140,-102,-3.97,15.67,170.60,-35.95,-16.97,6.65,-0.29,-0.36,0.85
11.690852165222168,94,17,44,-51,0,9,-43,-147,-110,-4.49,16.57,170.35,-43.40,-22.52,5.37,-0.34,-0.38,0.78
11.723633766174316,97,46,41,-51,3,26,-40,-108,-115,-5.04,17.41,169.99,-52.80,-20.57,2.14,-0.35,-0.50,0.73
11.760491132736206,90,68,31,-80,-13,-25,-49,-78,-128,-5.54,18.10,169.77,-63.84,-14.22,-2.87,-0.42,-0.67,0.74
11.797362565994263,99,34,24,-71,-20,-63,-37,-123,-136,-5.84,18.68,169.86,-76.72,3.23,-13.49,-0.52,-0.76,0.82
11.83830189704895,92,36,28,-56,-12,-35,-46,-120,-131,-5.80,18.79,170.47,-94.18,24.78,-19.59,-0.64,-0.96,1.03
11.875128984451294,103,47,27,-53,-18,-39,-31,-106,-133,-6.00,18.75,171.40,-114.14,20.20,7.14,-0.80,-1.09,1.19
11.912048816680908,97,51,12,-36,-22,-51,-39,-101,-152,-7.10,19.15,172.57,-125.12,3.60,29.30,-0.84,-0.98,1.21
11.952965021133423,105,49,35,-43,-16,-59,-29,-104,-122,-8.39,19.81,173.73,-116.03,-3.36,33.33,-0.68,-0.47,1.33
11.989841938018799,104,49,19,-51,-15,-57,-30,-103,-144,-8.32,19.54,175.87,-85.21,1.34,-18.19,-0.21,0.10,1.22
12.026748180389404,110,49,35,-67,-11,-49,-22,-104,-122,-6.38,18.40,178.64,-44.19,25.45,-99.18,-0.10,0.32,0.97
12.063578367233276,101,32,31,-49,1,-22,-34,-126,-128,-3.35,17.51,-179.33,1.59,-19.17,-111.94,0.51,0.48,0.79
12.100464344024658,103,30,45,-18,27,22,-32,-129,-109,-0.94,16.34,-178.34,32.53,22.09,-64.70,0.50,0.78,0.88
12.133231163024902,128,26,44,13,26,29,1,-134,-110,-0.61,15.27,-177.79,48.71,12.94,30.52,-0.24,0.79,0.74
12.17004656791687,135,14,28,64,53,13,11,-150,-131,-2.56,16.61,-178.63,92.71,-69.03,126.71,-0.36,0.68,0.44
12.202871322631836,110,129,34,-3,14,-34,-22,2,-123,-5.55,18.99,178.70,145.08,-99.00,146.30,-0.22,0.54,0.23
12.23564600944519,100,37,5,19,21,-7,-35,-119,-162,-8.80,21.50,174.37,216.67,-95.70,129.88,-0.26,0.36,0.23
12.26841950416565,155,60,13,23,41,40,37,-89,-151,-10.84,23.31,169.29,262.88,-66.22,82.70,-0.22,0.18,0.32
12.305244445800781,134,50,231,35,47,59,9,-103,-204,-11.30,24.64,163.50,297.91,-21.61,30.76,-0.23,0.05,0.46
12.3380446434021,100,72,237,35,11,24,-36,-73,-195,-11.76,25.05,157.40,298.65,-14.77,35.83,-0.34,-0.12,0.76
12.374913454055786,118,39,255,35,0,24,-12,-117,-172,-12.54,25.25,150.48,305.05,-16.78,15.50,-0.40,-0.44,0.91
12.407616138458252,122,63,16,43,1,39,-6,-85,-148,-12.44,25.11,143.88,303.59,-0.24,-21.12,-0.65,-0.57,1.11
12.440425872802734,110,81,19,37,0,17,-22,-60,-143,-12.43,26.25,138.49,263.18,-45.72,-39.73,-0.28,-0.47,1.05
12.473182201385498,109,78,37,50,-4,8,-23,-65,-120,-14.24,27.19,131.75,186.34,-28.99,34.97,-0.52,-0.91,-0.05
12.510006427764893,121,85,30,51,-16,-13,-8,-56,-129,-13.95,27.12,128.01,113.04,35.77,-11.84,-0.37,-0.72,-0.03
12.542811632156372,123,55,26,62,-24,-24,-5,-95,-134,-14.51,26.61,125.90,-22.83,9.89,57.98,-0.50,-0.89,0.35
12.575573444366455,98,73,7,86,-6,-5,-38,-72,-160,-15.47,25.14,127.83,-106.57,8.97,20.26,-0.12,-0.96,0.80
12.612417697906494,104,67,231,112,4,44,-30,-79,-203,-15.85,22.60,129.94,-116.82,50.78,117.07,-1.84,-3.13,2.17
12.649260520935059,67,93,153,107,-19,10,-79,-45,-308,-14.79,22.91,132.16,-77.15,57.62,-83.92,-1.11,-0.40,1.33
12.682058572769165,69,4,19,103,-14,6,-78,-163,-143,-8.38,24.41,137.79,-100.16,133.67,-197.57,0.22,1.07,0.73
12.714847803115845,126,27,40,90,1,19,-1,-133,-115,-4.85,24.24,142.05,-75.38,71.17,-64.82,0.50,0.53,0.39
12.751652479171753,130,240,88,38,-9,-21,4,-191,-52,-3.24,22.17,145.34,-57.98,67.99,-12.45,-0.30,-0.38,1.00
12.784463882446289,104,64,108,-48,35,35,-30,-84,-25,-0.02,21.08,148.44,-25.02,102.29,-67.87,-0.71,0.22,1.98
12.821301937103271,109,19,55,-105,9,-36,-24,-144,-96,1.06,20.12,151.54,-67.81,29.17,41.38,-0.49,0.33,0.98
12.858168125152588,97,235,71,-10,61,124,-40,-198,-75,-0.36,19.87,153.90,-61.46,-7.20,79.16,-0.27,-0.29,0.56
12.895006895065308,115,88,57,-39,60,157,-16,-52,-93,-1.84,18.41,153.28,-40.77,18.55,29.36,-0.21,-0.76,0.89
12.927779197692871,88,69,27,-50,0,-2,-51,-77,-133,-1.75,16.99,153.08,-26.92,39.06,-10.56,-0.18,-0.57,0.94
12.964621782302856,94,18,54,-36,-24,-56,-43,-146,-97,-0.68,15.94,154.94,-25.15,39.31,-12.51,-0.21,0.06,0.90
13.001501083374023,102,25,52,-29,-12,-46,-33,-135,-99,-0.17,15.54,157.09,-32.17,12.27,11.54,-0.32,-0.12,0.96
13.038342475891113,95,33,55,-62,-32,-48,-42,-125,-95,-0.29,15.47,157.22,-26.12,10.74,4.46,-0.29,-0.57,0.86
13.07523226737976,102,16,53,-52,-25,-53,-33,-148,-99,-0.07,15.10,156.61,-16.97,33.14,-22.34,-0.29,-0.41,0.83
13.112085819244385,102,42,30,-45,-10,-8,-33,-113,-129,0.88,14.93,157.78,-15.63,31.37,-20.87,-0.33,-0.22,0.89
13.149012088775635,99,49,41,-75,-30,-48,-37,-104,-114,1.36,14.77,159.04,-23.50,14.10,7.69,-0.29,-0.26,0.97
13.18588137626648,96,23,28,-59,-16,-39,-41,-138,-131,1.19,14.30,159.78,-27.04,11.05,19.17,-0.27,-0.35,0.89
13.222682237625122,100,32,37,-59,-6,0,-36,-126,-120,0.95,13.88,160.14,-25.33,12.02,15.26,-0.26,-0.36,0.83
13.259522676467896,95,45,23,-56,-2,-6,-42,-108,-138,0.94,13.95,160.32,-24.23,13.85,3.66,-0.32,-0.38,0.90
13.296386003494263,105,45,30,-60,-7,-23,-29,-108,-129,0.82,13.87,160.50,-21.97,10.07,6.29,-0.27,-0.37,0.94
13.333272695541382,99,48,28,-70,-18,-42,-36,-105,-131,0.88,13.54,161.30,-23.38,13.67,7.93,-0.23,-0.19,0.99
13.370144844055176,104,49,23,-78,-22,-53,-30,-104,-138,0.88,13.37,162.58,-26.00,0.43,8.18,-0.23,-0.17,0.94
13.407071590423584,97,40,31,-48,-15,-45,-39,-115,-127,0.80,13.91,163.09,-18.98,-8.67,5.49,-0.27,-0.26,0.93
13.443869352340698,99,51,33,-46,-6,-28,-37,-101,-125,0.83,14.26,163.35,-16.17,-7.26,0.18,-0.27,-0.26,0.97
13.48075246810913,105,35,35,-17,3,-20,-29,-122,-122,0.82,14.49,163.96,-18.68,-10.19,1.22,-0.24,-0.26,0.95
13.513521671295166,107,33,41,13,16,0,-27,-125,-114,0.77,14.68,164.53,-16.24,-10.44,4.64,-0.29,-0.24,0.96
13.550326108932495,126,16,38,38,28,4,-1,-147,-118,0.57,14.97,165.02,-17.70,-10.50,13.12,-0.27,-0.26,0.96
13.58310842514038,90,32,12,30,23,11,-49,-126,-153,0.11,15.14,165.14,-20.69,-11.96,20.94,-0.23,-0.32,0.90
13.615902185440063,81,51,253,6,27,0,-61,-101,-174,-0.45,15.01,164.66,-20.14,-7.69,15.87,-0.22,-0.36,0.90
13.648619413375854,92,65,1,7,19,24,-47,-82,-168,-0.73,14.95,164.64,-20.69,-4.09,11.54,-0.24,-0.26,0.94
13.677362442016602,97,85,12,6,18,6,-39,-55,-153,-1.03,15.09,164.97,-24.66,-7.93,16.36,-0.26,-0.30,0.93
13.714177370071411,100,70,51,20,26,23,-35,-75,-100,-1.54,15.06,164.86,-24.90,-8.18,16.91,-0.24,-0.35,0.90
13.74703598022461,137,83,1,35,32,15,12,-59,-168,-1.91,15.10,164.69,-24.23,-3.48,9.46,-0.27,-0.33,0.91
13.775853395462036,128,54,250,40,16,0,1,-97,-178,-1.98,15.27,165.07,-24.84,-2.44,4.03,-0.30,-0.24,0.97
13.808497667312622,127,38,0,42,13,22,0,-118,-169,-1.98,15.75,165.60,-25.94,-6.71,4.09,-0.32,-0.24,0.91
13.841293573379517,120,58,9,39,3,14,-9,-92,-157,-2.20,16.26,165.53,-26.86,-9.77,6.35,-0.30,-0.33,0.87
13.873924970626831,107,60,7,44,3,16,-27,-88,-159,-2.47,16.47,165.23,-29.54,-7.63,2.93,-0.27,-0.35,0.87
13.906688928604126,100,81,24,50,4,28,-35,-61,-137,-2.58,16.60,165.12,-32.53,-5.86,-3.72,-0.30,-0.36,0.87
13.93947434425354,112,102,19,64,0,32,-19,-33,-144,-2.66,17.01,165.05,-38.76,-10.01,-2.20,-0.32,-0.35,0.84
13.97629690170288,110,91,255,83,-4,9,-22,-47,-171,-3.01,17.70,164.72,-45.53,-8.67,0.85,-0.38,-0.44,0.77
14.009104490280151,87,68,17,111,5,39,-52,-78,-146,-3.28,18.33,164.44,-53.41,0.37,-8.85,-0.39,-0.47,0.84
14.045941829681396,114,49,224,123,-7,70,-17,-103,-213,-3.37,18.97,164.49,-59.14,3.97,-14.83,-0.37,-0.49,0.85
14.082809209823608,81,70,209,78,-62,-44,-60,-76,-233,-3.23,19.32,164.59,-69.46,16.97,-29.66,-0.42,-0.65,0.88
14.119662284851074,111,246,60,68,-42,-73,-21,-183,-89,-2.82,19.22,164.99,-79.96,25.15,-32.84,-0.61,-1.01,1.03
14.156542301177979,106,248,69,46,-23,-22,-27,-181,-76,-2.45,19.13,165.75,-95.64,28.69,-24.29,-0.85,-1.26,1.23
14.189317464828491,109,9,87,27,-2,24,-23,-156,-52,-2.48,19.25,166.84,-111.08,21.00,-7.93,-0.94,-1.11,1.45
14.222081899642944,114,96,63,-73,8,1,-17,-41,-85,-3.12,19.77,168.10,-114.93,4.09,1.34,-0.67,-0.63,1.47
14.263006448745728,104,33,38,-112,-24,-70,-30,-125,-118,-2.66,19.34,170.86,-94.48,-0.85,-27.53,-0.24,0.03,1.26
14.295833110809326,107,220,66,-8,41,87,-27,-219,-80,-0.93,18.68,173.92,-45.47,-2.32,-98.51,0.04,0.37,0.97
14.332659482955933,114,27,66,14,67,153,-17,-133,-80,1.96,18.18,176.26,-2.81,-22.03,-103.09,0.18,0.31,0.49
14.365429878234863,99,58,47,5,47,89,-36,-91,-106,3.92,18.17,177.29,46.39,0.92,-75.01,0.32,0.93,0.64
14.398194551467896,91,51,48,9,18,10,-48,-101,-105,5.46,17.28,177.81,58.11,23.07,-28.69,-0.09,0.96,0.68
14.430949211120605,89,36,60,3,1,-44,-50,-121,-89,5.24,17.69,176.93,111.69,-48.58,60.61,-0.13,0.81,0.42
14.463754177093506,99,54,57,-37,-10,-62,-36,-97,-93,2.37,19.78,173.43,170.59,-112.61,142.70,-0.14,0.79,0.16
14.504676818847656,99,37,49,-72,-32,-119,-37,-119,-104,-1.89,22.40,167.91,242.13,-129.15,148.99,-0.08,0.39,-0.00
14.54151964187622,98,255,42,-32,4,-63,-38,-171,-113,-4.35,24.14,161.07,298.28,-74.22,67.75,-0.13,0.33,0.14
14.578383207321167,101,28,46,-25,17,33,-34,-132,-108,-5.35,24.98,154.85,312.19,-56.09,59.88,-0.18,0.33,0.55
14.611234188079834,81,39,50,-43,16,42,-60,-117,-103,-7.97,25.23,148.44,298.22,-72.02,108.46,-0.38,-0.16,0.86
14.648033380508423,97,41,50,-68,1,-22,-39,-114,-102,-11.44,24.26,138.57,319.89,-15.50,3.66,-0.46,-1.39,0.88
14.68489384651184,105,49,18,-67,-3,-45,-29,-104,-145,-9.90,26.36,132.89,308.53,13.73,-111.45,-0.37,-0.69,1.02
14.721782445907593,98,41,27,-66,-16,-55,-38,-114,-133,-8.44,29.08,128.71,212.52,-23.68,-22.40,-0.43,-0.94,0.41
14.758651494979858,95,35,21,-56,-19,-40,-43,-123,-141,-8.71,28.71,125.03,95.09,31.68,31.86,-0.35,-0.16,-0.20
14.795515298843384,94,61,24,-58,-15,-22,-44,-87,-137,-10.39,27.99,124.53,-71.23,-10.56,99.91,-0.39,-0.69,0.31
14.832542657852173,102,49,29,-62,-24,-63,-33,-104,-131,-10.69,26.06,127.61,-161.44,38.39,11.11,-0.90,-4.19,1.81
14.87346339225769,104,69,24,-81,-20,-43,-31,-77,-136,-13.61,22.52,127.45,-18.92,63.05,-45.17,-0.91,-1.58,1.29
14.9102144241333,96,54,25,-84,-21,-42,-41,-97,-135,-8.21,24.25,131.90,-51.64,118.90,-184.51,-0.31,1.01,0.89
14.94705605506897,105,36,30,-83,-11,-7,-29,-120,-128,-3.68,25.06,136.83,-112.49,77.88,-70.92,0.68,0.95,0.83
14.97993278503418,108,56,36,-109,0,23,-25,-95,-121,-1.39,24.51,141.06,-62.38,61.83,-56.88,0.11,0.22,0.92
15.01676321029663,104,77,31,-94,8,27,-31,-66,-128,2.14,23.66,144.65,-33.87,92.35,-67.57,-0.53,0.57,2.23
15.049593687057495,116,25,39,-3,29,24,-14,-136,-118,1.76,22.92,147.52,-66.71,-1.22,70.92,-0.47,0.22,0.95
15.08637523651123,85,234,18,201,89,2,-56,-199,-145,0.02,22.58,149.60,-57.31,-13.12,68.66,-0.28,-0.50,0.55
15.123193979263306,73,136,28,-47,54,-41,-72,11,-131,-1.27,21.46,148.90,-31.25,11.05,11.84,-0.15,-0.78,0.85
15.156002521514893,149,47,253,35,18,3,29,-107,-175,-0.75,19.77,149.78,-18.25,42.60,-11.35,-0.24,-0.22,1.03
15.188843250274658,121,68,208,35,35,20,-7,-78,-234,-0.32,19.38,152.03,-32.59,17.64,17.76,-0.37,0.04,0.87
15.225636720657349,118,81,249,56,24,21,-11,-61,-180,-0.95,19.37,153.78,-35.28,-1.16,37.48,-0.30,-0.43,0.76
15.262481212615967,113,32,246,63,12,19,-18,-126,-183,-2.16,18.43,153.24,-31.37,11.41,19.23,-0.28,-0.58,0.86
15.295261859893799,110,51,9,54,2,15,-22,-101,-157,-2.36,17.29,153.33,-22.34,24.90,-5.98,-0.23,-0.47,0.83
15.328118801116943,115,55,25,44,-5,16,-15,-96,-136,-2.07,16.80,154.53,-23.01,24.48,-3.17,-0.31,-0.36,0.88
15.36090087890625,124,67,35,44,-5,23,-3,-79,-122,-1.96,16.21,155.89,-26.67,15.38,9.70,-0.27,-0.35,0.91
15.393672466278076,127,82,24,48,-6,12,0,-59,-137,-2.21,15.51,156.95,-29.48,11.60,18.19,-0.25,-0.35,0.87
15.430390357971191,118,69,21,62,-11,2,-12,-77,-141,-2.77,15.48,157.72,-31.62,4.70,18.25,-0.30,-0.39,0.84
15.45916485786438,96,72,2,81,4,30,-42,-73,-167,-3.49,15.66,157.65,-28.87,4.64,19.10,-0.28,-0.41,0.86
15.495952606201172,91,64,252,101,10,56,-47,-83,-176,-3.73,15.16,158.66,-33.51,10.01,17.82,-0.26,-0.30,0.95
15.532824993133545,108,99,202,117,-4,40,-25,-36,-243,..79,-0.32,-1.64,1.13
15.56972074508667,46,80,207,100,-23,-12,-107,-62,-236,0.48,-0.38
15.606570720672607,117,14,49,86,-18,4,-13,-151,-103,-22.45,23.42,124.35,-25.51,-4.52,88.44,-0.55,-0.64,0.29
15.639411687850952,139,19,89,63,-26,-89,15,-144,-50,-24.71,21.83,126.51,-115.72,-23.99,68.79,-0.32,-1.64,1.13
15.680233240127563,144,229,102,43,-36,-43,22,-206,-34,0.48,-0.38
15.713150024414062,122,89,63,-36,16,40,-6,-50,-85,-22.45,23.42,124.35,-25.51,-4.52,88.44,-0.55,-0.64,0.29
15.750045537948608,109,82,48,-163,-39,-84,-24,-59,-105,-24.71,21.83,126.51,-115.72,-23.99,68.79,-0.32,-1.64,1.13
15.786813020706177,111,167,61,-33,23,-17,-21,-288,-87,-27.61,18.19,127.26,-88.13,29.42,149.72,-1.70,-3.69,2.11
15.823629379272461,132,243,57,57,71,178,6,-187,-93,-26.11,19.65,129.42,-71.35,57.56,-80.63,-0.72,-0.07,1.11
15.85634732246399,123,82,89,10,63,179,-4,-60,-50,-20.39,21.61,134.41,-103.03,124.69,-213.20,0.09,1.11,0.79
15.889153242111206,80,99,62,-93,8,-44,-62,-36,-87,-16.83,22.35,138.54,-69.70,56.27,-60.42,0.51,0.74,0.26
15.930077314376831,101,252,27,-70,-50,-169,-34,-176,-133,-14.88,21.91,142.10,-56.76,57.98,-56.88,-0.36,-0.42,1.53
15.96297001838684,108,10,49,-15,9,-5,-25,-155,-104,-11.38,21.26,145.30,-31.62,84.05,-57.43,-0.46,0.52,2.06
15.995738983154297,86,28,74,-44,0,28,-54,-131,-70,-11.84,20.45,148.12,-74.04,-3.66,79.90,-0.40,0.55,1.14
16.032562017440796,97,31,55,-60,-6,-18,-39,-128,-95,-13.99,20.61,150.18,-63.66,-30.21,88.13,-0.36,-0.44,0.66
16.06535315513611,104,36,20,-38,3,9,-31,-121,-143,-15.83,20.09,149.28,-24.05,4.39,6.71,-0.27,-0.81,0.76
16.102196216583252,101,64,42,-64,-5,-8,-35,-84,-113,-15.97,19.06,148.98,-5.25,45.47,-36.50,-0.31,-0.45,0.88
16.13905644416809,95,23,33,-49,-13,-52,-42,-138,-125,-14.51,18.40,150.98,-11.17,44.62,-25.70,-0.28,0.04,0.91
16.175872087478638,95,36,34,-40,-5,10,-42,-121,-123,-14.30,18.02,152.97,-26.73,1.40,37.78,-0.37,-0.15,0.94
16.208723783493042,94,54,26,-40,-7,-11,-43,-97,-135,-16.22,18.20,152.45,-26.12,-8.54,36.56,-0.34,-0.68,0.82
16.245609998703003,99,55,27,-50,-23,-49,-37,-95,-132,-17.10,17.61,151.30,-14.34,10.93,-0.31,-0.23,-0.76,0.75
16.286417722702026,94,50,20,-51,-20,-45,-44,-103,-142,-17.18,16.80,150.45,-5.98,29.97,-32.41,-0.24,-0.40,-0.03
16.323314666748047,94,48,22,-44,-11,-35,-43,-105,-140,-16.39,16.71,151.88,-12.02,20.02,-14.71,-0.32,-0.24,0.93
16.360199689865112,100,47,23,-36,-4,-15,-35,-106,-139,-16.30,16.71,153.58,-19.96,4.52,14.04,-0.36,-0.22,0.93
16.396992921829224,104,58,22,-51,-5,-18,-31,-91,-140,-16.84,16.92,154.87,-23.13,-2.56,24.60,-0.34,-0.38,0.82
16.433910608291626,105,65,23,-78,-12,-23,-29,-83,-138,-17.81,16.75,154.28,-19.17,4.58,8.18,-0.28,-0.53,0.79
16.466781616210938,94,62,25,-87,-8,-12,-44,-86,-135,-18.22,16.18,153.57,-15.63,16.11,-9.16,-0.24,-0.48,0.86
16.50370144844055,103,36,43,-57,13,36,-31,-120,-112,-17.90,15.46,154.64,-16.72,20.69,-7.32,-0.25,-0.27,0.95
16.540393590927124,136,232,48,85,53,65,12,-203,-105,-17.71,15.06,156.16,-21.06,7.08,6.77,-0.30,-0.30,0.93
16.573203802108765,95,117,2,43,-7,24,-42,-13,-166,-18.11,14.89,156.98,-20.94,-0.12,12.63,-0.24,-0.36,0.88
16.6060209274292,127,29,248,8,21,-66,0,-130,-181,-18.59,14.93,157.14,-19.71,-1.71,9.52,-0.27,-0.43,0.89
16.63882327079773,133,50,60,29,34,37,7,-103,-89,-19.13,15.29,156.92,-18.25,-5.55,4.03,-0.27,-0.45,0.89
16.675575733184814,142,63,222,17,45,16,20,-84,-216,-19.90,15.60,156.62,-19.84,-6.04,5.07,-0.23,-0.41,0.87
16.70836639404297,98,60,243,41,13,-5,-39,-88,-187,-20.61,15.52,156.62,-22.16,-9.89,13.73,-0.25,-0.43,0.88
16.74113392829895,122,53,239,35,0,-9,-6,-98,-192,-21.35,15.30,156.99,-26.98,-13.55,22.71,-0.25,-0.42,0.90
16.773919343948364,117,48,2,43,0,5,-13,-105,-166,-22.09,15.38,157.39,-28.56,-13.18,16.17,-0.30,-0.40,0.88
16.806699752807617,109,62,13,42,0,13,-24,-86,-151,-22.51,15.50,157.99,-25.57,-7.87,11.78,-0.30,-0.30,0.91
16.839455604553223,104,69,27,44,3,13,-31,-77,-133,-22.54,15.83,159.35,-27.34,-4.76,8.85,-0.29,-0.19,0.93
16.87222981452942,124,66,36,51,-5,16,-4,-81,-121,-22.57,16.04,161.06,-26.25,-7.57,8.54,-0.32,-0.19,0.96
16.904953718185425,129,80,25,53,-5,4,2,-63,-135,-22.57,16.24,162.02,-21.67,-6.47,2.75,-0.28,-0.26,0.97
16.937678575515747,107,66,9,72,1,6,-27,-81,-157,-22.39,16.27,162.90,-19.90,-3.30,-1.89,-0.32,-0.22,0.96
16.96644353866577,92,66,5,92,6,28,-46,-81,-162,-22.11,16.70,163.95,-20.26,-5.31,-0.98,-0.34,-0.19,0.98
17.003257274627686,96,71,229,106,-9,32,-40,-74,-206,-22.04,17.09,164.61,-22.77,-10.93,2.56,-0.32,-0.29,0.94
17.040088891983032,73,66,181,96,-30,-14,-72,-81,-270,-22.22,17.25,164.66,-23.19,-8.91,0.73,-0.31,-0.31,0.92
17.07286787033081,87,0,20,75,-35,2,-53,-170,-142,-22.35,17.68,164.43,-22.64,-8.24,-3.36,-0.31,-0.33,0.89
17.10566258430481,132,32,60,74,-14,2,6,-126,-89,-22.48,17.99,164.25,-27.40,-12.15,-2.44,-0.29,-0.36,0.89
17.14247226715088,101,58,34,50,-32,-56,-34,-92,-124,-22.87,18.06,163.64,-30.21,-12.76,0.06,-0.28,-0.40,0.86
17.175241708755493,120,22,98,14,0,-23,-9,-139,-39,-23.25,18.16,163.05,-37.66,-13.12,-2.56,-0.35,-0.50,0.82
17.208029985427856,109,64,85,-65,15,9,-23,-83,-55,-23.63,18.66,162.38,-42.05,-10.93,-8.85,-0.35,-0.52,0.70
17.248923301696777,104,42,51,-115,-16,-42,-31,-112,-101,-23.83,19.37,161.93,-49.01,-4.70,-18.74,-0.37,-0.59,0.73
17.281782865524292,117,253,50,-74,0,2,-13,-174,-103,-23.85,19.94,161.79,-59.02,0.67,-23.50,-0.46,-0.66,0.81
17.318702697753906,109,23,41,-23,31,101,-23,-139,-114,-23.75,20.41,161.98,-72.27,8.67,-29.24,-0.53,-0.76,0.80
17.35548424720764,101,65,51,-42,10,64,-34,-82,-100,-23.38,20.77,162.60,-81.91,22.46,-35.10,-0.64,-0.92,1.03
17.392351627349854,93,59,43,-58,-25,-59,-44,-90,-111,-22.86,20.59,163.56,-104.61,31.31,-28.93,-0.72,-1.19,1.29
17.42923331260681,101,25,40,-46,-24,-72,-34,-136,-115,-22.99,20.59,164.66,-117.43,13.31,-5.92,-0.74,-1.06,1.32
17.466110229492188,92,18,47,-47,-6,-16,-46,-145,-106,-23.90,21.11,165.92,-113.77,3.78,2.69,-0.60,-0.44,1.35
17.502886533737183,92,28,37,-45,-5,15,-47,-132,-119,-23.04,20.28,169.02,-84.59,9.83,-39.55,0.00,0.09,1.23
17.53578472137451,97,42,29,-40,5,25,-39,-113,-130,-20.61,18.94,172.24,-45.65,33.08,-108.58,-0.03,0.29,0.95
17.568548679351807,96,54,36,-50,-4,-7,-41,-97,-121,-17.64,18.72,175.05,-12.45,-3.54,-102.29,0.20,0.69,0.56
17.609411478042603,97,51,24,-66,-13,-37,-40,-100,-136,-15.81,18.60,176.36,15.20,1.46,-33.94,0.35,0.91,0.49
17.64231038093567,95,48,20,-58,-9,-33,-42,-106,-142,-16.73,18.23,176.51,40.22,-2.32,76.60,-0.16,0.91,0.53
17.679145097732544,98,53,25,-62,-11,-34,-38,-98,-136,-19.36,19.02,175.11,110.84,-64.03,147.28,-0.20,0.48,0.30
17.716100692749023,103,66,17,-72,-15,-30,-32,-81,-146,-23.32,20.95,170.98,179.87,-87.65,168.88,-0.32,0.35,0.17
17.756893157958984,104,68,18,-102,-23,-53,-30,-78,-144,-26.63,22.72,165.66,253.11,-62.81,95.28,-0.25,0.23,0.26
17.79378628730774,98,55,21,-102,-15,-35,-38,-96,-140,-26.92,23.78,160.32,300.72,-20.02,9.03,-0.17,0.23,0.44
17.830597639083862,98,64,24,-109,-5,-12,-39,-83,-137,-26.84,23.84,155.00,298.58,-29.36,53.04,-0.25,0.14,0.75
17.86336398124695,83,58,16,-70,10,5,-59,-92,-147,-29.24,23.47,148.23,289.00,-52.43,102.23,-0.30,-0.52,0.90
17.896212577819824,131,190,55,95,63,46,4,-258,-96,-31.63,23.29,139.41,296.63,-18.68,39.31,-0.66,-0.94,0.95
17.93303418159485,0,48,243,146,-2,29,-170,-105,-188,-31.82,24.91,133.30,284.48,-14.65,-38.39,-0.29,-0.78,0.98
17.965882778167725,125,23,4,7,19,-85,-2,-138,-164,-32.44,26.53,127.23,202.27,-23.62,2.99,-0.71,-1.03,0.18
17.9985990524292,140,21,66,49,36,31,16,-140,-81,-32.15,26.74,123.35,119.87,34.79,-22.34,-0.41,-0.62,-0.19
18.031355381011963,134,72,222,19,35,0,8,-73,-215,-32.81,26.86,121.49,-23.44,-0.24,60.73,-0.54,-0.67,0.43
18.064162254333496,106,56,249,38,6,-1,-28,-94,-179,-33.65,25.48,124.01,-133.79,24.72,-13.98,-0.11,-1.49,1.01
18.101009130477905,116,39,241,36,15,11,-14,-116,-190,-36.68,22.21,125.25,-86.18,-10.86,156.86,-1.57,-3.05,2.01
18.137796878814697,113,54,250,38,3,17,-19,-98,-178,-35.51,22.95,128.10,-77.94,45.59,-72.81,-0.45,-0.01,1.00
18.1705002784729,105,71,2,42,7,26,-29,-74,-166,-30.29,24.71,133.22,-87.95,104.06,-176.82,0.26,0.96,0.77
18.20327115058899,112,84,23,49,3,33,-20,-58,-139,-27.38,24.88,136.46,-57.01,57.62,-65.00,0.31,0.62,0.52
18.236077547073364,120,82,30,63,11,30,-8,-60,-129,-25.58,24.50,139.97,-48.40,52.80,-47.73,-0.52,-0.30,1.95
18.26881241798401,120,87,22,70,3,24,-9,-52,-140,-22.06,23.95,143.42,-37.78,73.00,-42.24,-0.59,0.63,1.57
18.30162763595581,110,74,19,82,8,37,-22,-70,-143,-22.49,23.23,146.10,-69.09,-12.15,82.21,-0.26,0.25,0.85
18.33443260192871,83,92,12,109,20,40,-58,-46,-153,-25.07,22.27,146.72,-60.00,-32.41,89.05,-0.25,-0.71,0.69
18.371222019195557,74,86,241,141,2,51,-70,-54,-190,-25.75,21.19,146.04,-23.25,17.15,-5.80,-0.28,-0.84,0.87
18.408102989196777,102,82,166,111,-43,-46,-33,-60,-290,-24.70,20.79,147.15,-16.97,36.74,-25.88,-0.35,-0.27,0.80
18.44496512413025,142,200,85,75,-35,-67,19,-244,-55,-23.72,20.37,149.31,-29.24,24.66,0.06,-0.35,-0.12,0.89
18.481945753097534,124,199,96,57,-19,-25,-3,-246,-41,-23.93,20.07,150.77,-33.14,-0.61,30.15,-0.32,-0.50,0.84
18.510587215423584,129,26,88,7,-5,43,3,-134,-51,-24.91,19.00,150.35,-35.22,2.32,30.33,-0.23,-0.66,0.80
18.547338008880615,100,69,66,-72,3,-16,-36,-77,-81,-25.62,18.31,149.57,-29.42,13.61,8.12,-0.25,-0.62,0.76
18.580129861831665,122,2,53,-78,10,17,-6,-166,-98,-25.19,17.53,149.89,-20.02,25.63,-19.23,-0.27,-0.43,0.86
18.612967252731323,98,8,45,-35,58,98,-38,-158,-109,-24.61,17.14,151.44,-29.60,9.28,6.65,-0.27,-0.34,0.90
18.649752140045166,112,67,59,-48,33,99,-19,-80,-90,-24.77,16.89,152.74,-32.41,4.58,20.32,-0.29,-0.32,0.84
18.682704210281372,101,49,39,-30,17,24,-35,-103,-117,-25.07,17.14,153.65,-35.34,-2.50,19.04,-0.34,-0.48,0.85
18.72357940673828,100,47,49,-35,-14,-18,-35,-106,-103,-25.49,17.16,153.49,-31.13,7.02,1.89,-0.28,-0.52,0.83
18.760425806045532,100,25,51,-35,-16,-54,-35,-135,-101,-25.17,16.59,154.37,-30.46,13.49,-2.62,-0.20,-0.28,0.94
18.797513246536255,101,18,48,-33,-6,-13,-34,-144,-105,-24.88,16.24,156.11,-34.00,3.05,5.19,-0.32,-0.28,0.94
18.83415699005127,98,36,40,-33,3,-5,-38,-121,-116,-25.03,16.21,156.79,-31.68,-8.73,4.82,-0.21,-0.43,0.90
18.870945930480957,103,40,32,-39,2,-17,-32,-115,-126,-25.13,15.99,156.92,-29.72,3.48,-2.01,-0.23,-0.41,0.89
18.903930187225342,95,39,30,-37,5,-10,-42,-117,-129,-24.85,15.89,157.87,-33.81,7.81,-6.10,-0.32,-0.33,0.95
18.94060468673706,101,45,34,-40,6,-11,-35,-108,-124,-24.62,16.00,158.97,-37.41,0.00,-1.77,-0.32,-0.31,0.92
18.977394819259644,99,46,31,-58,-2,-16,-37,-108,-128,-24.57,16.11,159.99,-38.39,-2.62,3.36,-0.30,-0.31,0.91
19.014214754104614,91,47,28,-59,-1,-10,-48,-106,-131,-24.53,16.13,160.99,-38.57,-1.71,-0.49,-0.28,-0.29,0.96
19.051100254058838,91,46,28,-62,-8,-16,-47,-107,-132,-24.24,16.34,162.41,-38.09,-2.32,-3.17,-0.30,-0.19,0.97
19.087960720062256,104,50,29,-59,-9,-35,-30,-102,-130,-23.89,16.54,163.83,-35.58,-4.03,-1.77,-0.34,-0.19,0.99
19.124852657318115,99,49,21,-52,-16,-35,-37,-103,-141,-23.67,16.84,164.83,-34.79,-7.81,-1.65,-0.30,-0.23,0.95
19.16169309616089,96,56,32,-48,-17,-43,-41,-94,-127,-23.46,17.05,165.67,-35.28,-6.90,-1.65,-0.31,-0.23,0.98
19.1985924243927,104,65,18,-61,-18,-51,-30,-82,-145,-23.29,17.02,166.82,-35.22,-7.14,-1.71,-0.28,-0.19,0.93
19.235429525375366,100,51,43,-72,-16,-44,-36,-101,-112,-23.12,16.98,167.71,-33.57,-9.77,-4.27,-0.29,-0.23,0.94
19.272313833236694,112,28,46,-55,6,-16,-19,-132,-108,-23.00,17.10,168.21,-32.17,-11.05,-7.14,-0.28,-0.25,0.95
19.30916452407837,116,247,45,31,35,21,-15,-182,-109,-22.83,17.24,168.51,-35.83,-9.95,-10.38,-0.28,-0.27,0.89
19.345983743667603,59,14,4,124,82,35,-90,-151,-164,-22.93,17.91,168.07,-39.55,-11.72,-9.46,-0.35,-0.41,0.80
19.37881088256836,78,100,26,-20,36,-35,-65,-35,-134,-23.04,18.50,167.62,-48.03,-9.28,-14.89,-0.38,-0.48,0.83
19.415643453598022,121,19,33,23,11,-14,-8,-143,-125,-23.11,19.17,167.41,-57.31,-6.41,-18.55,-0.42,-0.55,0.79
19.45249605178833,160,47,255,21,47,31,43,-106,-171,-23.13,19.87,167.38,-65.61,-3.91,-24.72,-0.50,-0.64,-0.63
19.48934817314148,111,25,233,33,25,28,-21,-135,-201,-22.86,20.44,167.81,-78.43,7.93,-33.20,-0.65,-0.85,0.93
19.522130250930786,121,54,245,13,7,30,-8,-97,-185,-22.36,20.58,168.68,-103.21,29.36,-35.83,-0.82,-1.07,1.17
19.558979034423828,121,47,251,19,-12,20,-7,-107,-176,-22.39,20.61,170.07,-122.80,22.09,-6.77,-0.92,-1.14,1.27
19.5917751789093,100,97,3,21,-14,19,-35,-40,-165,-23.35,21.00,171.56,-132.51,-4.94,24.05,-0.72,-0.88,1.19
19.628600120544434,106,115,13,42,-12,4,-28,-16,-151,-24.03,20.84,172.68,-102.60,-1.89,-5.13,-0.21,-0.25,1.23
19.661410808563232,118,105,19,66,-5,3,-11,-29,-143,-22.75,19.58,174.99,-59.51,22.28,-89.05,0.00,0.03,1.15
19.694165229797363,112,95,19,86,0,10,-19,-42,-144,-19.64,18.18,177.37,-24.23,9.95,-119.45,0.12,0.25,0.86
19.73099112510681,79,69,12,115,24,39,-64,-76,-154,-17.11,17.41,179.05,20.45,-17.58,-67.81,0.23,0.50,0.73
19.763786554336548,92,64,253,135,21,80,-47,-83,-174,-15.46,16.37,179.68,40.34,18.62,-48.16,0.20,0.93,0.88
19.80069899559021,66,97,168,110,-35,-23,-81,-39,-287,-15.27,15.86,-179.99,59.14,-19.84,56.40,-0.10,0.73,0.47
19.837529182434082,122,238,48,86,-27,-48,-7,-194,-105,-17.88,17.33,178.11,122.68,-67.20,135.13,-0.17,0.58,0.22
19.874351263046265,129,11,35,80,-4,-56,2,-155,-122,-21.42,19.15,173.89,207.95,-86.36,156.31,-0.29,0.63,0.12
19.90715003013611,127,253,74,26,-44,-13,0,-174,-71,-24.65,20.91,168.26,258.79,-80.99,126.46,-0.21,0.37,0.30
19.944156885147095,122,70,108,-73,16,34,-6,-75,-24,-26.31,21.98,162.35,310.97,-24.90,48.03,-0.21,0.23,0.38
19.980875492095947,115,49,45,-139,-14,-42,-16,-103,-109,-27.29,22.31,156.30,314.21,-19.41,69.21,-0.40,0.03,0.77
20.01773762702942,105,226,60,-39,54,75,-29,-211,-89,-29.94,22.40,148.94,309.33,-39.67,107.97,-0.27,-0.83,0.91
20.054561138153076,116,65,54,-34,62,163,-14,-82,-96,-31.37,21.81,139.91,318.30,28.81,-34.97,-0.74,-1.11,1.02
20.087368726730347,95,91,37,-67,24,37,-43,-47,-119,-29.67,23.52,134.56,298.95,-7.75,-110.35,-0.22,-0.59,1.00
20.128286600112915,100,47,32,-66,-13,-61,-35,-106,-126,-31.29,24.82,127.98,208.31,-40.95,23.07,-0.47,-1.03,-0.02
20.16517162322998,101,26,41,-70,-15,-59,-34,-134,-114,-31.12,24.81,124.90,83.68,36.13,1.59,-0.51,-0.45,-0.19
20.202062606811523,76,7,47,-70,-7,-21,-68,-160,-107,-31.59,25.45,125.20,-49.13,0.43,59.88,-0.50,-0.50,0.43
20.234809398651123,91,35,32,-58,2,25,-47,-123,-126,-31.96,24.43,127.52,-138.31,14.28,-39.25,-0.46,-3.60,1.64
20.271669387817383,93,58,31,-73,-11,-15,-45,-91,-127,-33.78,20.91,129.41,-63.48,14.65,24.90,-1.57,-1.69,1.85
20.308533191680908,98,39,26,-76,-21,-50,-38,-117,-135,-28.94,22.09,134.28,-102.91,142.88,-222.05,0.45,1.15,0.96
20.345382928848267,97,41,22,-70,-25,-38,-40,-114,-140,-22.72,22.46,140.09,-112.37,137.02,-169.62,0.30,1.47,0.28
20.382272243499756,99,41,33,-73,-25,-48,-36,-114,-125,-20.91,22.52,143.48,-77.39,10.31,-18.68,-0.34,0.40,0.53
20.423241138458252,104,50,23,-70,-21,-32,-31,-103,-139,-18.67,21.48,147.41,-61.95,109.74,-60.06,-0.67,0.23,2.69
20.46018958091736,101,62,26,-86,-25,-58,-35,-86,-134,-17.99,20.31,150.77,-79.04,24.96,55.60,-0.30,0.50,1.24
20.4969482421875,99,47,24,-71,-17,-43,-36,-106,-137,-19.57,19.87,153.26,-57.43,-13.12,65.31,-0.29,-0.17,0.60
20.533778190612793,103,43,37,-44,0,-18,-32,-112,-120,-20.79,19.11,152.60,-37.29,-0.31,8.30,-0.11,-0.74,0.66
20.566694736480713,99,27,34,-5,17,6,-36,-133,-123,-20.24,18.06,151.95,-5.31,52.37,-46.94,-0.33,-0.53,0.99
20.603412866592407,147,211,33,132,68,44,26,-231,-125,-18.11,17.16,153.92,-5.55,60.49,-45.04,-0.33,0.14,1.01
20.63615608215332,156,116,61,0,25,1,38,-14,-88,-17.06,16.75,156.08,-25.27,20.63,5.37,-0.43,0.13,1.02
20.6730215549469,108,33,228,22,21,-46,-25,-124,-207,-17.61,17.14,157.26,-27.04,-4.64,24.54,-0.33,-0.50,0.83
20.705814361572266,104,53,57,23,36,17,-30,-98,-93,-18.37,16.79,156.11,-14.34,17.21,-2.32,-0.23,-0.73,0.75
20.73854923248291,138,83,0,23,36,29,15,-59,-170,-18.02,15.94,155.74,-7.81,37.23,-28.14,-0.22,-0.45,0.88
20.771324157714844,129,79,232,21,18,0,2,-63,-202,-16.99,15.52,156.98,-11.41,36.01,-25.94,-0.33,-0.16,0.93
20.80419373512268,110,53,243,36,20,24,-22,-98,-188,-16.49,15.39,158.67,-21.61,17.76,6.96,-0.39,-0.17,0.93
20.836901903152466,127,57,248,39,5,15,0,-93,-180,-16.89,15.63,159.90,-24.35,3.78,22.52,-0.44,-0.30,0.88
20.869657039642334,117,44,9,37,-2,6,-13,-110,-157,-17.60,16.18,159.73,-21.85,2.69,10.93,-0.28,-0.49,0.82
20.902437686920166,107,64,28,42,0,13,-26,-83,-132,-17.90,15.80,159.38,-19.35,21.42,-10.99,-0.23,-0.47,0.89
20.939254999160767,118,82,29,45,-9,10,-11,-60,-131,-17.60,15.05,160.42,-21.91,23.56,-3.72,-0.19,-0.19,0.98
20.972019910812378,124,76,25,57,-9,3,-4,-68,-135,-17.43,14.69,162.02,-24.90,5.37,9.77,-0.28,-0.12,1.00
21.004796266555786,106,60,17,73,3,26,-28,-90,-146,-17.73,14.47,162.94,-23.56,-1.77,15.20,-0.22,-0.28,0.93
21.037551164627075,99,73,7,93,10,48,-36,-72,-159,-18.10,14.30,162.98,-16.42,2.81,1.22,-0.22,-0.41,0.89
21.07441806793213,100,64,240,101,-10,33,-35,-84,-192,-18.11,14.17,163.10,-11.35,6.71,-3.05,-0.27,-0.28,0.98
21.11128258705139,76,53,175,103,-18,-4,-67,-98,-279,-17.96,14.25,164.04,-16.60,-3.05,1.95,-0.35,-0.17,0.98
21.144065380096436,59,22,1,83,-22,28,-90,-140,-167,-18.09,14.99,164.65,-16.97,-21.61,4.27,-0.32,-0.25,0.94
