4.1872878074646,121,109,249,46,24,7,-8,-24,-179,-7.51,0.00,0.00,-135.19,25.27,26.86,-0.13,-0.16,1.15
4.203428030014038,111,86,255,42,17,-6,-21,-54,-172,-7.51,0.00,0.00,-105.96,15.56,-24.66,-0.25,0.18,1.09
4.223862886428833,117,87,0,47,22,18,-13,-53,-171,-7.51,0.00,0.00,-63.29,-11.05,-65.80,0.22,0.55,1.08
4.244517803192139,116,105,254,49,15,26,-14,-29,-173,-7.51,0.00,0.00,-37.11,-2.08,-59.57,0.48,0.71,1.05
4.264996290206909,119,121,251,43,13,7,-10,-8,-177,-7.51,0.00,0.00,-7.81,22.64,5.80,0.40,0.88,1.05
4.2812817096710205,121,103,0,52,15,16,-7,-31,-170,-7.51,0.00,0.00,5.43,23.68,50.29,0.22,0.95,0.92
4.305930852890015,110,112,252,51,17,6,-23,-20,-176,-5.46,-0.14,-1.59,23.80,5.00,77.88,0.07,0.63,0.65
4.326443672180176,115,105,255,52,28,5,-16,-29,-171,-3.22,-0.49,-4.08,72.75,-11.05,68.79,0.10,0.55,0.40
4.3467066287994385,111,104,254,59,30,19,-21,-30,-173,-1.55,-1.02,-7.69,112.24,-7.87,44.92,0.09,0.51,0.29
4.371447563171387,115,101,247,67,18,1,-16,-34,-182,-0.62,-1.69,-12.31,164.92,-19.10,1.10,0.08,0.56,0.42
4.391896724700928,112,100,249,74,12,-3,-19,-36,-179,-0.25,-2.63,-17.78,192.81,-29.30,-22.03,0.03,0.57,0.64
4.416644334793091,117,109,243,85,13,-6,-13,-23,-188,0.13,-3.72,-23.66,206.24,-30.40,-20.87,0.02,0.63,0.79
4.4369261264801025,116,106,233,100,10,-23,-14,-27,-200,1.09,-4.46,-29.93,207.95,-34.24,14.89,-0.11,0.60,0.61
4.4615747928619385,98,131,219,124,18,-4,-39,5,-219,2.81,-4.66,-36.14,222.41,-52.49,36.62,-0.19,0.56,0.64
4.481961965560913,92,132,205,147,26,-14,-46,6,-238,4.97,-4.95,-42.67,231.51,-66.35,36.74,-0.14,0.48,0.80
4.502367734909058,53,105,192,169,46,-7,-99,-29,-255,7.19,-5.46,-49.27,229.55,-71.35,27.34,-0.13,0.31,0.96
4.527153730392456,79,102,198,190,68,94,-64,-32,-248,9.41,-5.87,-55.92,230.47,-71.35,17.03,-0.21,0.16,0.92
4.551755666732788,119,93,239,153,35,21,-11,-45,-192,11.60,-6.07,-62.92,235.05,-67.99,1.16,-0.42,-0.11,0.88
4.572050333023071,120,22,27,72,8,-47,-9,-140,-132,13.46,-6.13,-69.57,230.77,-58.59,-18.07,-0.54,-0.18,1.04
4.592545032501221,211,228,73,11,58,87,112,-207,-71,15.17,-6.24,-75.83,214.54,-55.18,-22.77,-0.59,-0.26,0.98
4.617228031158447,158,89,57,-42,66,125,40,-51,-93,16.57,-5.89,-81.10,163.94,-30.82,-7.45,-0.67,-0.53,0.75
4.637633562088013,131,93,95,-160,-17,-43,4,-45,-42,17.18,-5.54,-84.39,107.48,-5.80,-7.51,-0.54,-0.99,0.57
4.6623852252960205,144,29,89,-242,-90,-133,22,-131,-50,17.55,-4.90,-86.29,35.64,7.45,18.07,-0.36,-1.18,0.65
4.682796955108643,155,47,45,-278,-102,-76,36,-106,-109,17.66,-4.30,-87.00,-12.21,19.65,8.30,-0.24,-0.74,0.80
4.707451820373535,133,253,46,-280,-100,54,8,-175,-108,17.42,-3.92,-87.02,-66.47,37.78,-3.66,-0.38,-0.44,0.90
4.7278101444244385,133,42,29,-272,-117,124,7,-113,-131,16.85,-3.63,-86.40,-89.11,55.11,-20.81,-0.44,0.05,0.94
4.748185157775879,102,96,21,-300,-80,112,-32,-40,-141,16.04,-3.12,-85.49,-89.54,52.06,-8.06,-0.61,-0.14,1.03
4.772998094558716,81,95,236,-303,-75,-28,-60,-42,-196,15.70,-3.66,-85.47,-36.56,39.92,-77.51,-0.61,-0.84,0.98
4.793363332748413,90,152,244,-242,-40,53,-48,32,-187,15.11,-5.18,-86.03,-31.98,45.65,-95.21,-0.33,-0.17,1.45
4.817963600158691,77,188,14,-117,1,7,-66,81,-151,14.07,-6.59,-85.96,-70.37,70.31,-54.08,-0.20,0.27,1.13
4.838288307189941,114,195,0,5,16,-15,-17,91,-168,13.10,-6.50,-85.33,-77.27,66.10,-11.35,-0.16,0.60,0.85
4.8630852699279785,83,117,243,87,44,-38,-58,-13,-187,12.44,-6.07,-84.77,-65.25,41.81,6.77,-0.09,0.28,0.96
4.883418560028076,141,96,15,95,64,-67,18,-41,-149,12.31,-5.73,-85.00,-47.79,31.43,0.49,-0.10,-0.20,1.09
4.903788805007935,113,157,230,72,24,-89,-18,39,-205,12.16,-5.47,-85.56,-32.10,37.11,-1.10,-0.16,-0.06,0.99
4.9285407066345215,160,30,1,93,5,-161,44,-129,-168,11.85,-4.90,-86.00,-42.54,35.77,15.63,-0.16,0.18,1.13
4.953204393386841,137,239,47,111,70,-6,12,-193,-107,11.96,-3.95,-86.43,-38.64,13.79,37.96,-0.15,-0.04,1.07
4.973568439483643,106,92,244,77,61,41,-28,-47,-186,12.46,-2.71,-87.10,-33.69,2.50,41.87,-0.12,-0.31,1.04
4.994008541107178,110,110,237,52,39,-13,-22,-22,-196,12.91,-1.68,-87.76,-30.46,4.21,25.39,-0.15,-0.40,0.98
5.01869797706604,133,92,252,48,29,0,8,-46,-176,13.34,-0.84,-88.59,-25.76,1.46,21.85,-0.19,-0.22,0.89
5.039045333862305,129,120,248,56,33,23,2,-9,-181,13.75,0.04,-89.35,-31.25,1.10,23.68,-0.21,-0.15,1.01
5.063809156417847,114,124,254,60,32,19,-17,-3,-173,14.19,1.23,-90.04,-37.17,-6.47,38.27,-0.20,-0.28,0.91
5.084073305130005,120,96,1,64,29,25,-9,-40,-168,14.72,2.39,-90.63,-36.13,-7.14,27.77,-0.21,-0.40,0.89
5.1088762283325195,118,122,255,60,21,10,-12,-7,-172,15.11,3.24,-91.17,-39.12,-2.14,16.48,-0.22,-0.40,0.88
5.1292266845703125,121,106,253,53,23,-1,-8,-27,-174,15.36,3.85,-91.68,-40.47,2.99,4.94,-0.27,-0.34,0.89
5.149604558944702,120,93,4,58,23,4,-9,-45,-163,15.50,4.31,-92.18,-41.32,6.23,-0.61,-0.26,-0.19,0.96
5.174251317977905,118,94,251,57,18,-9,-11,-43,-176,15.58,4.67,-92.69,-41.99,6.90,-3.91,-0.25,-0.12,1.00
5.194598913192749,127,72,0,56,21,5,0,-73,-169,15.69,4.99,-93.20,-41.38,3.85,-4.88,-0.25,-0.19,0.95
5.219416618347168,119,76,253,56,17,12,-11,-67,-174,15.81,5.32,-93.66,-43.40,4.88,-6.71,-0.26,-0.27,0.91
5.2397966384887695,116,99,249,55,11,2,-15,-37,-180,15.87,5.69,-94.07,-45.96,8.67,-4.88,-0.30,-0.27,0.91
5.26032829284668,121,119,250,68,7,-5,-8,-10,-178,15.79,6.01,-94.41,-50.78,13.85,-2.44,-0.24,-0.27,0.92
5.285102367401123,116,123,231,89,4,-13,-14,-5,-204,15.63,6.49,-94.70,-54.02,15.87,2.32,-0.23,-0.28,0.94
5.309598922729492,110,112,227,109,11,-4,-23,-20,-208,15.45,7.05,-94.97,-58.96,13.12,6.59,-0.26,-0.27,0.94
5.329930782318115,98,129,211,130,12,-8,-38,2,-231,15.28,7.54,-95.04,-64.21,14.53,-1.22,-0.24,-0.35,0.95
5.350481033325195,64,137,194,155,21,-26,-84,13,-252,15.10,7.87,-94.98,-69.21,14.47,-9.16,-0.28,-0.40,0.99
5.375088691711426,68,99,180,173,46,11,-78,-37,-271,14.91,8.00,-94.79,-77.70,14.16,-14.34,-0.26,-0.36,1.06
5.395544528961182,112,132,219,176,83,117,-20,7,-219,14.75,8.16,-94.40,-86.24,15.44,-13.92,-0.30,-0.43,1.06
5.415849685668945,147,60,0,122,24,-42,26,-89,-170,14.55,8.43,-93.75,-95.83,16.30,-10.93,-0.43,-0.57,1.06
5.440703392028809,161,219,38,62,-31,-9,45,-220,-118,14.28,9.01,-92.65,-111.39,17.88,-5.25,-0.59,-0.71,1.07
5.465271949768066,107,25,65,-4,56,214,-26,-136,-83,13.85,9.67,-91.18,-126.71,26.55,-6.90,-0.74,-0.63,1.14
5.485616207122803,76,123,52,-102,41,68,-67,-5,-100,13.12,10.23,-89.47,-142.03,45.17,-14.34,-0.77,-0.46,1.42
5.506050109863281,131,69,103,-220,-64,-171,5,-77,-31,12.15,10.99,-87.67,-149.11,41.69,14.89,-0.65,-0.33,1.36
5.5309977531433105,153,22,60,-278,-116,-142,35,-139,-89,11.71,13.04,-85.82,-144.10,22.64,60.61,-0.24,-0.08,1.23
5.555466413497925,146,23,57,-302,-102,-36,25,-138,-93,11.30,13.78,-84.41,-120.67,14.10,6.16,-0.18,0.44,1.23
5.575804233551025,141,5,41,-271,-113,132,18,-162,-115,11.39,13.12,-83.68,-76.17,-30.52,-32.90,0.06,0.67,1.15
5.596218585968018,123,70,27,-279,-96,152,-4,-76,-133,12.32,12.25,-83.61,-44.01,-37.96,-0.67,0.47,0.54,0.91
5.621021509170532,85,126,7,-327,-66,17,-55,0,-159,12.62,12.68,-84.50,0.73,15.38,54.38,0.13,0.77,0.95
5.641341686248779,78,68,216,-271,-55,25,-64,-79,-223,12.13,13.34,-86.25,26.55,23.01,25.45,0.06,0.66,0.75
5.666048288345337,45,184,247,-208,-7,74,-109,75,-182,11.64,13.21,-88.77,66.35,23.19,-2.26,0.02,0.60,0.59
5.686323881149292,93,209,11,-62,22,-2,-45,109,-155,11.22,12.29,-92.20,108.89,13.55,-39.61,0.11,0.68,0.40
5.71111798286438,112,164,238,58,55,6,-20,49,-194,11.38,10.62,-96.16,145.45,1.22,-43.46,0.19,0.76,0.27
5.731451034545898,101,126,1,116,40,-109,-34,-1,-167,11.97,9.48,-100.78,177.86,-21.61,-27.16,0.12,0.71,0.47
5.751765489578247,94,130,251,50,45,-125,-43,4,-177,12.83,9.08,-105.86,191.47,-39.92,-0.55,0.08,0.68,0.69
5.776523590087891,56,82,191,73,86,-92,-94,-60,-257,13.58,9.50,-111.11,197.63,-43.09,35.16,0.05,0.64,0.68
5.801271438598633,129,56,5,112,31,-57,2,-94,-162,14.26,11.14,-116.70,205.26,-57.43,59.02,-0.06,0.67,0.60
5.821526050567627,123,79,25,98,32,-32,-5,-64,-136,14.97,13.24,-122.15,215.76,-75.62,67.75,-0.11,0.51,0.61
5.84187388420105,130,74,250,69,31,-33,4,-70,-179,15.51,15.29,-128.11,230.59,-75.26,48.22,-0.18,0.27,0.70
5.8668859004974365,137,73,250,63,35,-7,12,-71,-179,16.08,16.85,-134.40,244.45,-65.80,9.70,-0.21,0.22,0.80
5.8870484828948975,115,103,237,64,35,22,-16,-32,-196,16.69,17.74,-140.80,248.35,-53.77,-12.15,-0.38,0.21,0.93
5.911717414855957,117,110,1,43,27,0,-12,-22,-168,17.44,18.64,-147.16,240.60,-54.69,-33.94,-0.51,0.00,1.02
5.932027578353882,114,98,249,48,20,3,-17,-38,-179,18.46,20.05,-153.68,231.51,-70.07,-29.36,-0.57,-0.15,1.19
5.957045316696167,110,101,0,53,23,23,-22,-34,-169,19.07,21.44,-159.48,187.99,-49.01,-13.85,-0.66,-0.51,0.92
5.977146863937378,123,116,251,45,17,18,-5,-14,-176,18.71,22.73,-164.14,144.59,-16.97,-0.61,-0.68,-0.71,0.48
6.002107858657837,118,102,0,50,15,17,-11,-32,-171,18.12,23.23,-167.52,66.47,3.66,12.63,-0.49,-1.15,0.52
6.022217750549316,118,112,0,41,15,-1,-11,-19,-170,16.88,23.21,-169.40,6.77,13.49,26.92,-0.28,-1.11,0.69
6.047133207321167,109,94,251,51,13,4,-23,-44,-177,15.38,22.76,-170.56,-51.15,31.31,15.56,-0.28,-0.65,0.77
6.067259073257446,112,113,248,56,19,20,-19,-18,-181,14.28,21.89,-170.48,-89.11,47.24,1.10,-0.35,-0.30,0.89
6.091983318328857,117,119,251,61,33,17,-12,-11,-177,13.94,20.67,-169.23,-86.18,58.96,-15.01,-0.70,-0.07,0.93
6.112395763397217,106,119,247,78,29,1,-28,-10,-182,13.69,20.47,-169.12,-52.86,37.05,-41.08,-0.41,-0.64,0.77
6.1372246742248535,112,118,241,92,17,-23,-20,-12,-190,15.54,19.30,-169.14,-23.38,51.03,-122.99,-0.67,-0.78,1.35
6.157591819763184,119,92,236,108,22,-16,-11,-46,-197,17.24,17.19,-168.42,-51.33,68.05,-90.33,-0.27,0.20,1.47
6.182085037231445,103,122,227,125,23,-11,-32,-6,-209,18.13,14.57,-165.49,-80.87,77.82,-31.56,-0.27,0.69,1.04
6.202429533004761,89,132,218,143,34,1,-50,7,-221,17.97,12.73,-162.03,-89.72,63.05,6.04,-0.09,0.50,0.82
6.227161645889282,56,127,190,173,50,1,-94,0,-258,17.20,11.11,-160.70,-58.41,31.13,14.34,-0.01,-0.11,1.02
6.247720718383789,86,106,194,189,68,49,-54,-28,-253,16.54,10.17,-161.20,-40.71,34.97,2.26,-0.13,-0.22,1.05
6.272383451461792,117,96,220,169,60,44,-13,-40,-218,15.92,9.26,-161.34,-42.79,36.62,14.04,-0.20,0.17,1.14
6.292665481567383,136,23,12,89,12,-45,11,-138,-153,14.95,8.84,-160.96,-44.43,23.13,36.01,-0.11,0.02,1.08
6.317362070083618,239,220,68,22,-23,-1,148,-218,-78,13.59,8.70,-161.43,-39.12,9.70,44.86,-0.15,-0.30,1.07
6.3377180099487305,214,57,52,-35,35,111,115,-94,-100,12.51,8.75,-162.24,-36.25,7.08,29.79,-0.13,-0.42,1.00
6.3581507205963135,116,104,100,-145,-19,-23,-14,-30,-35,11.63,8.86,-163.14,-27.77,2.75,24.05,-0.15,-0.20,0.99
6.383162021636963,146,36,91,-248,-85,-130,25,-122,-48,10.75,9.18,-163.61,-31.62,0.85,29.79,-0.26,-0.08,1.02
6.4032981395721436,166,23,49,-282,-109,-86,51,-138,-103,9.71,9.79,-164.07,-37.78,-12.21,44.86,-0.19,-0.19,0.97
6.427934646606445,131,3,47,-291,-106,54,5,-165,-107,8.44,10.42,-164.93,-36.38,-7.08,37.35,-0.19,-0.37,0.88
6.448473930358887,131,39,34,-290,-117,110,5,-116,-124,7.46,10.71,-165.76,-37.54,-0.06,21.24,-0.21,-0.32,0.92
6.473327159881592,85,88,21,-316,-85,105,-56,-51,-141,6.74,10.88,-166.29,-41.81,0.55,12.63,-0.22,-0.25,0.89
6.493432283401489,71,108,228,-324,-74,-22,-74,-24,-207,6.14,11.11,-166.69,-41.87,1.22,8.42,-0.23,-0.18,0.93
6.513747692108154,86,148,242,-257,-40,46,-54,28,-189,5.77,11.18,-166.84,-42.18,3.85,-2.75,-0.23,-0.14,0.98
6.538812875747681,68,216,11,-114,1,-5,-78,118,-154,5.56,11.19,-167.05,-40.22,5.07,-9.52,-0.24,-0.18,0.97
6.5631103515625,126,184,249,52,20,-27,-1,75,-179,5.33,11.31,-167.26,-42.24,5.98,-7.69,-0.26,-0.19,0.97
6.5835230350494385,111,66,4,148,66,-32,-21,-81,-163,4.94,11.52,-167.54,-46.81,6.59,-3.17,-0.29,-0.28,0.89
6.603914260864258,41,78,236,129,119,83,-114,-65,-197,4.36,11.75,-167.86,-51.94,7.26,5.19,-0.26,-0.32,0.92
6.628886938095093,63,205,182,54,59,-47,-84,103,-269,3.68,11.88,-168.06,-56.15,6.77,8.36,-0.24,-0.32,0.93
6.64908766746521,82,40,246,93,17,-153,-60,-115,-183,2.95,11.97,-168.23,-61.83,6.71,11.05,-0.22,-0.35,0.94
6.6737236976623535,121,27,39,116,40,29,-8,-133,-116,2.06,12.05,-168.26,-66.65,8.85,9.95,-0.24,-0.34,0.94
6.694042205810547,151,128,240,51,45,-6,32,0,-191,1.39,12.04,-168.11,-74.46,10.99,-0.55,-0.26,-0.33,0.98
6.7189953327178955,133,46,237,61,49,-27,8,-108,-196,0.98,12.06,-167.74,-79.65,11.47,-8.91,-0.29,-0.35,1.00
6.739175081253052,114,106,246,59,24,34,-17,-28,-184,0.67,11.95,-167.20,-87.10,9.52,-12.39,-0.27,-0.35,1.07
6.759536981582642,123,124,244,42,28,-2,-5,-4,-186,0.38,12.17,-166.57,-93.93,8.91,-9.64,-0.39,-0.48,1.07
6.784303665161133,115,91,0,56,18,13,-16,-48,-170,0.04,12.37,-165.80,-103.15,12.08,-7.87,-0.58,-0.70,1.09
6.804637670516968,120,105,251,53,14,16,-8,-28,-177,-0.32,12.65,-164.55,-117.55,20.94,-12.08,-0.73,-0.67,1.17
6.829314231872559,122,114,255,48,7,-4,-7,-16,-172,-0.65,12.87,-162.82,-134.58,41.14,-13.12,-0.95,-0.50,1.29
6.849655866622925,124,83,3,47,5,-5,-3,-59,-165,-1.10,12.73,-160.71,-144.10,55.79,-10.31,-0.83,-0.26,1.41
6.874456405639648,113,90,246,48,9,16,-18,-49,-183,-3.06,12.86,-158.75,-158.20,32.90,68.36,-0.22,-0.19,1.22
6.894747972488403,114,115,0,41,5,7,-17,-15,-168,-4.82,12.76,-157.16,-124.39,8.12,20.51,-0.17,0.02,1.08
6.919512748718262,108,122,252,47,1,-13,-25,-6,-175,-4.33,12.63,-155.04,-74.22,-29.11,-45.59,-0.07,0.43,1.14
6.939873695373535,110,119,245,72,17,14,-23,-10,-185,-3.11,11.32,-153.41,-45.29,-22.09,-41.26,0.55,0.56,1.10
6.964672088623047,107,130,243,86,13,-8,-26,3,-187,-3.44,10.03,-152.25,-15.63,9.34,27.53,0.29,1.00,1.07
6.985004186630249,110,114,236,102,15,-17,-22,-17,-196,-4.69,9.37,-151.26,8.67,10.13,66.41,0.14,0.90,0.85
7.005430698394775,119,105,231,118,12,-13,-10,-29,-203,-6.10,9.30,-151.06,43.21,-1.53,74.95,0.13,0.46,0.54
7.03041672706604,100,127,227,138,19,-16,-36,0,-208,-6.86,8.39,-152.02,96.68,13.92,14.28,0.07,0.46,0.37
7.050389289855957,80,150,202,164,34,-2,-63,30,-242,-6.45,7.19,-153.72,141.05,12.70,-28.50,0.15,0.60,0.27
7.075122117996216,58,109,191,185,47,0,-91,-23,-257,-5.49,6.16,-156.34,186.65,-3.60,-43.64,0.17,0.80,0.43
7.095613479614258,101,125,218,189,49,34,-34,-2,-221,-4.57,5.75,-159.19,199.16,-23.38,-29.91,0.06,0.72,0.62
7.120421648025513,139,63,227,122,-8,-106,16,-85,-209,-3.93,6.03,-162.33,212.04,-43.33,-3.05,0.10,0.73,0.67
7.140773296356201,193,246,31,40,-35,-94,88,-183,-128,-4.23,7.00,-165.66,217.77,-46.33,32.78,-0.08,0.64,0.56
7.161091089248657,158,235,60,2,15,108,41,-198,-88,-4.94,8.67,-169.27,225.04,-59.14,44.56,-0.15,0.58,0.61
7.186047792434692,146,89,76,-82,23,117,25,-50,-67,-5.96,10.75,-173.22,230.16,-76.84,68.24,-0.19,0.40,0.75
7.210579872131348,123,82,125,-185,-15,3,-5,-59,-3,-7.19,12.82,-177.45,240.05,-72.69,43.52,-0.28,0.19,0.77
7.230815410614014,143,38,79,-261,-84,-73,21,-118,-64,-7.94,15.24,177.37,251.77,-54.99,6.10,-0.44,0.02,0.84
7.251304388046265,163,39,44,-285,-72,-10,48,-117,-110,-7.76,17.34,171.66,252.99,-37.35,-56.52,-0.51,-0.32,1.00
7.275881767272949,137,18,56,-309,-106,43,13,-145,-95,-7.06,19.34,166.41,249.45,-41.87,-74.83,-0.64,-0.20,1.24
7.300639629364014,119,46,24,-321,-107,75,-10,-108,-137,-5.90,21.01,162.40,195.07,-34.73,-48.34,-0.63,-0.32,1.01
7.320930480957031,84,71,20,-327,-77,88,-57,-74,-142,-6.46,22.78,158.19,145.75,-10.62,-6.23,-0.73,-0.71,0.48
7.34152889251709,85,107,223,-314,-70,-1,-56,-27,-214,-7.63,23.15,154.73,58.96,5.62,29.17,-0.40,-1.09,0.56
7.366008520126343,45,193,244,-238,-12,43,-109,88,-186,-9.52,22.12,152.79,-4.33,9.89,45.78,-0.21,-1.15,0.72
7.386445760726929,88,228,5,-45,14,33,-52,135,-162,-11.47,20.58,152.12,-45.29,23.38,42.42,-0.18,-0.65,0.81
7.411104202270508,120,156,252,99,45,-14,-9,39,-175,-11.86,19.42,154.39,-90.82,48.95,13.67,-0.49,-0.26,0.96
7.431411981582642,109,88,10,139,37,-102,-24,-52,-156,-10.97,18.56,158.58,-105.90,62.62,3.54,-0.62,0.36,0.94
7.456050157546997,119,127,227,82,56,-18,-10,0,-209,-11.01,17.88,161.61,-71.53,34.85,3.66,-0.32,-0.23,0.91
7.476622104644775,168,52,250,117,12,-129,54,-100,-179,-10.46,18.08,161.67,-42.11,25.27,-58.11,-0.56,-0.83,1.32
7.501397371292114,102,29,33,118,69,-6,-33,-130,-124,-9.25,17.45,163.26,-55.85,60.91,-57.74,-0.38,-0.24,1.57
7.521674394607544,100,101,240,92,69,33,-36,-34,-191,-7.56,16.19,166.68,-70.31,75.74,-38.21,-0.43,0.62,1.05
7.546267747879028,118,91,246,54,33,-36,-11,-48,-184,-6.27,14.96,170.46,-81.85,58.47,-22.34,-0.08,0.41,0.83
7.566601991653442,115,74,240,65,27,19,-16,-70,-192,-5.74,13.42,173.06,-52.98,31.68,-19.17,0.14,-0.13,0.90
7.591340780258179,126,120,245,52,16,-1,-1,-9,-185,-5.55,11.79,173.85,-37.48,30.58,-11.78,0.06,-0.16,1.08
7.611721992492676,123,88,250,46,14,-4,-5,-52,-178,-5.70,10.67,175.76,-43.64,29.72,20.08,-0.12,0.29,1.18
7.63646125793457,120,83,2,59,18,39,-9,-58,-166,-6.56,10.08,177.82,-45.10,8.06,49.38,-0.19,0.13,1.07
7.656820774078369,126,105,0,47,14,29,-1,-29,-170,-7.76,10.24,178.13,-34.06,-2.99,42.72,-0.24,-0.34,1.02
7.681462049484253,133,120,2,42,6,1,8,-9,-167,-8.90,10.12,177.37,-27.28,5.86,24.17,-0.11,-0.42,0.97
7.701915740966797,118,80,254,50,-4,-6,-12,-62,-172,-9.36,9.64,177.21,-23.25,8.73,4.76,-0.11,-0.11,0.97
7.722404956817627,110,97,245,50,5,26,-23,-40,-185,-9.74,9.35,178.20,-32.53,1.71,28.63,-0.17,0.02,1.02
7.747230768203735,106,124,254,49,4,11,-27,-4,-173,-10.96,9.47,178.79,-39.61,-7.87,52.73,-0.13,-0.23,0.96
7.767500877380371,106,133,253,63,13,-6,-27,7,-174,-12.33,9.71,178.29,-37.41,-7.14,37.41,-0.18,-0.46,0.93
7.79205846786499,115,120,243,73,25,-5,-16,-9,-188,-13.07,9.96,177.48,-34.00,-0.31,5.92,-0.19,-0.48,0.80
7.81250524520874,107,111,233,94,14,-6,-27,-21,-201,-13.24,9.94,176.90,-37.17,5.92,-11.23,-0.21,-0.32,0.82
7.837297201156616,119,120,235,106,4,-35,-10,-10,-198,-13.37,10.19,177.01,-45.41,2.93,-8.85,-0.26,-0.27,0.97
7.857618093490601,99,125,227,135,17,-21,-36,-2,-209,-13.48,10.67,177.47,-52.31,4.76,-8.61,-0.27,-0.34,0.97
7.882375240325928,70,152,220,162,36,0,-76,33,-219,-13.72,11.04,177.63,-52.12,9.40,-4.58,-0.31,-0.34,0.94
7.9026501178741455,56,125,184,192,56,0,-94,-2,-266,-14.02,11.47,177.67,-53.65,10.56,-1.46,-0.33,-0.35,0.87
7.927294969558716,79,107,190,205,75,60,-64,-26,-258,-14.46,11.76,177.92,-60.55,13.67,-0.61,-0.27,-0.32,0.89
7.947776556015015,125,82,227,160,43,12,-2,-59,-209,-14.95,11.79,178.44,-64.82,13.55,0.61,-0.22,-0.26,0.97
7.968142509460449,111,35,247,59,-15,-76,-21,-122,-182,-15.37,11.71,179.26,-68.60,14.22,0.79,-0.27,-0.27,0.99
7.992767810821533,149,228,70,-2,30,89,29,-207,-75,-15.82,11.97,179.88,-72.02,15.14,2.62,-0.31,-0.29,0.96
8.013134002685547,176,70,61,-61,26,98,65,-76,-87,-16.24,12.09,-179.55,-79.28,16.11,-2.26,-0.29,-0.34,0.96
8.037965536117554,130,104,98,-153,-10,-12,3,-30,-39,-16.46,11.93,-178.94,-84.17,18.37,-11.41,-0.27,-0.39,1.00
8.05823564529419,152,60,99,-268,-96,-154,32,-89,-37,-16.72,11.74,-178.18,-92.04,21.24,-11.72,-0.26,-0.34,1.05
8.082991123199463,169,26,41,-304,-147,-132,55,-134,-115,-17.06,11.60,-177.12,-104.00,24.23,-3.48,-0.42,-0.44,1.08
8.103399753570557,142,239,33,-297,-128,30,19,-193,-125,-17.64,11.77,-175.97,-118.65,25.63,10.74,-0.59,-0.61,1.08
8.12810468673706,119,31,31,-276,-130,137,-10,-127,-127,-18.42,12.18,-174.40,-130.98,27.59,17.88,-0.85,-0.64,1.18
8.148603677749634,87,92,31,-327,-65,125,-52,-47,-127,-19.12,12.81,-172.43,-144.65,24.41,7.32,-1.04,-0.52,1.40
8.17306399345398,94,45,226,-280,-41,57,-44,-109,-210,-20.15,13.45,-170.39,-145.57,16.54,47.00,-0.70,-0.45,1.22
8.193906784057617,29,227,242,-229,12,123,-130,132,-189,-22.70,14.38,-168.87,-151.12,-10.13,72.45,-0.19,-0.43,1.10
8.218136310577393,65,9,252,-57,19,-11,-82,183,-176,-22.14,13.54,-167.15,-104.92,-3.60,-65.92,-0.01,0.01,1.17
8.23860239982605,108,109,248,98,40,-57,-25,-24,-181,-19.79,12.72,-165.04,-59.02,-20.20,-109.44,-0.08,0.44,1.28
8.263266563415527,150,73,14,126,45,-114,31,-71,-151,-17.07,11.23,-163.06,-29.60,-23.68,-107.60,0.77,0.84,1.26
8.28366208076477,135,119,227,75,56,-74,10,-10,-208,-16.07,9.74,-161.82,-2.14,2.62,12.88,0.46,0.98,1.11
8.308266401290894,140,55,0,117,50,-85,17,-96,-170,-16.97,9.08,-160.98,17.58,1.89,44.19,0.32,0.84,0.81
8.328758239746094,95,16,41,127,51,-24,-42,-148,-115,-17.54,8.50,-160.90,58.72,-5.25,26.18,0.29,0.57,0.43
8.353404998779297,121,90,236,94,44,39,-8,-48,-197,-17.74,7.84,-161.78,103.88,1.04,10.62,0.12,0.52,0.35
8.373826742172241,119,100,241,60,19,-26,-10,-35,-190,-17.35,7.41,-163.75,156.07,-14.77,-13.79,0.32,0.62,0.18
8.394129037857056,149,80,251,46,27,-9,28,-62,-177,-17.01,7.37,-166.64,189.33,-23.56,-4.52,0.12,0.84,0.47
8.426657676696777,123,102,252,47,40,18,-4,-33,-176,-16.77,8.08,-169.93,206.54,-61.22,18.13,0.12,0.82,0.62
8.463433265686035,106,102,254,58,25,23,-27,-33,-172,-17.28,9.28,-173.36,212.52,-66.89,47.06,0.01,0.74,0.65
8.500293254852295,107,100,251,55,14,25,-27,-36,-176,-18.47,10.88,-176.97,226.56,-68.12,65.49,-0.13,0.52,0.46
8.533093452453613,117,99,251,57,13,21,-13,-37,-177,-19.51,12.43,178.92,245.61,-62.50,46.57,-0.13,0.46,0.61
8.569950342178345,113,100,255,46,12,15,-19,-36,-172,-20.18,13.74,174.62,261.66,-69.27,20.08,-0.12,0.31,0.73
8.606806516647339,116,101,252,57,21,23,-14,-35,-175,-20.17,15.22,170.01,272.34,-63.42,-17.09,-0.21,0.27,0.96
8.643651008605957,115,110,250,55,20,24,-15,-22,-179,-19.67,16.84,165.41,255.62,-67.02,-19.71,-0.36,0.26,1.02
8.676461219787598,113,127,248,62,13,10,-19,0,-181,-20.23,19.05,160.83,247.07,-78.86,7.69,-0.50,-0.11,1.08
8.71327257156372,106,141,243,84,9,-15,-27,18,-188,-20.99,20.96,156.35,216.06,-55.42,-9.83,-0.51,-0.24,1.03
8.750168800354004,110,123,238,104,10,-25,-22,-4,-194,-22.30,22.83,151.94,172.24,-25.76,17.94,-0.70,-0.63,0.58
8.787014961242676,116,113,233,119,0,-57,-14,-18,-200,-23.79,23.34,147.71,87.22,2.62,33.26,-0.48,-1.20,0.47
8.82388710975647,104,135,219,152,26,-7,-30,10,-219,-25.70,22.06,145.17,11.11,10.07,55.48,-0.22,-1.29,0.69
8.860726594924927,91,143,190,184,56,18,-48,21,-258,-27.46,20.38,144.23,-52.06,32.47,28.44,-0.27,-0.83,0.76
8.897562503814697,39,76,179,194,59,26,-117,-67,-273,-27.04,19.70,146.87,-88.26,51.82,-9.16,-0.34,-0.10,0.88
8.930394649505615,130,95,241,207,85,124,3,-42,-190,-25.35,19.32,150.94,-94.06,56.21,-7.81,-0.88,0.19,1.13
8.963153839111328,127,48,0,125,79,56,0,-105,-170,-24.74,19.34,153.25,-52.37,36.74,-48.46,-0.73,-1.05,1.18
9.000030279159546,192,239,49,21,-40,-3,86,-193,-104,-22.89,19.80,154.23,-33.87,41.75,-104.86,-0.44,-0.50,1.56
9.036848068237305,175,42,51,-31,12,80,63,-113,-101,-19.85,18.63,158.41,-79.90,86.30,-74.16,-0.14,0.53,1.02
9.073730230331421,114,107,82,-121,14,-19,-16,-26,-59,-18.04,17.18,162.43,-91.06,72.63,-23.13,-0.16,0.81,0.84
9.11062216758728,164,44,121,-246,-71,-188,49,-110,-8,-17.28,16.06,165.90,-71.90,41.38,-5.43,-0.06,0.17,1.00
9.15164828300476,173,17,51,-279,-134,-136,61,-146,-101,-16.99,14.81,168.04,-55.54,26.79,8.18,-0.01,-0.15,1.11
9.188425540924072,137,8,45,-303,-110,30,13,-159,-109,-17.33,13.66,169.41,-45.59,29.72,14.89,-0.16,-0.03,0.99
9.229363679885864,123,36,37,-290,-126,123,-4,-122,-119,-17.24,12.63,171.55,-43.40,28.93,9.16,-0.05,0.14,0.99
9.266241550445557,105,61,26,-322,-89,99,-29,-88,-134,-17.89,11.72,173.29,-41.50,17.70,38.51,-0.11,-0.01,1.11
9.307205200195312,76,85,234,-327,-79,-29,-68,-55,-199,-18.87,11.01,174.26,-38.39,14.40,34.79,-0.12,-0.19,1.06
9.344022035598755,120,111,0,-251,-5,147,-9,-21,-170,-19.62,10.35,174.54,-31.68,11.66,20.94,-0.14,-0.21,1.00
9.380854845046997,115,212,15,-124,20,45,-16,113,-149,-19.92,10.15,174.91,-25.51,1.46,3.97,-0.14,-0.15,0.98
9.413676023483276,125,187,8,42,23,-41,-2,79,-159,-20.40,9.93,175.66,-27.40,-3.17,27.04,-0.13,-0.04,1.03
9.45053768157959,116,83,252,144,72,-42,-15,-58,-176,-21.44,10.13,176.29,-33.81,-15.93,41.02,-0.19,-0.21,0.97
9.48737382888794,7,116,221,93,68,-6,-159,-14,-217,-22.77,10.40,175.59,-32.90,-14.77,40.77,-0.15,-0.47,0.87
9.524264097213745,38,184,138,72,-14,-167,-119,76,-327,-23.67,10.65,174.74,-35.77,-5.43,13.73,-0.19,-0.47,0.86
9.561166524887085,114,239,34,128,24,-60,-17,-192,-123,-24.01,10.84,174.39,-42.66,0.24,-0.49,-0.20,-0.34,0.88
9.593907594680786,134,77,10,90,45,28,9,-66,-155,-24.28,11.16,174.58,-46.94,-2.01,1.71,-0.24,-0.28,0.92
9.626692771911621,130,127,240,45,42,-15,3,0,-192,-24.51,11.38,175.00,-47.55,4.21,2.75,-0.26,-0.22,0.96
9.663536548614502,130,48,252,54,33,-15,4,-105,-176,-24.71,11.70,175.70,-53.34,5.80,-4.39,-0.27,-0.23,0.95
9.700395345687866,118,111,240,52,26,54,-12,-21,-192,-24.92,11.93,176.14,-55.24,10.01,0.24,-0.28,-0.23,0.96
9.73315978050232,116,126,245,42,10,1,-14,-1,-185,-25.21,12.00,176.53,-58.04,12.39,3.91,-0.27,-0.30,0.91
9.770032405853271,115,84,255,51,10,13,-15,-57,-171,-25.66,12.16,176.57,-59.08,11.47,4.09,-0.29,-0.42,0.85
9.80282735824585,126,109,252,51,8,32,-1,-24,-175,-25.98,12.18,176.54,-63.29,12.08,-2.44,-0.24,-0.39,0.89
9.835597038269043,125,122,250,44,4,13,-3,-7,-178,-26.26,11.95,177.02,-72.75,13.67,-6.10,-0.19,-0.31,1.00
9.8683762550354,114,101,0,52,10,5,-17,-34,-170,-26.43,11.71,177.92,-79.71,11.47,-7.02,-0.23,-0.32,0.99
9.905224800109863,106,103,252,51,12,11,-28,-31,-176,-26.56,11.61,178.68,-86.30,13.92,-11.23,-0.25,-0.36,0.99
9.942080020904541,109,126,252,55,12,12,-23,-1,-175,-26.63,11.45,179.61,-92.71,15.81,-11.66,-0.29,-0.39,1.05
9.978903770446777,111,124,254,63,12,-12,-21,-4,-173,-26.77,11.52,-179.40,-105.04,19.29,-5.49,-0.43,-0.50,1.09
10.011712789535522,114,126,248,82,14,-5,-17,-1,-181,-27.08,11.70,-178.30,-114.62,23.80,-0.06,-0.62,-0.65,1.13
10.04859209060669,110,117,240,98,6,-25,-22,-13,-192,-27.42,12.22,-176.69,-132.02,18.07,-1.10,-0.80,-0.62,1.28
10.089591264724731,111,113,231,116,12,-25,-20,-19,-203,-27.42,12.93,-174.56,-138.98,21.42,-20.75,-0.90,-0.48,1.44
10.126543521881104,101,122,227,136,36,-6,-34,-6,-209,-27.87,13.46,-172.48,-154.11,11.47,47.97,-0.60,-0.31,1.24
10.159157276153564,76,156,204,154,31,-31,-67,38,-240,-29.81,13.62,-170.77,-145.57,-0.79,55.54,-0.06,-0.22,1.03
10.196019172668457,25,96,187,185,57,3,-135,-40,-262,-29.20,12.99,-169.00,-91.00,-14.71,-68.73,-0.06,0.10,0.99
10.23289179801941,92,114,206,203,90,141,-46,-17,-237,-27.21,13.56,-165.69,-52.49,-37.54,-59.94,0.26,0.88,1.39
10.269668817520142,132,97,236,140,17,-8,6,-39,-197,-24.60,12.27,-163.66,-30.21,-21.61,-58.47,0.72,0.68,1.12
10.30655026435852,125,24,255,79,-32,-91,-3,-137,-171,-24.87,11.03,-162.67,0.24,13.12,36.19,0.34,1.02,1.01
10.339312314987183,180,239,75,3,32,95,70,-192,-69,-25.80,10.19,-161.92,17.64,4.76,42.60,0.38,0.79,0.64
10.372097969055176,186,54,59,-53,22,93,78,-97,-90,-26.51,9.51,-162.00,58.78,-2.08,38.09,0.15,0.47,0.34
10.408934593200684,120,101,94,-138,-4,15,-8,-34,-44,-26.73,9.04,-162.96,104.68,-9.34,18.19,0.19,0.44,0.24
10.445826768875122,159,55,99,-256,-102,-125,43,-96,-37,-26.40,8.53,-165.47,167.66,-9.22,-9.34,0.19,0.56,0.33
10.48677396774292,167,20,33,-290,-148,-118,53,-143,-125,-25.58,8.20,-168.30,200.56,-26.00,-26.43,0.11,0.66,0.60
10.527716875076294,136,250,48,-301,-136,12,12,-178,-104,-24.80,8.42,-171.42,210.94,-39.12,-17.76,0.11,0.72,0.76
10.56459927558899,121,41,35,-297,-112,107,-8,-114,-122,-24.67,8.92,-174.65,211.91,-39.92,12.76,-0.04,0.64,0.65
10.601462841033936,93,82,32,-327,-74,99,-45,-59,-126,-25.17,10.19,-178.14,224.79,-55.18,28.99,-0.10,0.53,0.57
10.638404846191406,82,90,213,-316,-44,-12,-59,-48,-228,-25.55,11.61,177.82,244.81,-56.40,15.99,-0.15,0.34,0.69
10.679289817810059,20,191,239,-231,18,125,-142,84,-192,-25.47,12.85,173.62,254.09,-48.77,-6.84,-0.20,0.38,0.90
10.712112426757812,109,197,7,-66,41,82,-24,92,-160,-25.17,14.23,169.52,251.34,-58.17,-9.83,-0.28,0.43,0.97
10.748942852020264,123,187,244,48,50,17,-5,80,-186,-25.37,16.22,165.36,246.89,-67.69,-0.18,-0.45,0.23,0.89
10.781678676605225,46,121,0,136,27,-63,-108,-8,-170,-25.95,18.35,160.84,239.87,-64.33,0.98,-0.45,-0.20,0.99
10.818549156188965,83,110,10,90,55,-66,-59,-22,-156,-26.94,20.09,156.27,219.79,-50.29,1.10,-0.42,-0.19,1.06
10.855416059494019,87,119,187,62,85,-81,-54,-10,-262,-27.74,21.76,152.17,164.49,-19.84,16.66,-0.65,-0.48,0.69
10.892306327819824,64,52,239,102,30,-96,-84,-100,-192,-29.07,22.26,147.79,113.89,4.15,29.48,-0.43,-1.23,0.46
10.929145574569702,126,33,30,121,70,36,-1,-125,-130,-30.54,21.29,144.73,27.40,17.76,46.75,-0.28,-1.53,0.67
10.96191930770874,128,103,247,43,48,-19,1,-32,-183,-32.26,19.88,143.41,-24.72,24.41,37.54,-0.26,-0.97,0.69
10.998769044876099,118,53,245,53,22,-5,-11,-98,-185,-32.26,18.94,144.95,-68.05,47.73,-9.77,-0.44,-0.56,0.89
11.031537055969238,129,113,238,46,28,55,2,-18,-194,-30.88,18.43,148.38,-84.96,71.59,-41.93,-0.53,0.11,0.97
11.068428754806519,117,119,239,38,7,9,-13,-10,-193,-29.10,18.41,151.77,-56.64,45.41,-42.85,-0.61,-0.36,1.06
11.101173639297485,119,116,255,63,17,41,-11,-14,-171,-27.22,19.67,153.01,-26.31,42.60,-96.07,-0.80,-0.53,1.47
11.138011455535889,121,128,255,51,14,16,-7,1,-171,-24.42,19.66,156.11,-64.27,63.17,-74.16,-0.18,0.44,1.32
11.170822620391846,118,110,254,64,10,9,-11,-22,-173,-22.62,18.47,160.04,-85.57,63.96,-24.78,-0.20,0.44,0.99
11.203597068786621,115,97,0,62,13,18,-15,-39,-170,-21.54,17.35,163.75,-82.28,51.82,-18.80,-0.11,0.20,0.83
11.240419387817383,112,103,248,58,11,7,-20,-32,-180,-20.27,15.80,166.57,-48.16,41.99,-38.51,0.07,-0.04,1.01
11.273220539093018,108,94,0,62,17,16,-25,-44,-170,-19.75,14.42,168.47,-38.15,33.20,8.06,-0.10,0.14,1.06
11.305991649627686,106,123,254,57,9,-5,-28,-5,-173,-20.13,13.55,170.60,-47.61,25.21,35.40,-0.15,0.18,1.13
11.342842817306519,108,117,244,68,18,4,-25,-12,-187,-21.10,12.73,172.27,-43.58,9.09,55.73,-0.12,-0.10,1.04
11.379661083221436,108,116,247,85,18,6,-25,-15,-182,-22.39,12.23,172.43,-34.18,4.33,41.20,-0.19,-0.39,1.00
11.412467241287231,100,131,234,95,30,12,-35,5,-199,-23.16,11.70,171.96,-25.70,6.23,15.01,-0.07,-0.32,0.99
11.449353456497192,109,110,227,121,11,-18,-23,-22,-208,-23.57,11.08,172.44,-25.45,3.85,11.05,-0.12,-0.08,1.05
11.486199378967285,80,147,218,146,25,-4,-62,26,-221,-24.11,10.85,173.35,-33.57,-1.34,26.98,-0.15,-0.17,0.99
11.519010066986084,68,141,210,173,35,6,-79,18,-231,-25.30,11.09,173.01,-36.50,-10.86,38.70,-0.19,-0.45,0.88
11.555851936340332,43,96,210,184,45,12,-111,-41,-232,-26.44,11.30,172.15,-38.15,-3.91,31.62,-0.21,-0.65,0.77
11.592662334442139,90,119,234,189,51,63,-49,-11,-199,-27.31,11.39,171.44,-44.37,4.33,15.20,-0.19,-0.49,0.85
11.629528522491455,150,82,228,123,-7,-91,31,-60,-208,-27.73,11.30,171.77,-44.43,5.92,7.63,-0.18,-0.22,0.95
11.666369438171387,169,9,13,51,-39,-119,56,-157,-152,-27.91,11.35,172.83,-44.74,4.70,4.39,-0.21,-0.13,0.97
11.699154376983643,155,240,52,7,20,68,37,-192,-99,-28.06,11.41,173.72,-46.57,3.30,1.83,-0.22,-0.20,0.94
11.73194932937622,175,69,47,-56,-3,88,64,-77,-106,-28.06,11.42,174.35,-46.75,7.51,-7.14,-0.22,-0.22,0.94
11.768811464309692,135,81,115,-158,-43,0,10,-61,-15,-27.88,11.39,175.07,-50.54,9.83,-11.72,-0.25,-0.19,0.92
11.805645227432251,149,23,84,-247,-79,-55,29,-139,-57,-27.93,11.62,175.94,-53.16,9.77,-1.59,-0.27,-0.12,0.93
11.842522859573364,160,19,40,-274,-89,5,43,-143,-115,-28.29,11.95,176.79,-55.18,5.43,10.31,-0.27,-0.19,0.95
11.87938928604126,136,32,59,-302,-103,59,11,-126,-90,-28.79,12.17,177.20,-52.86,4.21,10.99,-0.25,-0.27,0.95
11.916248083114624,119,61,32,-318,-99,51,-10,-87,-126,-29.30,12.19,177.31,-56.46,6.41,9.09,-0.23,-0.32,0.92
11.957160711288452,100,59,19,-327,-93,38,-36,-90,-143,-29.63,12.09,177.66,-63.60,10.31,3.30,-0.22,-0.30,0.96
11.994016647338867,92,97,238,-313,-60,14,-46,-39,-194,-29.93,12.14,178.07,-68.79,8.06,0.55,-0.25,-0.33,0.93
12.030887842178345,104,96,2,-252,-20,76,-30,-41,-166,-30.18,12.05,178.60,-74.46,7.87,-6.53,-0.22,-0.34,1.01
12.063806295394897,101,143,19,-123,19,68,-34,20,-144,-30.21,12.00,179.37,-82.03,9.77,-10.80,-0.29,-0.34,1.04
12.100606918334961,115,213,240,21,47,52,-16,114,-192,-30.33,12.13,-179.75,-94.91,11.29,-6.10,-0.35,-0.40,1.02
12.137575387954712,58,156,243,117,69,-42,-91,38,-188,-30.67,12.49,-178.83,-106.02,13.98,2.38,-0.47,-0.53,1.05
12.174454689025879,5,107,218,104,96,-43,-162,-27,-221,-31.11,12.81,-177.68,-116.33,21.55,6.04,-0.62,-0.61,1.04
12.215224981307983,255,164,162,62,-24,-222,-171,49,-296,-31.64,13.18,-176.23,-132.32,23.44,11.84,-0.81,-0.54,1.14
12.252095222473145,126,17,43,113,52,-41,-1,-146,-112,-32.23,13.83,-174.13,-139.40,33.02,3.17,-0.98,-0.39,1.26
12.288910627365112,142,44,252,101,85,29,20,-111,-175,-32.91,14.10,-172.17,-144.04,27.34,31.07,-0.49,-0.25,1.22
12.32577633857727,99,116,247,47,59,-17,-37,-14,-183,-34.77,14.14,-170.35,-142.88,3.36,42.97,-0.15,-0.29,1.12
12.358607769012451,100,64,249,54,26,-23,-36,-84,-180,-34.38,13.64,-168.92,-98.45,-3.72,-45.84,-0.14,-0.12,0.87
12.395432472229004,144,96,250,44,28,39,23,-41,-178,-32.69,13.19,-166.97,-61.40,-22.58,-70.43,0.07,0.54,1.01
12.428211212158203,131,114,249,40,23,18,5,-17,-179,-30.13,11.65,-164.51,-30.46,0.06,-92.71,0.57,0.94,1.02
12.461005449295044,122,108,253,50,5,3,-7,-25,-175,-29.46,10.23,-163.11,-2.81,6.16,28.50,0.42,1.09,1.02
12.493767499923706,119,137,3,46,20,19,-11,12,-165,-30.77,9.85,-162.23,10.50,-0.31,73.12,0.25,0.97,0.74
12.530573606491089,115,130,247,70,17,8,-16,3,-182,-32.12,9.62,-162.01,36.44,-3.23,69.52,0.23,0.56,0.35
12.563357591629028,117,96,255,64,13,0,-13,-41,-172,-33.62,9.62,-162.55,99.30,-2.87,65.67,0.02,0.43,0.29
12.600222110748291,119,100,251,64,22,21,-10,-36,-177,-34.02,9.25,-164.70,148.38,-5.00,23.74,0.12,0.54,0.28
12.633038997650146,109,108,253,67,20,8,-23,-25,-174,-34.07,9.16,-167.45,188.78,-21.06,10.50,0.02,0.63,0.53
12.669872522354126,111,106,250,72,12,0,-21,-27,-178,-34.11,10.04,-171.73,205.99,-39.06,8.18,0.13,0.69,0.57
12.706700086593628,105,125,241,82,23,-2,-29,-2,-190,-34.19,10.45,-175.02,212.71,-39.55,30.82,0.06,0.65,0.69
12.739527940750122,112,130,244,105,33,-2,-19,4,-187,-35.11,11.43,-178.53,220.21,-44.13,55.24,-0.07,0.54,0.57
12.780410289764404,117,116,229,122,14,-34,-13,-14,-206,-36.22,12.50,177.62,237.73,-47.67,51.45,-0.12,0.42,0.68
12.81729769706726,102,135,216,156,19,-17,-32,10,-224,-36.92,13.34,173.28,247.44,-40.77,24.54,-0.16,0.36,0.80
12.854175567626953,78,165,201,178,32,-23,-65,50,-244,-36.87,14.28,169.21,252.99,-39.55,-13.00,-0.20,0.36,0.87
12.891002416610718,38,88,171,199,69,10,-118,-51,-283,-36.62,15.57,165.30,239.26,-47.00,-15.08,-0.35,0.24,0.97
12.927893161773682,110,91,233,204,81,120,-22,-47,-200,-37.07,17.29,161.38,219.12,-63.17,21.00,-0.40,-0.08,1.07
12.96069884300232,130,39,249,126,35,17,3,-117,-179,-38.91,18.65,157.04,200.01,-55.91,49.87,-0.41,-0.29,1.04
12.997531175613403,198,219,57,30,-43,-6,94,-220,-93,-40.61,20.00,153.14,158.94,-28.20,35.71,-0.60,-0.48,0.73
13.034360647201538,196,32,71,-29,59,161,92,-126,-75,-42.11,20.95,148.63,128.11,1.53,21.00,-0.57,-0.81,0.54
13.06722617149353,97,122,95,-128,39,45,-39,-7,-42,-43.34,20.72,145.23,51.33,21.55,23.25,-0.25,-1.07,0.78
13.103988885879517,131,65,129,-243,-47,-183,5,-82,3,-44.85,19.31,143.69,-2.69,26.55,32.71,-0.26,-0.83,0.77
13.140897274017334,168,13,62,-299,-90,-104,54,-152,-86,-45.16,18.49,145.02,-59.39,36.68,4.58,-0.34,-0.38,0.90
13.177730560302734,135,37,55,-322,-74,14,10,-120,-95,-44.50,18.40,147.85,-76.23,48.46,-29.36,-0.45,-0.21,0.84
13.214640378952026,139,2,38,-317,-109,101,15,-166,-118,-42.77,18.99,150.74,-38.70,49.44,-79.90,-0.57,-0.52,0.90
13.255566835403442,110,45,27,-306,-91,171,-23,-109,-133,-39.71,20.26,151.58,5.92,55.36,-161.50,-1.01,-0.76,1.50
13.29245138168335,49,167,253,-327,-54,9,-104,52,-175,-36.56,20.80,154.02,-36.19,72.20,-81.54,-0.69,0.52,1.63
13.333385705947876,103,62,234,-275,-74,-26,-32,-86,-200,-35.08,20.16,157.59,-73.06,53.47,-20.63,-0.31,0.30,1.06
13.366191625595093,105,170,41,-142,1,34,-29,57,-114,-34.36,19.34,160.60,-62.50,37.90,-17.94,-0.16,-0.32,0.89
13.40302562713623,93,241,243,5,20,-11,-45,152,-188,-34.26,17.64,160.87,-43.46,43.33,-28.99,0.05,-0.64,0.73
13.43990445137024,91,117,231,102,35,-109,-48,-13,-204,-34.24,15.90,161.62,-42.54,33.33,-17.03,-0.07,-0.16,0.79
13.476746320724487,122,54,12,122,99,-38,-6,-97,-153,-34.36,15.12,164.02,-53.41,15.08,18.92,-0.04,0.08,1.03
13.513591289520264,45,173,178,82,115,-8,-109,61,-274,-35.34,14.29,166.01,-56.70,5.80,57.31,-0.06,-0.09,1.14
13.550477027893066,111,36,17,145,60,-28,-20,-120,-146,-37.17,13.57,167.68,-58.35,-0.43,67.57,-0.10,-0.20,1.06
13.587408065795898,108,23,16,114,41,-31,-25,-138,-147,-38.63,12.99,168.56,-45.53,4.52,30.64,-0.13,-0.37,0.91
13.620124578475952,140,65,0,66,34,-12,17,-82,-170,-39.75,12.95,168.25,-42.30,7.32,15.26,-0.19,-0.47,0.86
13.652901649475098,122,82,251,49,32,5,-6,-60,-177,-40.70,13.05,168.21,-45.23,10.07,7.32,-0.25,-0.39,0.87
13.689761877059937,119,100,237,47,22,17,-10,-35,-195,-41.40,13.20,168.74,-47.55,9.09,5.43,-0.23,-0.32,0.90
13.726566076278687,130,100,244,49,25,29,3,-36,-186,-41.93,13.23,169.56,-47.36,9.95,1.95,-0.21,-0.26,0.95
13.76342511177063,113,111,245,46,18,25,-19,-21,-184,-42.26,13.15,170.62,-46.14,10.50,-1.59,-0.21,-0.20,0.89
13.79623293876648,117,122,252,49,15,21,-13,-6,-176,-42.52,13.01,171.77,-47.24,9.95,-2.14,-0.18,-0.16,0.95
13.829015016555786,124,103,251,51,9,9,-4,-32,-177,-42.74,12.82,173.16,-46.26,9.77,-5.37,-0.20,-0.11,0.93
13.861742973327637,123,97,2,57,6,22,-5,-40,-166,-42.87,12.83,174.58,-48.77,9.16,-6.59,-0.22,-0.07,0.62
13.894513368606567,117,110,2,46,7,8,-12,-22,-166,-43.02,12.95,175.88,-48.03,9.64,-1.77,-0.23,-0.08,0.97
13.927281379699707,106,105,4,55,10,6,-27,-29,-164,-43.32,13.17,176.93,-47.91,9.03,3.11,-0.26,-0.11,0.91
13.960094451904297,100,124,255,57,17,2,-35,-4,-171,-43.72,13.24,177.76,-46.57,8.54,5.25,-0.25,-0.13,0.92
13.996957063674927,111,119,249,67,11,-15,-21,-10,-180,-44.07,13.23,178.44,-47.18,9.89,1.89,-0.22,-0.12,0.92
14.03381633758545,112,119,245,82,18,-1,-19,-10,-185,-44.44,13.14,179.17,-51.82,9.40,1.53,-0.22,-0.15,0.95
14.070740699768066,114,120,243,100,16,-5,-17,-9,-188,-44.87,13.07,179.41,-54.20,8.67,-0.24,-0.23,-0.31,0.96
14.11157512664795,113,106,230,120,13,-14,-19,-27,-205,-45.25,12.96,179.45,-56.46,9.95,-6.16,-0.22,-0.30,0.98
14.144381999969482,85,122,216,142,26,12,-55,-6,-224,-45.47,12.88,179.86,-62.32,11.78,-9.34,-0.25,-0.24,1.03
14.181434631347656,65,155,204,168,37,30,-82,36,-239,-45.64,12.80,-179.47,-71.47,10.01,-9.03,-0.26,-0.25,1.07
14.214031457901001,46,135,188,182,44,8,-107,10,-261,-45.91,12.77,-178.73,-76.78,6.53,-8.00,-0.26,-0.33,1.05
14.250881433486938,75,135,202,189,49,45,-68,11,-242,-46.16,12.77,-178.13,-86.12,5.13,-9.28,-0.28,-0.36,1.09
14.287691831588745,130,94,220,129,2,-118,3,-44,-218,-46.43,13.06,-177.42,-94.54,6.71,-9.77,-0.42,-0.52,1.09
14.324558019638062,164,21,6,57,-38,-166,49,-140,-161,-46.72,13.49,-176.53,-109.74,8.67,-5.80,-0.52,-0.63,1.08
14.357367277145386,183,200,48,27,18,60,74,-245,-105,-47.07,14.00,-175.30,-120.61,10.13,-3.91,-0.64,-0.66,1.11
14.390155553817749,166,84,60,-44,0,157,52,-57,-89,-47.43,14.58,-173.67,-130.00,26.18,0.49,-0.91,-0.44,1.14
14.427002429962158,147,82,119,-155,-34,56,26,-60,-10,-47.96,14.90,-171.17,-142.03,55.24,5.37,-0.69,-0.23,1.28
14.463871240615845,167,37,96,-252,-87,-56,53,-119,-41,-50.05,15.19,-169.32,-154.36,24.96,103.45,-0.48,-0.12,1.13
14.504852771759033,161,21,64,-292,-110,15,45,-141,-83,-51.94,14.97,-168.00,-128.05,-3.11,42.97,-0.08,-0.17,1.01
14.54163408279419,140,43,58,-327,-106,48,17,-112,-91,-52.13,15.01,-166.80,-77.39,-21.12,-0.31,-0.17,0.21,1.08
14.578540802001953,125,24,31,-327,-128,58,-2,-138,-127,-50.84,13.63,-164.69,-51.21,0.49,-58.04,0.29,0.69,1.13
14.615427494049072,96,62,21,-327,-100,113,-41,-86,-140,-50.26,11.69,-162.86,-17.94,28.50,22.64,0.18,0.95,1.14
14.65230131149292,60,125,214,-327,-61,2,-90,-2,-226,-51.73,11.02,-161.80,0.37,19.29,76.66,0.16,0.99,0.87
14.693204164505005,41,146,254,-237,21,113,-115,24,-173,-53.23,10.51,-161.35,38.76,11.35,86.18,0.13,0.61,0.52
14.730047464370728,90,248,234,-32,43,99,-49,161,-200,-54.84,10.37,-161.95,87.34,20.32,71.84,-0.06,0.48,0.39
14.762812614440918,111,158,6,96,64,-5,-21,41,-160,-55.14,10.07,-163.40,133.24,12.94,8.79,0.07,0.53,0.23
14.799702405929565,53,151,235,116,28,-140,-99,32,-199,-54.66,9.36,-166.03,189.27,2.26,-20.02,0.09,0.67,0.36
14.836561441421509,115,117,241,60,1,-173,-15,-13,-190,-53.79,9.03,-169.33,211.61,-21.06,-18.74,0.06,0.58,0.68
14.873427629470825,129,35,230,120,32,-93,3,-123,-205,-53.06,8.97,-172.90,229.61,-26.79,-13.49,0.07,0.63,0.68
14.906236410140991,135,5,42,122,49,-26,11,-162,-113,-52.95,9.46,-176.68,235.78,-33.33,12.82,-0.05,0.68,0.60
14.943174839019775,103,94,246,64,41,-29,-32,-43,-184,-53.47,10.47,179.10,249.08,-58.53,40.10,-0.10,0.71,0.60
14.980031490325928,120,66,247,49,34,-40,-9,-81,-183,-54.64,11.88,174.76,250.98,-75.99,62.56,-0.13,0.46,0.78
15.01287055015564,121,72,241,59,36,47,-7,-74,-190,-56.27,13.53,170.29,257.75,-76.29,57.43,-0.19,0.29,0.78
15.049648523330688,113,128,250,40,24,18,-18,1,-179,-57.19,15.24,165.22,270.26,-66.22,24.96,-0.33,0.09,0.83
15.086607933044434,113,100,255,37,10,-23,-18,-36,-171,-57.34,17.44,160.03,273.93,-61.34,-26.55,-0.50,-0.12,0.98
15.119407176971436,121,100,3,43,16,28,-7,-35,-165,-57.29,19.89,154.84,253.66,-62.87,-34.73,-0.57,-0.34,1.16
15.152125597000122,121,150,255,33,14,6,-8,30,-171,-57.55,22.24,150.11,202.15,-41.69,-26.55,-0.71,-0.61,0.79
15.188915729522705,109,108,246,42,2,-34,-23,-24,-183,-57.81,23.63,145.58,142.82,-7.08,-25.63,-0.68,-1.06,0.38
15.22566819190979,106,103,251,55,16,15,-28,-32,-176,-58.47,23.49,142.06,45.65,10.80739.67,-0.12,0.60,0.63
15.25839877128601,110,127,248,61,9,4,-22,0,-181,-57.07,10.98,167.99,245.61,-69.76,53.77,-0.11,0.52,.03,-0.06,0.58,0.10
15.295295000076294,118,113,252,73,13,-13,-12,-18,-175,-55.98,9.77,172.21,238.83,-44.80,39.67,-0.12,0.60,0.63
15.328050374984741,97,137,253,89,28,4,-40,13,-174,-57.07,10.98,167.99,245.61,-69.76,53.77,-0.11,0.52,0.82
15.36494255065918,106,120,245,104,23,-33,-28,-9,-185,.06,0.58,0.10
15.401825428009033,121,109,237,116,20,-33,-8,-23,-195,-55.98,9.77,172.21,238.83,-44.80,39.67,-0.12,0.60,0.63
15.442730188369751,111,114,231,131,27,-23,-21,-17,-204,-57.07,10.98,167.99,245.61,-69.76,53.77,-0.11,0.52,0.82
15.475538730621338,81,130,215,160,39,-7,-61,3,-225,-58.47,12.30,163.52,244.63,-76.11,60.91,-0.22,0.38,0.85
15.508347988128662,60,122,179,179,50,3,-89,-6,-273,-59.70,13.72,159.20,251.34,-67.57,37.29,-0.32,0.16,0.84
15.545162439346313,56,94,176,195,60,70,-95,-44,-276,-59.89,16.02,154.07,255.49,-53.59,-12.88,-0.53,-0.34,0.95
15.582022905349731,111,103,235,174,57,63,-21,-32,-198,-59.32,18.36,148.74,249.88,-47.49,-50.84,-0.67,-0.38,1.18
15.618924856185913,101,34,237,98,28,-29,-34,-123,-196,-58.42,20.42,144.97,209.05,-33.75,-41.93,-0.67,-0.37,0.88
15.65574026107788,219,231,74,13,-7,75,122,-203,-70,-58.73,22.46,141.09,140.14,-7.69,5.92,-0.65,-0.61,0.47
15.692596912384033,202,37,75,-59,30,119,100,-120,-68,-59.70,21.87,137.52,59.08,7.32,41.75,-0.31,-1.45,0.53
15.729435920715332,104,108,95,-155,22,12,-30,-26,-42,-60.69,20.44,135.66,-12.63,16.42,32.65,-0.27,-1.40,0.63
15.766363143920898,159,63,111,-269,-87,-168,42,-85,-21,-60.48,18.80,135.65,-50.11,39.79,-4.09,-0.23,-0.59,0.73
15.807278871536255,193,13,43,-303,-119,-125,87,-152,-112,-58.79,18.26,138.93,-96.07,62.50,-21.24,-0.61,-0.09,0.99
15.844152450561523,135,3,48,-320,-117,32,11,-165,-105,-57.22,18.20,142.91,-98.02,51.03,1.22,-0.81,0.22,1.02
15.885075330734253,136,32,40,-313,-113,92,11,-127,-115,-56.33,18.41,145.90,-51.51,23.32,-60.36,-0.45,-0.58,0.79
15.921966552734375,102,72,17,-327,-74,115,-33,-73,-146,-53.81,19.19,147.81,-34.91,25.39,-95.40,-0.35,-0.59,1.58
15.958861827850342,70,75,217,-318,-56,-3,-75,-69,-222,-51.26,18.59,150.56,-58.35,68.54,-63.48,-0.43,-0.02,1.43
15.999756097793579,20,220,242,-229,23,106,-142,124,-189,-48.79,17.74,154.38,-78.06,77.15,-47.85,-0.25,0.80,0.96
16.03663182258606,87,228,254,-23,25,38,-53,134,-173,-47.18,16.56,158.19,-85.94,48.58,2.87,0.01,0.61,0.85
16.069509506225586,124,136,255,101,42,-31,-3,11,-171,-47.19,15.12,160.75,-59.57,19.96,32.71,-0.00,-0.17,1.00
16.106295585632324,115,82,2,144,52,-65,-16,-60,-166,-47.43,13.68,161.62,-36.19,25.09,6.96,-0.08,-0.36,1.06
16.143189907073975,71,168,252,33,19,-102,-74,55,-175,-46.94,12.55,163.15,-34.91,32.65,1.28,-0.12,0.05,1.11
16.18002462387085,74,98,139,76,-16,-175,-70,-39,-326,-46.95,11.56,165.15,-43.95,18.25,36.13,-0.17,0.01,1.06
16.216882467269897,123,254,33,100,23,-69,-5,-173,-125,-47.76,10.79,166.20,-44.01,10.19,45.10,-0.17,-0.33,0.98
16.24967336654663,134,75,17,95,54,55,9,-69,-146,-48.33,10.08,166.13,-35.77,9.58,19.35,-0.16,-0.47,0.93
16.286518573760986,137,111,240,51,39,-20,13,-20,-192,-48.44,9.67,166.23,-30.15,7.63,5.92,-0.16,-0.21,0.96
16.319273233413696,121,69,235,57,23,8,-7,-76,-198,-48.26,9.45,167.41,-32.78,9.46,3.54,-0.20,-0.06,0.98
16.352068185806274,127,135,249,54,16,36,0,10,-180,-48.34,9.34,168.73,-36.32,1.10,19.65,-0.18,-0.09,1.02
16.384835481643677,131,131,251,47,16,-10,5,5,-176,-48.94,9.26,169.32,-38.15,-8.30,32.90,-0.17,-0.24,0.96
16.42168354988098,105,101,251,58,18,10,-28,-34,-177,-49.48,9.14,169.48,-37.29,-5.62,25.15,-0.17,-0.29,0.92
16.458495378494263,113,109,0,48,13,11,-18,-23,-170,-49.89,9.27,169.25,-36.01,-6.47,16.91,-0.22,-0.37,0.89
16.49128007888794,118,110,249,56,7,2,-12,-23,-179,-50.19,9.65,168.76,-36.99,-1.22,6.04,-0.24,-0.36,0.82
16.52812433242798,112,112,253,53,13,5,-20,-20,-174,-50.20,9.92,168.89,-44.19,3.11,1.10,-0.22,-0.28,0.88
16.56097412109375,112,113,252,60,12,-1,-20,-18,-176,-50.12,10.00,169.42,-50.96,7.57,-0.31,-0.24,-0.25,0.96
16.597854614257812,111,109,253,66,18,5,-21,-24,-174,-49.96,10.20,170.06,-50.78,11.23,-2.50,-0.28,-0.25,0.90
16.634614944458008,112,120,248,71,11,4,-20,-10,-180,-49.85,10.27,170.55,-55.79,13.92,-1.95,-0.26,-0.34,0.91
16.671483516693115,116,110,254,88,1,-18,-15,-23,-173,-49.73,10.17,170.56,-59.63,16.97,-9.70,-0.22,-0.46,0.83
16.704307556152344,123,109,237,96,5,-25,-4,-23,-195,-49.52,9.93,170.53,-63.23,19.29,-17.15,-0.19,-0.42,0.91
16.741169691085815,121,103,233,117,11,-15,-7,-32,-201,-49.20,9.63,171.35,-70.43,20.39,-13.49,-0.22,-0.23,1.02
16.77802348136902,103,133,211,142,17,-5,-31,8,-230,-48.95,9.33,172.84,-76.35,17.33,-2.50,-0.24,-0.19,1.02
16.81486940383911,84,150,198,177,25,-17,-57,30,-247,-48.90,9.40,174.00,-78.98,13.55,0.37,-0.24,-0.23,1.05
16.851739645004272,26,92,190,196,68,26,-134,-47,-258,-48.85,9.45,175.03,-87.04,10.80,-4.27,-0.28,-0.31,1.11
16.888596773147583,100,110,221,210,94,179,-36,-22,-216,-48.86,9.66,176.09,-93.08,9.64,-6.23,-0.29,-0.39,1.12
16.92542839050293,147,94,246,141,40,9,26,-43,-183,-48.96,9.97,177.01,-106.69,13.79,-0.55,-0.46,-0.54,1.10
16.958212852478027,139,6,6,57,-39,-75,15,-161,-160,-49.15,10.30,178.22,-118.90,20.02,4.52,-0.62,-0.68,1.07
16.995059967041016,149,228,70,-3,45,124,28,-207,-75,-49.45,10.82,179.89,-132.75,17.70,8.67,-0.81,-0.64,1.26
17.027901649475098,146,84,43,-75,27,60,25,-57,-111,-49.49,11.45,-178.15,-141.54,18.43,-9.52,-0.83,-0.60,1.43
17.06475806236267,105,95,112,-181,-22,-78,-28,-42,-20,-50.22,12.05,-176.21,-153.63,10.31,46.26,-0.57,-0.48,1.19
17.10566234588623,154,23,83,-282,-84,-121,35,-138,-59,-52.47,12.60,-174.54,-142.58,-3.54,43.40,-0.11,-0.42,1.10
17.14266562461853,162,22,46,-316,-102,-65,46,-139,-107,-51.45,11.68,-172.84,-99.79,-7.39,-71.78,-0.01,0.06,1.07
17.179388284683228,130,9,54,-313,-109,89,4,-156,-96,-48.93,11.49,-169.77,-51.94,-22.22,-76.35,-0.28,0.87,1.38
17.2163028717041,126,51,34,-323,-96,118,-1,-101,-123,-45.69,10.43,-167.91,-23.56,-31.62,-109.31,0.83,0.69,1.13
17.257190465927124,84,105,24,-327,-76,55,-56,-29,-136,-45.17,9.24,-167.19,13.67,14.89,29.66,0.40,1.04,1.10
17.2940673828125,81,79,204,-309,-62,-15,-61,-63,-239,-46.07,8.57,-166.62,26.92,-0.12,43.40,0.30,0.73,0.73
17.33099675178528,26,204,13,-207,-14,27,-134,103,-151,-46.49,8.04,-166.66,70.31,-13.12,22.89,0.19,0.60,0.39
17.367836713790894,108,213,246,-17,32,21,-25,114,-184,-46.68,7.96,-167.79,113.40,-14.83,21.79,0.12,0.51,0.22
17.40468168258667,85,131,236,110,50,-40,-55,5,-197,-46.77,8.03,-170.23,176.39,-22.64,4.58,0.19,0.59,0.20
17.441498517990112,89,60,25,132,91,-48,-50,-89,-135,-46.27,8.25,-173.41,205.32,-30.27,-12.27,0.07,0.67,0.54
17.474338054656982,118,133,210,82,88,-35,-11,8,-231,-45.72,8.80,-176.83,224.79,-48.65,-4.27,0.07,0.71,0.73
17.51119565963745,100,65,232,115,60,-89,-35,-83,-202,-45.88,9.56,179.28,224.18,-49.38,28.50,-0.03,0.69,0.47
17.55209493637085,116,241,39,117,70,11,-15,-190,-118,-46.84,10.78,175.39,235.84,-60.00,55.97,-0.08,0.63,0.51
17.58486771583557,125,93,244,76,45,29,-2,-44,-186,-48.09,12.16,171.01,253.78,-63.84,55.97,-0.11,0.42,0.62
17.617671012878418,121,98,0,41,25,-42,-8,-38,-169,-49.04,13.36,166.42,269.47,-60.24,26.55,-0.15,0.38,0.75
17.654499530792236,118,82,238,48,26,12,-12,-60,-194,-49.52,14.72,161.78,270.14,-64.09,16.30,-0.22,0.29,0.95
17.687320232391357,121,118,246,52,26,31,-7,-11,-183,-49.97,16.24,156.90,252.81,-72.57,13.85,-0.38,0.00,1.00
17.724162817001343,116,111,248,46,16,10,-15,-20,-181,-51.01,18.08,151.49,248.35,-78.55,16.66,-0.57,-0.41,1.15
17.76101326942444,122,100,254,59,20,40,-6,-35,-173,-51.67,20.07,146.31,206.36,-41.56,-8.67,-0.73,-0.56,0.87
17.793816804885864,115,117,252,50,8,24,-16,-13,-175,-51.94,21.89,141.95,156.13,-2.50,-12.02,-0.67,-0.68,0.42
17.830615282058716,120,90,254,51,2,11,-9,-49,-173,-52.88,21.68,138.18,55.05,12.08,50.35,-0.27,-1.36,0.48
17.86338782310486,121,108,5,53,10,16,-8,-25,-163,-54.55,19.79,136.32,-12.02,14.95,69.03,-0.24,-1.39,0.66
17.8961980342865,110,118,0,53,13,-1,-22,-12,-169,-55.12,17.69,136.35,-71.04,39.37,9.22,-0.26,-0.74,0.75
17.93301558494568,107,130,255,60,11,-18,-26,4,-172,-53.59,17.38,139.62,-98.14,59.45,-29.17,-0.51,-0.18,0.98
17.965845584869385,116,109,243,72,18,2,-14,-23,-187,-51.52,17.38,143.36,-70.13,56.64,-42.18,-0.65,0.02,1.05
18.002657413482666,112,131,242,89,19,-5,-19,4,-189,-49.66,18.26,145.56,-46.63,37.35,-59.14,-0.88,-0.77,1.15
18.03951907157898,113,126,241,105,9,-39,-18,-1,-190,-47.68,19.01,147.50,-51.21,37.35,-75.13,-0.50,-0.34,1.57
18.072481155395508,113,103,226,129,32,5,-18,-32,-210,-44.84,18.62,151.61,-80.81,69.70,-73.85,-0.37,0.30,1.05
18.109200477600098,90,140,217,151,21,-14,-49,16,-222,-42.12,18.00,155.75,-84.59,68.97,-64.45,-0.17,0.58,0.91
18.146095037460327,64,157,203,183,34,-13,-84,40,-240,-40.18,16.85,159.54,-74.77,50.48,-38.21,0.16,0.23,0.98
18.18289875984192,55,109,171,201,49,28,-95,-24,-284,-39.12,15.16,162.13,-52.37,35.64,-2.38,-0.05,0.01,0.99
18.219746351242065,108,119,228,204,41,22,-25,-10,-207,-39.05,14.10,164.13,-49.68,25.76,22.95,-0.14,0.07,1.02
18.256617784500122,130,41,250,120,14,-93,3,-114,-178,-39.55,13.20,166.16,-54.63,21.91,48.28,-0.25,-0.00,1.07
18.293482303619385,9,183,59,19,-39,-93,184,-268,-91,-40.42,12.48,167.14,-48.71,15.08,40.89,-0.17,-0.35,0.95
18.32624912261963,197,0,70,-17,25,137,93,-170,-76,-41.00,11.63,167.09,-36.93,18.98,13.49,-0.10,-0.44,0.92
18.3631329536438,149,107,83,-107,30,127,28,-26,-58,-40.96,10.63,167.31,-33.69,21.73,1.34,-0.16,-0.24,1.03
18.395901441574097,128,86,132,-234,-44,-73,0,-54,6,-40.73,10.01,168.40,-37.66,17.58,2.62,-0.15,-0.05,1.03
18.436821699142456,140,25,71,-294,-103,-86,16,-136,-75,-40.97,9.90,169.56,-39.98,2.38,20.81,-0.21,-0.11,0.96
18.47365689277649,152,26,49,-314,-81,0,32,-134,-104,-41.57,9.78,170.22,-42.54,-0.18,31.92,-0.17,-0.22,0.95
18.510541439056396,137,12,51,-319,-99,88,12,-153,-100,-42.29,9.74,170.53,-40.34,0.85,22.22,-0.20,-0.28,0.94
18.547446489334106,114,39,17,-326,-110,88,-16,-117,-146,-42.62,9.55,170.98,-40.10,2.20,17.03,-0.16,-0.17,0.95
18.584293127059937,77,129,5,-327,-52,66,-66,2,-162,-42.96,9.49,171.69,-40.83,-0.67,18.07,-0.18,-0.15,0.96
18.621143579483032,62,76,198,-300,-66,-3,-87,-67,-247,-43.17,9.50,172.45,-38.27,-0.79,12.57,-0.19,-0.10,0.95
18.657989978790283,58,188,15,-180,-19,2,-91,81,-148,-43.28,9.65,173.23,-41.32,-2.62,7.26,-0.19,-0.10,0.96
18.690797090530396,104,223,255,6,24,23,-30,128,-172,-43.27,9.81,174.05,-44.37,-3.11,1.10,-0.23,-0.17,0.97
18.72763681411743,124,147,235,124,72,-29,-4,26,-198,-43.20,10.01,174.61,-47.67,3.97,-4.03,-0.25,-0.20,0.91
18.76450777053833,30,64,245,142,146,43,-128,-83,-184,-43.04,10.34,174.97,-52.25,5.86,-9.77,-0.28,-0.32,0.88
18.8013653755188,47,180,164,83,33,-76,-106,70,-293,-43.02,10.58,174.88,-51.09,7.75,-6.10,-0.27,-0.44,0.87
18.838213205337524,86,30,5,111,15,-122,-54,-129,-162,-43.09,10.59,174.64,-54.14,7.81,-4.09,-0.20,-0.45,0.88
18.87505841255188,123,238,15,125,35,8,-5,-195,-148,-43.12,10.29,174.73,-60.30,10.74,-1.10,-0.19,-0.33,1.00
18.90785312652588,141,116,253,63,30,24,19,-14,-174,-43.25,10.27,175.38,-73.49,8.97,0.06,-0.27,-0.34,1.03
18.944714546203613,138,102,253,36,21,-55,14,-33,-174,-43.46,10.46,175.98,-81.79,4.09,3.91,-0.27,-0.40,1.02
18.981579065322876,117,74,237,59,18,23,-13,-70,-196,-43.61,10.57,176.75,-88.01,4.58,-1.65,-0.30,-0.38,1.15
19.014369249343872,114,126,253,55,11,21,-16,-1,-174,-43.57,10.66,177.83,-95.21,5.92,-6.53,-0.36,-0.38,1.11
19.05126976966858,119,97,252,44,12,-14,-11,-39,-176,-43.59,11.09,178.81,-104.55,8.48,-5.13,-0.47,-0.55,1.10
19.088038206100464,118,103,4,54,13,19,-11,-32,-164,-43.71,11.55,179.94,-114.62,12.70,-9.77,-0.61,-0.74,1.13
19.120810985565186,125,128,2,37,10,-16,-2,1,-167,-43.61,12.10,-178.46,-129.39,16.30,-13.18,-0.83,-0.68,1.23
19.153621912002563,111,92,253,45,9,-33,-21,-46,-175,-43.50,12.63,-176.30,-142.64,34.97,-12.76,-0.93,-0.33,1.27
19.19049906730652,105,101,252,49,23,11,-29,-35,-175,-43.70,12.73,-173.95,-154.05,36.07,39.67,-0.55,-0.11,1.24
19.22731375694275,105,137,249,51,17,-20,-29,13,-180,-45.66,12.48,-171.86,-154.11,5.13,77.51,-0.02,-0.27,1.07
19.2642605304718,118,115,244,72,21,-13,-12,-15,-186,-46.16,12.06,-170.16,-104.37,-15.56,-14.95,-0.19,0.07,1.04
19.301019430160522,113,124,242,87,31,16,-18,-4,-188,-45.04,12.25,-167.76,-67.20,-44.68,-41.93,0.22,0.53,1.14
19.33788824081421,122,118,246,99,13,-22,-6,-12,-183,-43.43,11.21,-165.64,-31.37,-10.56,-28.87,0.46,0.78,1.12
19.374970197677612,113,103,225,124,13,-19,-18,-32,-211,-43.78,10.08,-164.34,-2.26,18.01,39.92,0.17,1.10,1.00
19.411606311798096,96,125,218,142,20,-4,-41,-2,-221,-44.85,9.59,-163.51,25.21,0.00,58.78,0.15,0.86,0.79
19.444434881210327,86,144,203,166,25,-19,-54,22,-241,-45.89,9.15,-163.59,60.36,2.44,59.20,0.15,0.54,0.41
19.485355138778687,44,106,185,192,48,-10,-110,-28,-265,-46.76,8.74,-164.48,118.71,16.72,25.88,0.02,0.46,0.24
19.522281408309937,115,91,208,213,75,163,-16,-47,-234,-46.13,7.87,-166.80,166.02,6.90,-26.37,0.16,0.58,0.26
19.55907917022705,148,106,239,156,32,47,27,-28,-193,-45.36,7.32,-169.76,209.41,-2.87,-30.82,0.03,0.61,0.61
19.595957279205322,132,247,22,57,-41,-67,6,-182,-140,-44.12,7.20,-173.05,226.01,-21.73,-49.26,0.09,0.67,0.78
19.63278079032898,161,234,82,-17,58,182,45,-200,-59,-43.23,7.39,-176.53,227.17,-34.36,-7.08,0.02,0.72,0.70
19.665567874908447,122,100,72,-99,60,84,-6,-35,-72,-43.79,8.47,179.73,232.06,-48.40,37.11,-0.11,0.71,0.59
19.706526279449463,116,108,119,-216,-25,-142,-15,-24,-10,-44.90,9.95,175.52,238.71,-66.04,62.74,-0.13,0.56,0.70
19.74351406097412,174,17,66,-300,-83,-130,62,-146,-80,-46.39,11.48,171.33,246.77,-70.13,63.84,-0.21,0.33,0.76
19.780317068099976,157,3,58,-322,-69,4,40,-165,-91,-47.39,13.18,166.89,258.85,-59.88,23.68,-0.32,0.23,0.77
19.81712818145752,134,1,49,-315,-104,126,9,-168,-103,-47.55,15.09,162.17,263.98,-51.76,-13.92,-0.41,0.00,0.87
19.854000329971313,121,50,25,-319,-87,161,-8,-102,-135,-47.29,17.05,157.56,241.21,-55.85,-32.65,-0.41,-0.25,1.13
19.890849590301514,74,145,9,-327,-47,76,-70,23,-157,-47.44,18.68,152.82,225.95,-54.20,-10.07,-0.52,-0.22,1.04
19.927741765975952,103,71,208,-296,-65,-22,-32,-74,-234,-48.08,20.45,148.88,167.24,-24.35,24.72,-0.69,-0.44,0.67
19.96864414215088,81,213,32,-171,-19,-1,-61,114,-126,-49.13,21.08,144.62,106.20,2.56,22.71,-0.43,-1.11,0.55
20.00552248954773,85,237,251,18,-12,-107,-55,146,-177,-50.63,19.99,141.66,19.23,15.44,55.42,-0.31,-1.43,0.71
20.04240894317627,118,66,250,144,47,-86,-11,-81,-179,-51.72,18.58,140.46,-30.64,31.13,28.38,-0.19,-0.82,0.67
20.07935667037964,4,95,220,119,93,54,-163,-42,-218,-51.25,17.60,142.53,-87.65,51.76,-11.90,-0.31,-0.36,0.93
20.116234064102173,31,223,138,79,-14,-131,-127,127,-327,-50.01,17.49,146.14,-88.50,55.91,-14.16,-0.75,-0.09,0.93
20.157230377197266,118,207,50,119,15,-136,-11,-236,-102,-48.48,18.28,148.79,-43.21,47.24,-77.33,-0.43,-0.51,0.73
20.193992376327515,108,63,253,96,52,67,-25,-85,-174,-45.02,19.88,149.97,-17.27,45.96,-159.48,-0.59,-0.70,1.33
20.22684645652771,115,127,235,37,41,-4,-15,0,-199,-41.33,20.31,152.52,-42.42,72.45,-117.37,-0.36,-0.08,1.66
20.263596773147583,124,58,249,38,29,-10,-3,-92,-180,-38.34,19.46,156.35,-69.52,82.52,-58.65,-0.45,0.67,1.18
20.29649305343628,124,113,241,44,19,28,-4,-18,-190,-37.03,18.38,160.25,-100.83,56.95,11.05,-0.11,0.59,0.93
20.33322787284851,121,114,250,39,11,1,-7,-17,-178,-37.01,16.47,163.51,-81.60,34.30,21.42,0.10,-0.21,0.81
20.366124868392944,116,86,250,49,13,33,-15,-55,-179,-37.01,14.78,164.38,-41.26,29.66,-16.42,-0.01,-0.42,0.90
20.402854204177856,119,137,254,46,9,32,-10,13,-173,-36.25,13.57,166.15,-41.63,41.44,-15.63,-0.13,0.18,1.18
20.435620069503784,112,127,249,47,8,7,-19,0,-179,-36.12,12.66,168.54,-49.93,24.35,29.54,-0.23,0.25,1.14
20.464407444000244,113,122,1,59,4,0,-18,-6,-168,-37.10,12.18,170.23,-51.33,7.39,54.02,-0.17,-0.07,1.02
20.501150846481323,107,101,249,60,7,0,-26,-35,-180,-38.64,11.44,170.42,-42.91,7.75,45.35,-0.11,-0.45,0.98
20.534010887145996,110,122,251,60,10,-3,-22,-6,-176,-39.29,10.89,170.28,-31.01,13.06,13.73,-0.15,-0.21,0.98
20.570844173431396,105,122,253,71,5,-18,-29,-6,-174,-39.52,10.87,171.34,-31.13,-6.35,20.20,-0.20,0.02,1.00
20.603598833084106,121,131,246,90,38,11,-8,5,-184,-39.97,11.25,172.46,-31.68,-8.85,21.18,-0.22,-0.05,0.97
20.640536308288574,109,114,243,104,29,-4,-23,-18,-188,-40.86,11.26,172.94,-34.91,-8.30,38.64,-0.16,-0.25,0.97
20.67732000350952,126,122,238,114,17,-27,-1,-6,-194,-41.86,11.19,172.67,-36.44,-5.86,26.37,-0.12,-0.40,0.90
20.714234113693237,102,116,225,151,27,-6,-33,-14,-211,-42.43,11.29,172.17,-35.64,3.30,2.20,-0.24,-0.41,0.86
20.751007318496704,68,149,207,171,35,-5,-78,29,-235,-42.54,11.56,172.19,-40.16,7.39,-6.53,-0.28,-0.32,0.89
20.783909797668457,52,103,167,197,49,5,-99,-31,-288,-42.61,11.97,172.51,-49.44,5.74,-6.77,-0.30,-0.30,0.87
20.820690870285034,96,121,212,198,39,46,-40,-7,-229,-42.71,12.25,172.96,-54.02,7.87,-4.88,-0.27,-0.31,0.92
20.85752010345459,159,63,241,150,0,-62,42,-85,-190,-42.76,12.24,173.38,-54.26,9.95,-5.19,-0.27,-0.32,0.91
20.89036536216736,163,9,2,62,-82,-126,47,-157,-166,-42.96,12.25,174.01,-60.12,12.08,1.28,-0.25,-0.30,0.88
20.92716670036316,198,230,94,-9,29,134,94,-205,-44,-43.29,12.31,174.51,-64.64,10.93,3.48,-0.24,-0.34,0.89
20.959988832473755,175,67,68,-74,13,111,64,-80,-78,-43.59,12.13,174.93,-68.66,12.02,0.31,-0.21,-0.36,0.91
21.00090765953064,109,113,112,-173,-11,-30,-24,-18,-19,-43.78,11.91,175.65,-72.14,13.73,-0.49,-0.22,-0.24,1.00
21.03780198097229,143,46,90,-290,-91,-147,21,-107,-48,-43.93,11.71,176.80,-77.82,14.34,-1.16,-0.26,-0.20,1.00
21.078686714172363,187,242,55,-315,-88,-68,80,-189,-96,-44.05,11.79,177.92,-85.08,7.69,-3.30,-0.25,-0.27,1.03
21.11565923690796,139,5,49,-310,-98,80,16,-162,-103,-44.27,11.84,178.97,-91.49,7.87,-9.40,-0.27,-0.38,1.07
21.152547121047974,117,58,22,-321,-92,94,-12,-91,-140,-44.37,12.05,179.84,-96.80,10.86,-11.11,-0.36,-0.44,1.08
21.189257621765137,88,102,9,-327,-72,63,-51,-32,-157,-44.50,12.32,-179.12,-111.02,17.21,-10.13,-0.54,-0.56,1.12
21.226118087768555,70,75,207,-287,-24,48,-75,-68,-236,-44.63,12.75,-177.72,-123.29,19.41,-8.85,-0.71,-0.61,1.21
21.26711916923523,241,208,244,-212,49,171,-190,108,-187,-44.69,13.12,-175.92,-138.31,36.99,-14.89,-0.84,-0.55,1.31
21.29998207092285,91,226,240,-42,32,42,-48,132,-192,-44.98,13.11,-173.66,-143.07,49.01,8.48,-0.79,-0.27,1.36
21.33684229850769,126,147,240,90,42,-39,-1,26,-191,-47.1514.10,-5.98,-0.21,-0.23,1.02
21.373667240142822,146,98,22,128,46,-125,24,-38,-140,-43.84,10.47,175.57,-74.83,12.94,2.26,-0.24,-0.22,1.07
21.41052007675171,89,165,207,47,21,-195,-50,51,-236,-44.04,10.40,176.71,-82.21,9.34,1.59,-0.28,-0.29,1.06
21.4473774433136,190,240,17,127,36,-95,84,-191,-146,-44.16,10.58,177.61,-89.48,10.07,-2.38,-0.30,-0.31,-0.75
21.48424530029297,116,51,27,97,38,-36,-14,-101,-133,-44.35,11.13,178.52,-98.51,7.87,0.37,-0.43,-0.44,0.89
21.517003536224365,123,46,0,85,54,32,-4,-107,-171,-44.69,11.66,179.44,-107.60,8.06,6.10,-0.55,-0.62,0.90
21.549866914749146,128,103,246,53,34,15,1,-32,-183,-44.96,11.96,-179.43,-121.52,18.74,0.31,-0.64,-0.70,1.20
21.586702585220337,120,103,240,44,31,10,-8,-31,-192,-45.07,12.42,-177.75,-131.65,26.31,-7.08,-0.99,-0.54,1.14
21.623427629470825,120,115,247,55,20,17,-9,-15,-183,-44.84,12.74,-175.40,-139.65,51.03,-7.69,-0.81,-0.29,-0.03
21.656396627426147,112,104,243,52,17,21,-19,-30,-187,-46.43,13.15,-173.32,-160.52,17.09,82.03,-0.26,-0.30,1.01
21.693169593811035,107,109,253,54,5,24,-26,-24,-174,-47.94,12.69,-171.80,-127.38,-0.67,25.27,-0.04,-0.23,1.04
21.72595191001892,128,112,253,48,7,12,1,-19,-175,-46.84,12.48,-170.06,-88.20,-15.44,-54.81,-0.23,0.30,1.03
21.762686014175415,123,91,255,53,12,16,-5,-48,-171,-45.13,12.57,-167.02,-43.64,-39.67,-68.97,0.58,0.84,1.19
21.795615434646606,113,106,254,46,11,12,-18,-28,-173,-44.09,11.24,-165.54,-15.75,-5.07,-6.10,0.65,0.95,0.87
21.83244562149048,114,113,251,52,10,2,-17,-18,-177,-45.40,10.41,-164.81,16.72,16.60,76.72,0.16,1.03,0.28
21.869206428527832,103,121,253,62,12,12,-32,-7,-174,-46.54,9.84,-164.44,34.36,1.71,55.85,0.22,0.58,0.54
21.9021053314209,119,144,246,75,5,-12,-10,22,-184,-47.03,9.05,-164.89,88.81,2.87,28.08,0.06,0.46,0.40
21.934873342514038,130,120,249,94,32,-6,3,-8,-180,-47.19,8.71,-166.45,135.31,-4.33,15.20,0.22,0.44,-0.23
21.971731185913086,113,128,238,110,20,-17,-18,1,-194,-46.79,8.09,-169.39,192.14,-8.36,-15.32,0.15,0.58,0.24
22.012535333633423,112,98,229,133,24,-25,-19,-39,-206,-45.86,7.73,-172.77,211.73,-22.64,-24.96,0.08,0.65,0.65
22.04538893699646,85,140,212,161,29,-5,-56,17,-229,-45.08,7.85,-176.19,221.07,-38.15,-5.43,0.14,0.68,0.77
22.082165479660034,57,139,188,176,53,0,-92,15,-261,-45.30,8.47,-179.64,221.86,-39.73,30.03,-0.10,0.57,0.51
22.115077257156372,46,78,174,196,52,37,-108,-65,-279,-46.14,9.75,176.46,243.29,-58.23,44.86,-0.09,0.61,0.40
22.15197229385376,144,129,244,201,69,132,22,2,-187,-46.94,11.05,172.22,256.53,-59.51,37.90,-0.14,0.39,0.59
22.188775777816772,137,60,249,124,33,-28,13,-89,-179,-47.41,12.48,167.69,268.01,-57.98,12.82,-0.23,0.33,0.88
22.2256441116333,209,196,42,39,-59,-45,108,-250,-113,-47.49,13.97,162.87,264.04,-59.69,4.82,-0.34,0.20,0.72
22.262444734573364,165,20,71,-42,30,145,50,-143,-74,-47.57,15.90,158.18,248.29,-69.95,-4.82,-0.46,-0.18,0.80
22.299238681793213,99,110,99,-130,43,70,-37,-23,-37,-48.17,18.10,152.86,242.86,-63.54,-7.14,-0.50,-0.33,1.04
22.336190700531006,147,61,123,-247,-64,-150,26,-88,-4,-48.19,20.17,148.73,182.07,-22.16,-2.08,-0.70,-0.42,0.77
22.373020887374878,164,26,63,-302,-92,-75,49,-134,-84,-48.84,21.15,144.35,124.76,4.52,10.19,-0.58,-0.91,0.36
22.40982747077942,127,40,52,-327,-79,-3,0,-115,-100,-49.82,20.26,141.16,32.23,18.80,39.06,-0.31,-1.62,0.59
22.446736574172974,153,5,39,-316,-111,82,34,-162,-116,-50.63,18.80,139.80,-24.48,25.45,23.93,-0.21,-0.95,0.01
22.48368740081787,108,55,15,-326,-105,109,-25,-95,-149,-50.09,17.75,140.13,-79.83,54.26,-34.36,-0.38,-0.63,0.64
22.52054786682129,66,159,230,-327,-58,0,-81,42,-205,-47.96,17.73,144.05,-95.21,69.27,-41.08,-0.85,0.17,0.73
22.553316354751587,126,59,8,-252,-6,68,0,-90,-158,-46.55,18.02,147.45,-70.37,30.15,-24.23,-0.67,-0.22,1.00
22.590124130249023,146,172,24,-125,28,74,25,59,-137,-44.90,19.21,148.39,-42.42,34.67,-98.82,-0.67,-0.92,1.13
22.6269109249115,96,251,239,15,31,-3,-41,165,-193,-41.19,19.70,151.37,-49.26,53.77,-133.97,0.04,0.19,1.27
22.663833379745483,75,124,237,116,31,-105,-69,-4,-196,-37.48,18.94,155.56,-68.91,78.31,-97.66,-0.10,0.60,1.05
22.70072293281555,116,87,21,106,65,-121,-14,-53,-141,-35.11,17.76,159.34,-76.29,70.98,-39.79,-0.12,0.78,1.05
22.73753595352173,20,128,185,49,61,-162,-142,1,-265,-34.24,16.33,162.57,-66.04,47.97,9.22,-0.10,0.34,0.90
22.774415016174316,112,22,1,121,20,-94,-19,-140,-168,-34.21,15.12,164.96,-52.06,27.22,28.56,-0.15,-0.07,0.69
22.8112313747406,140,49,17,105,49,-15,17,-103,-146,-34.64,13.98,166.09,-43.76,25.63,21.91,-0.14,-0.21,0.96
22.84412455558777,108,81,251,65,56,10,-24,-60,-177,-34.82,12.89,167.24,-41.38,28.93,15.08,-0.16,-0.18,1.01
22.880983352661133,119,84,250,48,36,12,-10,-57,-178,-34.97,11.84,168.37,-38.51,25.76,15.44,-0.11,-0.16,1.04
22.913783311843872,125,120,237,44,24,21,-2,-9,-196,-35.24,10.84,169.29,-40.65,18.37,21.42,-0.09,-0.19,0.99
22.950639963150024,122,113,248,62,23,33,-6,-18,-181,-35.71,10.23,169.82,-41.08,11.35,23.62,-0.15,-0.25,1.00
22.983492374420166,106,129,250,62,20,20,-27,2,-178,-36.27,9.99,170.30,-38.09,4.94,26.37,-0.19,-0.19,0.88
23.01615834236145,123,119,0,67,31,27,-5,-10,-168,-36.84,10.15,170.78,-35.40,3.72,22.52,-0.22,-0.17,0.64
23.04898977279663,120,109,0,67,23,5,-9,-23,-169,-37.37,10.13,171.20,-35.89,-0.85,25.02,-0.17,-0.20,0.72
23.085676193237305,115,95,254,60,25,4,-16,-43,-173,-38.14,9.96,171.58,-38.21,-3.23,35.10,-0.16,-0.20,0.65
23.11849617958069,117,77,255,56,18,1,-13,-67,-172,-38.91,9.82,171.89,-41.87,0.24,34.18,-0.20,-0.22,0.60
23.155270099639893,111,93,254,51,19,11,-21,-44,-173,-39.54,9.88,172.02,-39.98,-2.44,21.85,-0.19,-0.27,0.92
23.19213628768921,112,115,252,60,19,15,-19,-16,-176,-39.98,9.93,172.18,-39.67,-2.44,15.50,-0.18,-0.17,-1.76
23.225003004074097,119,119,250,76,15,5,-10,-10,-179,-40.15,10.34,172.59,-44.62,2.26,5.37,-0.21,-0.12,0.98
23.26186490058899,107,118,238,93,14,-1,-26,-11,-194,-40.10,10.43,173.75,-47.36,4.94,2.62,-0.23,-0.04,-0.27
23.298763751983643,115,108,229,107,13,-10,-16,-25,-206,-40.02,10.77,174.72,-51.51,4.03,1.89,-0.25,-0.13,0.79
23.335587739944458,105,122,223,131,25,7,-29,-6,-214,-40.02,10.81,175.17,-53.77,5.80,1.28,-0.23,-0.27,-1.50
23.37235951423645,80,144,214,157,25,-9,-63,23,-226,-40.09,11.03,174.91,-54.93,8.24,-5.86,-0.25,-0.48,0.52
23.40523099899292,45,129,191,189,51,28,-109,3,-257,-40.03,11.16,175.38,-59.75,13.12,-8.18,-0.21,-0.37,-0.85
23.44205641746521,83,108,184,206,58,81,-58,-24,-266,-40.08,11.23,175.49,-70.50,13.79,-4.82,-0.21,-0.26,-0.86
23.474854707717896,130,129,218,180,38,37,4,3,-221,-40.11,11.12,176.26,-76.97,11.84,-2.50,-0.28,-0.33,1.00
23.51571488380432,87,41,255,98,-17,-118,-52,-115,-171,-40.22,11.21,176.78,-85.02,9.22,-2.69,-0.28,-0.40,0.52
23.54856824874878,227,172,71,7,28,57,133,-282,-74,-40.24,11.57,177.91,-91.61,7.20,-5.68,-0.29,-0.41,-1.78
23.585333347320557,193,43,55,-45,40,139,88,-112,-95,-40.36,11.89,178.73,-104.61,8.61,-8.30,-0.44,-0.59,0.91
23.618195295333862,102,109,99,-149,4,2,-33,-24,-37,-40.41,12.34,179.95,-116.58,10.31,-7.39,-0.59,-0.68,-0.76
23.659061670303345,148,50,118,-252,-69,-122,28,-103,-12,-40.49,12.84,-178.51,-134.52,18.68,-6.04,-0.79,-0.63,1.04
23.69624400138855,178,1,50,-290,-101,-40,68,-168,-102,-40.42,13.20,-176.25,-148.68,41.87,-13.55,-0.91,-0.43,1.23
23.732877016067505,138,21,58,-313,-85,87,14,-141,-91,-40.61,13.08,-174.02,-155.88,47.36,19.96,-0.67,-0.28,-0.18
23.773759841918945,149,33,42,-308,-102,124,29,-124,-113,-42.92,13.39,-172.28,-156.68,7.14,90.70,-0.13,-0.39,1.06
23.81070899963379,100,86,22,-327,-79,107,-35,-55,-139,-43.41,13.22,-170.51,-102.84,-5.98,-24.05,-0.30,0.20,-0.70
23.847609758377075,61,120,229,-327,-70,-41,-88,-9,-206,-41.73,13.43,-167.13,-59.75,-38.39,-64.03,0.24,0.81,-0.17
23.88851547241211,105,104,245,-239,24,128,-29,-30,-185,-39.83,12.03,-165.26,-36.44,-8.06,-41.44,0.56,0.72,-0.75
23.925431489944458,58,218,252,-96,37,33,-92,120,-175,-40.40,10.78,-164.25,6.10,31.74,66.10,0.20,1.13,-1.05
23.95814347267151,135,144,5,53,34,-34,10,23,-162,-41.74,10.09,-163.66,23.62,15.87,70.01,0.15,0.76,0.61
23.9950954914093,84,118,240,131,79,-15,-57,-11,-192,-42.67,9.62,-163.74,72.69,3.60,42.24,0.11,0.60,0.41
24.031841278076172,2,123,217,81,65,-70,-166,-6,-222,-42.95,9.09,-165.08,121.46,9.52,17.27,0.08,0.59,-1.87
24.068744897842407,255,158,138,80,-6,-193,-171,41,-327,-42.89,8.91,-167.91,182.62,-5.00,-4.33,0.17,0.62,0.08
24.109652757644653,114,19,30,108,10,-113,-17,-143,-129,-42.38,8.64,-171.36,211.06,-13.31,-6.23,0.05,0.61,0.10
24.142422437667847,149,15,3,102,60,40,29,-149,-165,-42.01,8.79,-174.80,228.58,-31.07,-3.85,0.11,0.61,-0.65
24.17524003982544,132,105,248,45,42,6,6,-29,-181,-41.79,9.04,-178.34,224.98,-32.90,8.85,-0.02,0.56,-0.28
24.21203923225403,116,71,245,34,29,-8,-14,-74,-184,-42.21,9.95,177.67,238.04,-52.25,42.36,-0.10,0.62,-0.53
24.24486517906189,126,97,243,38,20,34,-1,-39,-188,-43.19,11.28,173.41,247.50,-64.33,54.44,-0.11,0.51,-0.46
24.281687259674072,125,119,254,22,10,12,-2,-10,-173,-44.20,12.68,168.92,259.95,-63.60,38.39,-0.16,0.43,0.49
24.31455159187317,114,130,245,50,17,27,-17,4,-185,-44.62,13.98,164.50,260.38,-61.77,18.43,-0.20,0.23,-0.84
24.34724259376526,117,167,0,50,15,20,-13,53,-171,-44.78,15.61,160.01,251.10,-60.55,-7.26,-0.35,-0.04,-0.60
24.384154796600342,110,138,245,66,12,-19,-22,14,-185,-45.12,17.35,155.19,243.23,-64.64,-1.40,-0.41,-0.27,1.08
24.42095685005188,108,101,253,69,12,-5,-25,-34,-174,-45.70,18.56,150.21,203.67,-43.82,14.22,-0.59,-0.30,0.91
24.457807540893555,111,111,252,64,17,-9,-21,-20,-175,-46.79,20.06,145.36,159.12,-20.63,26.18,-0.63,-0.71,0.21
24.490582942962646,101,101,1,72,22,0,-34,-34,-167,-47.61,20.18,141.36,79.59,10.44,34.91,-0.42,-1.18,0.53
24.523369312286377,105,103,0,75,24,4,-29,-32,-171,-48.53,18.92,139.07,17.27,22.77,39.92,-0.23,-1.15,-0.04
24.560243368148804,115,100,246,85,22,-3,-16,-36,-183,-48.96,17.31,138.27,-44.31,40.04,7.63,-0.24,-0.70,0.76
24.593056678771973,107,121,246,97,26,0,-27,-7,-183,-47.39,16.94,141.30,-82.82,53.34,-25.21,-0.54,-0.32,0.98
24.63392400741577,117,117,241,106,24,-30,-13,-13,-190,-45.27,17.16,144.88,-72.02,59.81,-53.96,-0.71,-0.08,-0.07
24.67074203491211,100,122,221,141,41,13,-35,-6,-217,-42.69,18.53,146.76,-34.48,47.06,-109.07,-0.52,-0.71,0.42
24.703608989715576,70,151,208,163,52,8,-76,32,-234,-38.86,20.44,146.99,-10.68,55.73,-170.53,-0.65,-0.79,1.21
24.740473985671997,36,116,177,200,75,33,-121,-14,-276,-34.36,20.53,150.38,-42.11,82.70,-139.22,-0.30,0.37,1.05
24.777368307113647,93,103,194,208,78,130,-45,-32,-252,-30.93,20.09,154.19,-73.12,77.27,-49.38,-0.30,0.65,1.12
24.814245462417603,127,113,229,146,-2,-47,0,-18,-206,-30.04,18.81,158.11,-94.48,48.03,26.12,0.02,0.44,-0.61
24.85103440284729,186,0,2,66,-64,-170,78,-169,-166,-30.70,16.83,161.03,-77.70,18.07,66.89,0.16,-0.10,0.86
24.88384509086609,186,229,76,6,30,112,78,-207,-67,-31.63,15.25,161.60,-49.01,16.78,33.63,-0.12,-0.37,0.70
24.920618295669556,171,68,71,-58,27,134,58,-78,-74,-31.46,14.39,162.65,-41.44,35.77,6.65,-0.24,0.12,-0.35
24.957477807998657,118,104,102,-165,-25,7,-11,-31,-33,-31.29,13.77,165.12,-50.54,21.91,26.73,-0.24,0.18,0.98
24.994425773620605,165,49,97,-274,-104,-71,50,-103,-39,-31.87,13.02,166.96,-45.84,0.43,43.58,-0.08,-0.17,-0.14
25.031277179718018,173,25,53,-295,-90,-30,60,-136,-98,-32.92,12.09,166.64,-40.53,1.95,38.21,-0.03,-0.44,-1.19
25.068666458129883,130,22,45,-327,-118,35,3,-139,-109,-33.42,11.15,166.24,-34.79,12.76,15.44,-0.12,-0.29,0.96
25.10919761657715,124,46,24,-312,-93,115,-3,-107,-137,-33.46,11.11,167.09,-36.68,7.39,12.21,-0.19,-0.12,0.12
25.14594078063965,96,103,20,-327,-76,74,-41,-31,-142,-33.79,11.11,167.95,-39.79,0.79,25.88,-0.18,-0.16,-0.41
25.182974815368652,99,82,208,-322,-58,-33,-37,-60,-234,-34.59,11.44,167.68,-42.91,-5.92,36.25,-0.17,-0.32,0.29
25.2236270904541,17,176,252,-233,16,125,-146,65,-176,-35.33,11.21,167.42,-44.86,-1.10,24.90,-0.16,-0.40,0.09
25.260507345199585,111,251,236,-41,48,54,-21,165,-197,-35.78,11.59,166.93,-45.53,6.77,9.95,-0.19,-0.28,-0.05
25.293319702148438,125,147,250,93,60,-31,-3,26,-179,-35.76,11.55,167.70,-47.49,4.21,4.58,-0.25,-0.18,0.52
25.33421540260315,96,105,252,130,73,-68,-41,-29,-175,-35.70,11.56,168.78,-47.97,5.43,10.07,-0.23,-0.11,0.33
25.36704134941101,77,133,244,30,-27,-209,-66,7,-186,-35.64,11.59,169.89,-46.45,5.98,7.93,-0.26,-0.12,0.95
25.4079852104187,44,108,146,89,-10,-190,-110,-24,-317,-35.58,11.63,171.06,-49.32,6.84,2.14,-0.25,-0.11,-1.08
25.444923877716064,111,255,51,109,46,-45,-21,-171,-101,-35.43,11.93,171.81,-52.25,8.42,-0.79,-0.25,-0.17,-0.10
25.481664896011353,132,91,244,70,37,-7,7,-47,-186,-35.21,12.04,172.36,-54.14,8.48,-10.50,-0.21,-0.22,-0.04
25.514493942260742,117,84,242,52,26,-30,-12,-57,-188,-34.99,11.94,172.51,-55.66,9.52,-12.88,-0.19,-0.34,-1.91
25.55134129524231,108,90,245,59,18,24,-25,-49,-185,-34.82,12.09,172.35,-58.84,11.66,-10.56,-0.16,-0.31,-1.10
25.584119081497192,120,129,245,59,28,16,-9,2,-184,-34.63,11.81,172.96,-65.98,11.78,-4.70,-0.24,-0.27,0.98
25.620977640151978,120,104,250,49,20,-16,-9,-30,-178,-34.61,11.66,173.97,-75.81,10.19,-3.60,-0.25,-0.26,-1.20
25.653749227523804,111,96,0,61,24,22,-21,-41,-169,-34.65,11.78,174.47,-80.44,7.26,-5.92,-0.28,-0.41,0.69
25.690553665161133,112,120,251,48,14,8,-20,-8,-177,-34.65,11.89,175.00,-89.60,6.23,-7.32,-0.30,-0.43,0.98
25.723334312438965,112,86,253,53,11,0,-20,-54,-175,-34.76,12.39,175.73,-100.22,6.59,-4.21,-0.41,-0.50,0.33
25.7602436542511,104,100,255,53,18,21,-30,-36,-171,-34.96,12.85,176.70,-112.30,4.88,3.66,-0.58,-0.71,0.95
25.79298424720764,113,121,249,50,16,4,-18,-7,-180,-35.17,13.35,178.03,-128.30,13.00,-0.43,-0.74,-0.69,0.86
25.829854726791382,110,115,251,66,22,19,-22,-16,-177,-35.26,13.85,-179.88,-143.55,38.76,-10.62,-0.96,-0.45,1.20
25.86667799949646,114,128,253,80,21,18,-17,1,-174,-35.20,13.88,-177.58,-152.10,44.49,9.95,-0.69,-0.29,1.32
25.899499654769897,117,124,240,96,20,-15,-13,-3,-191,-36.86,13.65,-175.48,-160.28,21.42,70.19,-0.11,-0.28,0.36
25.94042468070984,115,106,240,112,17,-20,-16,-28,-191,-37.49,12.82,-173.66,-114.38,1.22,-17.94,-0.20,0.01,0.61
25.977415561676025,117,109,223,131,29,-4,-13,-23,-215,-35.88,12.85,-171.04,-74.83,-31.01,-58.72,0.16,0.70,0.35
26.014127254486084,86,148,213,159,35,-3,-55,27,-227,-33.61,11.66,-168.50,-41.63,-10.07,-55.36,0.62,0.66,0.03
26.046933889389038,35,143,180,186,58,4,-122,21,-272,-33.76,10.39,-167.30,-4.70,16.42,33.69,0.30,1.05,-0.17
26.083778858184814,55,69,202,202,63,45,-96,-77,-242,-34.88,9.75,-166.40,18.01,3.72,54.38,0.19,0.90,0.74
26.120619773864746,118,125,229,191,65,89,-11,-2,-207,-35.48,9.24,-166.42,54.08,-1.04,38.27,0.16,0.60,-0.86
26.153488159179688,126,59,0,102,21,-43,-1,-91,-169,-35.93,8.80,-167.21,108.52,-0.06,18.25,0.05,0.47,-0.03
26.19034457206726,211,224,48,24,-18,-43,111,-213,-105,-35.64,8.30,-169.75,160.95,-10.13,-8.97,0.18,0.41,0.17
26.22713851928711,196,1,63,-12,12,110,92,-167,-84,-34.81,7.93,-172.96,210.08,-17.52,-45.90,0.19,0.62,0.33
26.259920358657837,143,97,91,-107,25,95,20,-39,-48,-33.10,7.84,-176.41,224.67,-36.32,-65.25,0.26,0.60,0.50
26.300837516784668,114,88,117,-229,-26,-62,-17,-52,-13,-31.62,7.90,179.87,233.03,-44.25,-38.02,0.21,0.60,-0.73
26.337697744369507,158,15,61,-296,-87,-74,41,-149,-88,-31.23,8.77,176.15,239.07,-51.57,-9.70,-0.04,0.63,0.71
26.37458872795105,151,23,60,-327,-91,-17,31,-139,-90,-31.02,10.07,172.16,251.28,-64.70,-5.37,-0.10,0.60,0.71
26.41149091720581,139,255,43,-320,-90,128,16,-171,-112,-31.13,11.77,167.47,259.70,-75.20,2.44,-0.14,0.60,0.67
26.452399969100952,109,72,15,-327,-99,145,-24,-73,-149,-31.48,13.60,163.18,253.30,-82.34,6.96,-0.22,0.48,-0.78
26.493386030197144,40,164,253,-327,-55,-13,-116,49,-174,-31.95,15.79,159.05,240.84,-75.99,6.59,-0.35,0.18,-0.10
26.53025794029236,192,53,217,-247,-88,-103,87,-98,-222,-33.07,18.10,154.46,240.36,-70.74,39.06,-0.52,0.01,-0.48
26.567082166671753,155,224,45,-106,14,2,36,129,-109,-33.94,19.21,150.60,204.47,-51.27,6.59,-0.39,-0.24,1.01
26.599874258041382,120,134,254,56,61,-64,-9,9,-173,-35.98,20.64,146.49,160.58,-44.25,74.16,-0.59,-0.56,0.50
26.640794038772583,76,109,248,134,43,-118,-67,-23,-181,-37.91,20.66,141.44,121.15,-6.90,51.88,-0.46,-1.13,0.37
26.677656412124634,18,126,192,111,24,-42,-145,-1,-255,-39.48,19.39,138.02,38.57,14.40,66.28,-0.30,-1.22,0.51
26.71451711654663,201,50,18,97,-9,-187,98,-103,-145,-41.14,17.78,136.34,-19.53,11.41,59.08,-0.23,-0.94,-0.41
26.75138521194458,103,247,62,122,70,-62,-31,-183,-86,-41.61,17.09,136.77,-74.10,26.61,23.19,-0.34,-0.48,-0.89
26.784221649169922,111,75,233,92,48,17,-21,-69,-201,-40.94,17.12,140.02,-96.13,42.60,-4.46,-0.55,-0.33,0.79
26.816974878311157,128,77,245,59,41,-5,1,-66,-184,-39.20,17.34,143.82,-69.34,44.56,-33.75,-0.66,-0.11,0.91
26.853808879852295,120,74,234,64,28,27,-9,-71,-199,-37.33,18.27,145.40,-30.09,37.78,-107.97,-0.64,-0.96,0.74
26.890669345855713,116,114,248,42,11,-10,-14,-16,-181,-34.09,19.71,146.93,-29.11,59.14,-144.96,-0.52,-0.55,1.50
26.927499294281006,116,86,249,50,12,-4,-15,-54,-180,-30.10,19.39,150.91,-62.99,89.84,-109.50,-0.36,0.44,0.87
26.960346460342407,109,105,254,55,14,29,-23,-29,-173,-27.55,18.67,154.90,-81.30,72.08,-47.18,-0.27,0.72,0.88
26.99309754371643,126,129,254,50,10,0,-1,3,-173,-26.44,17.33,158.54,-80.20,47.18,-3.48,0.09,0.32,0.82
27.025825262069702,130,99,2,52,17,-9,4,-37,-166,-26.28,15.56,161.14,-56.76,27.34,13.85,0.04,-0.12,0.96
27.058640718460083,118,92,0,59,28,7,-12,-46,-169,-26.41,14.22,163.25,-54.32,29.72,22.52,-0.15,0.03,1.13
27.091408014297485,112,108,253,56,19,7,-20,-25,-175,-26.78,13.32,165.69,-51.27,20.75,38.51,-0.19,0.13,1.05
27.128410816192627,112,110,250,62,22,1,-20,-23,-179,-27.55,12.54,167.36,-43.46,12.15,42.85,-0.16,-0.12,1.03
27.16113018989563,111,131,249,75,8,-4,-20,5,-180,-28.41,11.71,167.62,-36.07,8.79,32.10,-0.06,-0.34,0.93
27.197859048843384,112,128,237,95,21,-10,-20,1,-196,-29.02,10.63,168.03,-29.54,8.18,22.03,-0.09,-0.14,0.38
27.23472261428833,119,126,236,114,19,-15,-11,-1,-197,-29.44,10.44,169.06,-30.58,-11.60,32.23,-0.12,-0.07,0.71
27.271593809127808,105,124,220,143,29,-15,-29,-3,-218,-30.32,10.66,169.97,-34.67,-13.37,40.71,-0.21,-0.15,0.90
27.304380893707275,69,147,205,175,47,1,-77,26,-238,-31.50,10.83,169.75,-35.46,-15.01,45.96,-0.21,-0.41,-0.16
27.34528875350952,27,115,151,193,74,37,-133,-15,-311,-32.56,11.10,168.87,-39.00,-4.76,26.25,-0.18,-0.55,0.81
27.382158756256104,94,103,206,217,87,171,-44,-32,-237,-33.05,11.01,168.19,-40.77,3.91,7.81,-0.21,-0.39,0.57
27.414971828460693,118,97,237,165,21,6,-11,-39,-195,-33.21,11.12,168.44,-44.98,7.57,0.67,-0.24,-0.26,0.92
27.45179557800293,128,8,3,40,-80,-104,1,-158,-165,-33.33,11.32,169.41,-46.51,8.18,6.47,-0.27,-0.20,0.89
27.488637447357178,151,241,75,-30,40,135,31,-190,-68,-33.60,12.04,169.79,-47.55,7.39,6.04,-0.24,-0.23,0.23
27.521445989608765,166,97,51,-91,17,29,51,-40,-101,-33.79,12.07,170.21,-49.50,8.18,5.25,-0.23,-0.27,0.87
27.562363386154175,114,93,111,-183,-16,-100,-16,-45,-21,-33.96,12.09,170.62,-53.41,7.87,4.09,-0.21,-0.23,-1.48
27.59928059577942,166,19,77,-288,-139,-193,52,-144,-66,-34.24,12.16,171.25,-58.84,7.20,4.70,-0.25,-0.26,0.92
27.636141538619995,175,1,60,-296,-119,-47,64,-167,-89,-34.50,12.19,171.72,-65.43,6.84,3.54,-0.25,-0.36,0.90
27.67711305618286,150,245,46,-282,-132,113,30,-184,-107,-34.87,12.06,171.85,-65.25,10.93,5.43,-0.24,-0.37,0.90
27.7180233001709,109,67,44,-304,-91,179,-24,-80,-110,-35.15,11.95,172.19,-70.62,12.63,1.71,-0.24,-0.32,0.96
27.754918098449707,97,105,22,-327,-47,104,-40,-28,-139,.4
27.79176616668701,76,84,209,-306,-50,28,-67,-57,-233,-39.16,11.37,173.12,-50.05,5.13,-1.34,-0.25,-0.28,0.94
27.828638792037964,26,211,1,-206,-9,29,-134,112,-168,-39.14,11.44,173.54,-50.05,8.61,-8.06,-0.27,-0.28,0.89
27.865488052368164,86,18,249,-15,32,51,-54,195,-179,-39.06,11.59,173.84,-53.53,9.95,-10.50,-0.27,-0.32,0.90
27.90231466293335,110,134,252,117,67,-10,-22,9,-176,-39.08,11.62,174.05,-59.39,12.82,-6.53,-0.26,-0.38,0.88
27.939231395721436,73,100,253,123,36,-107,-72,-36,-174,-39.26,11.57,174.32,-63.42,13.98,-0.37,-0.23,-0.38,0.89
27.976101636886597,108,136,197,62,69,-135,-25,11,-248,-39.53,11.42,174.56,-67.50,12.94,1.89,-0.20,-0.33,0.93
28.012962341308594,106,28,14,139,51,-53,-27,-131,-150,-39.74,11.16,175.43,-74.10,16.24,3.54,-0.23,-0.22,1.04
28.0498263835907,118,42,25,105,23,-33,-11,-114,-136,-39.83,11.03,176.68,-80.44,13.49,-1.83,-0.29,-0.31,1.03
28.086682558059692,112,89,243,77,48,-5,-19,-50,-187,-39.82,11.01,177.33,-83.01,9.03,-13.18,-0.26,-0.44,1.03
28.12350058555603,119,62,252,61,35,-1,-10,-86,-175,-39.67,11.01,178.10,-88.68,10.93,-16.66,-0.29,-0.41,1.11
28.156354904174805,123,105,244,53,15,14,-5,-29,-187,-39.60,11.22,179.19,-106.32,11.29,-12.63,-0.43,-0.50,1.12
28.193137884140015,123,101,248,45,14,14,-5,-34,-181,-39.70,11.70,-179.59,-118.71,11.60,-4.27,-0.63,-0.75,1.07
28.229989290237427,111,103,249,55,12,9,-21,-32,-179,-39.93,12.14,-178.09,-134.03,20.87,-2.75,-0.78,-0.73,1.18
28.262802839279175,123,111,255,43,25,24,-4,-21,-171,-40.07,12.60,-175.93,-146.12,37.11,-7.69,-1.07,-0.41,1.40
28.29963994026184,118,121,248,49,23,11,-11,-8,-180,-40.07,12.64,-173.59,-159.00,37.17,31.56,-0.64,-0.28,1.31
28.33242130279541,110,106,255,54,9,0,-22,-28,-172,-42.38,12.61,-171.53,-159.55,9.03,77.03,-0.04,-0.37,1.06
28.36925959587097,118,120,253,56,22,6,-11,-9,-175,-42.50,12.18,-169.90,-101.07,-6.59,-53.77,-0.20,0.01,1.02
28.402084350585938,115,112,249,62,24,17,-16,-20,-180,-40.66,11.90,-167.40,-64.88,-29.05,-76.90,0.17,0.62,1.23
28.438937425613403,108,140,251,73,13,-2,-25,17,-176,-38.58,10.28,-165.49,-30.09,5.00,-51.88,0.51,0.66,1.11
28.471708297729492,121,120,245,94,16,-9,-8,-8,-185,-38.84,8.85,-164.31,-0.85,27.34,36.50,0.24,1.11,1.00
28.512646675109863,122,111,233,111,12,-14,-6,-21,-200,-40.15,8.08,-163.35,14.59,21.61,61.83,0.24,0.90,0.84
28.549457788467407,117,110,226,126,3,-41,-13,-22,-210,-40.82,7.14,-163.39,58.35,1.95,33.87,0.19,0.57,0.57
28.582245111465454,99,130,212,159,32,5,-36,4,-229,-41.18,6.88,-164.19,109.44,-16.42,35.77,0.13,0.58,0.41
28.61910319328308,91,152,195,185,41,-5,-48,33,-252,-41.93,7.17,-166.31,151.98,-26.06,49.93,0.19,0.64,0.26
28.651907920837402,41,93,173,201,53,5,-114,-44,-281,-42.70,7.62,-169.31,190.67,-28.56,45.23,0.05,0.65,0.40
28.692821741104126,111,109,229,216,89,161,-21,-24,-206,-43.10,8.32,-172.77,220.21,-46.14,31.86,0.04,0.65,0.55
28.725625038146973,128,40,250,146,59,56,1,-116,-178,-43.40,8.96,-176.84,237.79,-42.54,32.04,0.01,0.60,0.58
28.762487173080444,138,243,38,31,-67,-5,15,-188,-119,-43.87,9.96,179.01,252.99,-47.73,30.88,-0.10,0.53,0.53
28.79526996612549,157,38,93,-60,19,98,39,-118,-45,-44.14,11.03,174.53,266.24,-51.33,18.92,-0.15,0.41,0.64
28.832120656967163,141,93,72,-120,51,-26,18,-44,-73,-44.43,12.40,169.84,279.30,-57.19,11.96,-0.25,0.41,0.82
28.873050212860107,118,96,115,-232,-43,-186,-11,-41,-16,-44.56,13.98,165.10,279.72,-66.41,1.77,-0.26,0.29,0.95
28.909965753555298,189,0,50,-320,-146,-176,83,-170,-102,-44.90,15.75,160.38,266.72,-72.27,-1.10,-0.41,0.01,1.01
