0.0006308555603027344,,75,-13,-157,-114,5
0.0015411376953125,106,14,4,115,74,58,-28,-151,-163,1,-0.42,1.30
0.0026369094848632812,128,118,31,-22,35,-73,0,-12,-127,-39.65,18.18,172.24,-47.12,47.12,-153.20,0.15,0.01,1.16
1.6232361793518066,84,17,17,38,16,-34,-57,-14103,58,18,80,-9,27,-32,-92,-145,-34.44,16.23,175.13,-10.74,44.98,-201.42,0.09,0.39,0.95
4.183722972869873,100,62,18,85,-8,30,-36,-87,-144,-7.51,0.00,0.00,286.19,-20.02,4.09,-0.50,-0.64,0.92
4.204038381576538,90,67,11,89,-4,36,-49,-79,-154,-7.51,0.00,0.00,296.33,-2.38,-48.77,-0.69,-0.72,0.97
4.224616050720215,89,72,1,90,-7,40,-50,-72,-167,-7.51,0.00,0.00,289.86,-2.62,-90.94,-0.89,-0.41,1.04
4.2408223152160645,107,72,229,87,-39,11,-27,-73,-206,-7.51,0.00,0.00,241.58,-34.67,-58.11,-0.86,-0.73,0.65
4.26152491569519,61,58,205,96,-41,-28,-88,-91,-238,-7.51,0.00,0.00,163.33,-6.35,-61.22,-0.50,-0.85,-0.04
4.28188157081604,111,19,43,86,-28,-2,-21,-144,-111,-7.51,0.00,0.00,83.74,22.77,-31.86,-0.43,-0.75,-0.02
4.302293539047241,152,38,31,47,-34,-87,33,-118,-128,-7.43,1.04,0.88,-5.13,14.59,12.51,-0.36,-0.77,0.32
4.327678680419922,100,231,78,52,-18,-58,-35,-203,-65,-6.71,1.88,3.76,-106.87,21.42,-1.83,0.08,-0.69,0.98
4.347480058670044,113,52,87,6,35,65,-18,-100,-53,-3.30,2.86,8.55,-127.26,15.01,198.85,-1.60,-3.39,2.34
4.3720924854278564,127,85,52,-76,-3,3,0,-56,-99,-2.06,4.03,11.55,-80.02,47.67,-73.85,-0.80,-0.45,1.13
4.392577648162842,123,42,52,-92,-19,-56,-4,-112,-100,-6.08,6.60,11.68,-84.41,115.60,-173.83,0.06,1.12,0.38
4.414587736129761,114,250,64,-49,15,23,-17,-179,-84,-6.78,7.21,11.80,-64.82,25.15,40.28,0.49,0.84,0.28
4.43772554397583,109,48,55,-50,30,100,-24,-105,-96,-5.22,9.29,14.07,-71.90,36.44,36.68,-0.52,-0.66,1.28
4.458009958267212,102,66,46,-88,-12,-1,-33,-81,-107,-6.67,12.80,15.68,-8.12,131.84,-146.36,-0.52,-0.12,1.72
4.482708692550659,95,40,40,-98,-43,-96,-42,-116,-115,-8.28,16.48,14.87,-27.71,62.62,-41.75,-0.24,0.68,1.01
4.503185749053955,99,9,41,-73,-25,-64,-37,-157,-115,-6.84,17.48,15.74,-59.33,-5.98,100.71,-0.41,-0.11,0.74
4.527737617492676,94,7,58,-42,-7,2,-44,-160,-92,-4.94,17.76,18.66,-46.02,4.27,56.34,-0.34,-0.67,0.99
4.548121452331543,97,32,44,-34,7,18,-40,-126,-110,-3.70,18.58,21.21,-27.10,18.80,19.41,-0.35,-0.58,0.91
4.572747230529785,97,60,30,-46,-8,-13,-40,-89,-129,-3.06,19.86,22.96,-13.43,25.57,-2.81,-0.31,-0.30,0.70
4.593256950378418,100,49,18,-50,-26,-58,-36,-104,-145,-2.69,21.55,24.52,-21.61,24.90,0.67,-0.36,-0.27,0.88
4.617958068847656,100,38,31,-44,-14,-43,-36,-118,-128,-1.71,22.34,26.65,-28.38,4.64,31.25,-0.33,-0.44,0.91
4.638272285461426,94,51,21,-45,-12,-27,-43,-100,-140,-0.46,22.66,29.13,-32.35,3.23,35.40,-0.31,-0.57,0.78
4.658888101577759,99,60,15,-39,0,-18,-37,-89,-149,0.62,22.96,31.58,-27.95,15.38,11.11,-0.30,-0.52,0.80
4.68328857421875,97,85,13,-41,1,-6,-40,-56,-152,1.12,23.96,33.80,-26.67,18.07,-3.97,-0.31,-0.48,0.76
4.708546161651611,104,56,16,-42,8,-19,-30,-94,-148,2.01,24.68,36.18,-30.64,18.31,14.40,-0.32,-0.38,0.84
4.729084491729736,101,59,16,-42,17,0,-35,-90,-148,2.94,25.32,38.65,-33.81,12.27,21.85,-0.36,-0.36,0.87
4.749177932739258,110,73,21,-59,18,-1,-22,-71,-141,3.81,25.61,41.18,-34.91,1.10,22.89,-0.33,-0.46,0.85
4.773673057556152,109,60,33,-82,10,-12,-24,-89,-124,4.58,25.84,43.70,-32.47,11.60,13.55,-0.27,-0.38,0.91
4.798277854919434,102,38,40,-73,23,25,-33,-119,-115,5.39,26.37,46.35,-34.85,13.67,11.41,-0.29,-0.28,0.90
4.81994891166687,95,243,68,-21,65,97,-42,-187,-78,6.04,26.75,48.84,-33.51,7.87,11.41,-0.30,-0.26,0.91
4.839240550994873,129,201,26,157,93,99,2,-244,-134,6.61,27.16,51.24,-30.09,10.01,7.39,-0.28,-0.26,1.00
4.86434268951416,186,230,96,-51,6,-87,79,137,-41,7.03,27.66,53.58,-30.88,7.57,4.52,-0.33,-0.28,0.92
4.88416051864624,116,221,182,40,21,-100,-15,-217,-269,7.38,28.01,55.84,-28.02,3.78,4.52,-0.29,-0.31,0.91
4.908793926239014,95,84,235,33,25,82,-42,-57,-199,7.73,28.30,58.11,-28.02,4.76,3.97,-0.31,-0.31,0.97
4.929064750671387,145,83,236,19,3,0,23,-58,-197,8.07,28.51,60.57,-32.04,2.20,5.07,-0.32,-0.29,0.98
4.953837156295776,109,31,2,45,-1,26,-24,-128,-166,8.32,28.64,62.91,-31.86,0.00,6.04,-0.29,-0.27,0.94
4.974396228790283,115,81,3,34,-10,8,-15,-61,-165,8.51,28.78,65.19,-31.80,0.85,4.58,-0.31,-0.31,0.99
4.994528770446777,105,57,24,61,-1,13,-28,-93,-137,8.62,28.98,67.46,-31.74,0.24,-0.24,-0.31,-0.29,0.93
5.0193235874176025,111,87,26,43,-2,33,-21,-53,-135,8.73,29.32,69.70,-31.80,1.95,-2.38,-0.29,-0.26,0.90
5.039653301239014,128,91,18,56,-1,18,1,-47,-145,8.83,29.44,72.01,-35.22,-0.67,4.39,-0.28,-0.23,0.94
5.064267635345459,122,68,9,61,-13,2,-7,-78,-156,8.95,29.35,74.51,-36.74,-2.56,10.25,-0.26,-0.22,0.90
5.084698677062988,100,73,4,70,-9,18,-35,-72,-164,8.97,29.17,76.85,-36.74,-6.29,11.17,-0.25,-0.15,0.90
5.109485626220703,85,66,248,92,-7,18,-55,-81,-181,8.84,29.10,79.08,-35.34,-8.00,7.57,-0.24,-0.16,0.87
5.129923105239868,95,99,166,100,-24,-17,-42,-36,-290,8.70,29.11,81.29,-34.85,-5.80,4.33,-0.25,-0.20,0.93
5.150286912918091,46,39,224,106,-26,-45,-107,-116,-213,8.59,29.21,83.53,-34.85,-3.60,-0.85,-0.27,-0.15,0.98
5.175250053405762,124,27,46,98,-13,35,-4,-133,-107,8.47,29.38,85.89,-36.80,-5.55,-2.50,-0.33,-0.16,0.92
5.199589252471924,159,47,57,59,-21,-60,42,-107,-93,8.23,29.58,88.12,-37.96,-7.51,-4.46,-0.31,-0.30,0.86
5.219965219497681,109,4,70,54,-19,-70,-24,-164,-75,7.90,29.64,90.40,-42.79,-9.58,-9.70,-0.34,-0.46,0.94
5.240653991699219,108,10,102,6,32,44,-26,-156,-33,7.46,29.83,92.67,-45.35,-6.04,-20.20,-0.52,-0.64,0.89
5.265360593795776,114,73,54,-80,13,64,-17,-71,-97,7.02,30.39,95.07,-57.74,-1.77,-29.36,-0.67,-0.82,0.84
5.2859416007995605,112,51,45,-105,9,29,-20,-101,-109,6.43,31.08,97.73,-74.77,-1.22,-27.10,-0.91,-1.09,0.95
5.310154914855957,103,14,38,-43,33,48,-32,-150,-118,5.87,31.61,100.97,-102.17,15.87,-28.02,-1.07,-1.46,1.18
5.330556154251099,116,36,44,-13,46,79,-14,-121,-110,5.71,31.74,104.92,-124.45,21.79,-13.31,-1.14,-1.48,1.30
5.355245113372803,105,81,46,-68,15,2,-29,-61,-108,5.30,31.61,108.95,-116.82,9.16,-12.63,-0.72,-0.90,1.28
5.375656843185425,87,54,32,-93,-19,-89,-53,-97,-126,6.04,32.28,112.65,-68.91,18.49,-81.60,-0.12,-0.34,1.37
5.400378227233887,97,18,26,-78,-15,-62,-39,-145,-134,8.76,34.91,116.38,-24.66,34.73,-189.58,0.18,0.00,1.08
5.420902490615845,91,22,43,-80,-5,-2,-48,-139,-112,12.41,38.82,119.83,26.18,-19.47,-205.14,0.56,0.55,0.97
5.445318222045898,87,31,33,-71,2,10,-53,-127,-125,14.66,42.00,120.98,53.10,8.18,-119.63,0.66,1.19,0.98
5.465790748596191,89,51,33,-76,-1,-10,-51,-101,-125,15.64,42.57,121.21,60.42,-3.05,-0.67,-0.04,1.24,0.62
5.49056601524353,97,45,30,-82,-20,-60,-40,-109,-129,12.41,42.08,117.43,132.32,-119.20,130.49,-0.02,1.11,0.12
5.510953903198242,94,20,36,-67,-16,-38,-44,-142,-121,5.20,39.70,108.76,205.02,-176.88,214.29,0.03,0.89,-0.05
5.531254291534424,100,39,47,-67,-5,-5,-35,-117,-106,-1.36,36.17,98.98,274.78,-156.74,196.84,-0.04,0.32,-0.07
5.555931091308594,106,51,39,-70,-3,-12,-28,-101,-117,-4.36,34.64,90.07,331.42,-76.11,86.73,-0.11,0.49,0.46
5.580576181411743,108,68,36,-86,-4,-7,-25,-78,-121,-6.30,32.26,82.61,310.24,-94.42,174.87,-0.39,0.34,0.85
5.60141134262085,95,20,42,-27,28,22,-42,-142,-113,-7.71,26.76,76.70,297.97,-74.04,188.84,-0.56,-1.30,0.73
5.621356964111328,156,211,35,124,86,140,39,-230,-122,-7.30,26.31,71.53,309.75,17.76,-82.76,-0.60,-0.99,1.13
5.64602518081665,158,193,49,-35,-25,-20,41,87,-104,-8.51,27.88,66.32,249.51,-45.29,-28.81,-0.42,-1.53,0.67
5.6707422733306885,86,246,243,36,12,-82,-55,-183,-188,-8.98,25.67,62.54,119.14,42.48,22.09,-0.28,-0.36,-0.41
5.691256284713745,105,73,243,23,33,41,-29,-71,-187,-8.64,25.65,62.47,-39.67,8.00,67.63,-0.43,-0.09,0.24
5.711404323577881,128,93,222,33,8,5,1,-45,-216,-8.30,24.05,66.67,-165.83,21.48,10.01,-0.48,-2.09,1.17
5.7360594272613525,127,52,7,40,11,11,0,-99,-160,-6.22,20.42,71.58,-76.66,29.97,100.77,-1.77,-3.35,2.09
5.75658655166626,116,60,2,36,4,23,-14,-88,-166,-6.00,24.91,74.02,-44.74,93.14,-221.37,0.08,0.77,1.01
5.781221389770508,105,49,11,34,2,18,-28,-104,-154,-4.96,32.03,76.51,-82.70,112.30,-219.06,0.39,0.94,0.31
5.801624298095703,109,73,21,42,-7,18,-24,-72,-140,-3.46,33.64,79.37,-82.03,88.93,-15.08,-0.18,0.48,0.74
5.826208114624023,122,60,26,46,-6,18,-7,-89,-134,-1.28,36.39,83.33,-46.20,103.21,-114.75,-0.34,0.43,2.36
5.846853971481323,119,71,16,47,-8,19,-11,-74,-148,1.12,38.04,87.16,-57.74,50.17,11.60,-0.35,1.03,1.56
5.871448516845703,115,73,8,54,-13,23,-15,-71,-158,0.03,34.41,89.87,-91.06,-53.77,183.41,-0.19,-0.02,0.77
5.89177131652832,102,75,6,71,-10,29,-32,-70,-161,-1.51,31.43,92.10,-63.78,-35.77,90.03,-0.23,-1.21,0.62
5.9165425300598145,102,88,240,89,-22,31,-33,-51,-192,-1.62,30.64,93.78,-5.92,46.33,-35.40,-0.24,-0.76,0.83
5.936882257461548,83,101,185,81,-32,-11,-59,-34,-265,0.13,31.71,96.37,-6.96,56.46,-43.40,-0.30,0.13,1.05
5.961637496948242,39,21,222,105,-28,-41,-117,-141,-215,1.07,32.00,98.96,-31.92,22.58,3.97,-0.33,0.13,1.11
5.9820849895477295,113,15,46,80,-23,37,-19,-149,-108,0.85,31.43,101.05,-29.85,-7.14,28.75,-0.30,-0.54,0.82
6.00661039352417,134,68,69,40,-21,-26,9,-78,-77,0.45,30.78,102.72,-15.81,15.44,-6.23,-0.35,-0.73,0.72
6.027251958847046,93,254,67,66,11,-38,-45,-172,-80,1.32,31.40,104.84,-9.22,38.15,-45.78,-0.37,-0.42,0.78
6.051706552505493,107,43,78,-2,30,65,-26,-112,-65,2.81,32.13,107.48,-14.65,44.98,-38.27,-0.34,-0.21,1.00
6.072055101394653,126,103,46,-110,-8,-18,-1,-32,-108,4.02,32.33,110.11,-22.58,32.90,-12.27,-0.26,-0.14,1.00
6.0967912673950195,117,26,45,-96,-29,-76,-12,-134,-108,4.54,32.06,112.44,-24.23,16.24,5.68,-0.29,-0.27,0.91
6.117076873779297,108,14,52,-62,17,29,-25,-151,-99,4.81,31.76,114.49,-17.27,19.47,-5.43,-0.36,-0.42,0.85
6.1375181674957275,86,28,45,-45,39,97,-55,-131,-108,5.51,31.88,116.62,-11.84,31.49,-24.60,-0.32,-0.33,0.90
6.1622092723846436,87,60,49,-63,24,65,-53,-89,-104,6.59,31.98,119.04,-18.01,33.63,-20.57,-0.33,-0.17,1.02
6.182558059692383,79,55,30,-39,19,-27,-64,-96,-129,7.34,31.75,121.57,-23.86,15.69,2.93,-0.27,-0.19,1.01
6.207278251647949,97,40,42,-42,-8,-75,-40,-115,-113,7.33,31.24,123.61,-26.31,5.31,10.74,-0.22,-0.36,0.88
6.227632999420166,87,9,48,-35,-5,-66,-53,-157,-105,7.14,30.64,125.54,-26.18,6.59,9.16,-0.22,-0.37,0.92
6.252365589141846,88,27,39,-35,1,-9,-51,-133,-117,7.00,30.18,127.53,-27.59,4.64,10.99,-0.25,-0.28,0.92
6.272708892822266,87,53,28,-43,-2,-4,-53,-99,-132,6.89,29.75,129.50,-25.45,4.58,7.20,-0.25,-0.27,1.00
6.297426462173462,91,73,23,-62,-16,-37,-47,-72,-138,6.63,29.40,131.50,-25.51,-0.92,9.70,-0.31,-0.29,0.94
6.317847967147827,102,66,15,-76,-28,-79,-33,-81,-149,6.21,29.13,133.23,-23.80,-4.82,5.74,-0.27,-0.36,0.92
6.342599630355835,104,54,17,-66,-17,-63,-31,-97,-147,5.93,28.77,135.06,-26.31,-1.28,4.82,-0.25,-0.29,0.94
6.3629608154296875,101,58,22,-69,-17,-47,-34,-91,-140,5.71,28.52,137.00,-28.08,-4.70,5.49,-0.26,-0.19,0.97
6.3833208084106445,97,56,24,-66,-3,-32,-39,-94,-136,5.32,28.49,138.81,-25.94,-14.77,5.19,-0.31,-0.24,0.95
6.408196210861206,100,55,20,-53,5,-10,-36,-95,-142,4.81,28.48,140.56,-27.53,-15.99,4.33,-0.33,-0.24,1.01
6.428359270095825,104,54,29,-49,4,-16,-30,-97,-130,4.29,28.61,142.47,-31.49,-21.73,8.12,-0.33,-0.18,0.98
6.453144550323486,105,50,22,-29,15,-10,-29,-102,-139,3.54,28.70,144.30,-36.44,-26.31,14.34,-0.33,-0.26,0.93
6.473477363586426,106,23,37,-20,19,-8,-27,-138,-120,2.60,28.79,145.94,-36.87,-26.43,11.23,-0.30,-0.36,0.86
6.498199224472046,88,250,44,46,53,32,-52,-179,-110,1.36,28.79,147.27,-39.86,-24.11,4.03,-0.25,-0.55,0.75
6.518589496612549,63,249,254,111,65,58,-84,-180,-173,0.29,28.48,148.63,-48.83,-6.59,-6.90,-0.27,-0.46,0.74
6.555378198623657,98,87,8,-25,10,-76,-38,-52,-158,-0.29,28.16,150.81,-58.96,-2.08,-6.47,-0.38,-0.46,0.88
6.563622236251831,102,35,39,28,11,-2,-33,-122,-117,-1.10,28.11,152.84,-71.29,-1.53,-7.63,-0.55,-0.62,0.82
6.583928108215332,155,75,17,23,52,51,37,-69,-146,-2.48,28.76,154.00,-80.02,0.31,-14.10,-0.70,-1.00,0.72
6.615499973297119,110,65,206,36,22,25,-22,-82,-236,-3.31,29.19,155.16,-97.11,10.56,-32.35,-0.82,-1.44,1.01
6.630516052246094,121,47,250,24,6,15,-7,-106,-178,-3.92,29.14,157.03,-119.02,31.74,-30.52,-1.09,-1.58,1.39
6.654053211212158,122,36,252,30,-4,17,-7,-121,-175,-4.78,29.11,159.61,-138.18,31.74,-13.85,-1.11,-1.01,1.48
6.674088001251221,108,74,0,29,-17,10,-25,-70,-169,-5.38,28.66,163.50,-116.27,19.04,2.38,-0.44,-0.05,1.55
6.698828458786011,108,85,18,51,-9,15,-25,-55,-145,-4.47,27.86,167.21,-68.97,21.06,-77.15,-0.03,0.29,1.24
6.723794460296631,124,90,28,65,-5,31,-4,-49,-132,-0.70,27.20,170.96,-12.27,29.36,-146.42,0.26,0.77,0.73
6.743913888931274,133,93,13,77,-4,36,8,-45,-152,3.27,26.84,173.10,31.13,25.70,-93.26,0.70,0.89,0.61
6.764441013336182,88,76,16,91,8,40,-52,-68,-148,2.35,26.12,172.82,67.26,5.55,88.68,-0.37,1.11,0.69
6.789035320281982,81,52,10,119,16,74,-60,-99,-155,-1.40,27.24,169.85,120.30,-83.44,169.62,-0.27,1.19,0.21
6.809349060058594,71,83,164,110,3,55,-75,-58,-293,-7.70,29.31,163.84,193.24,-149.35,243.29,-0.11,0.63,-0.10
6.834547758102417,48,33,236,101,-30,-13,-105,-124,-197,-13.96,30.82,155.41,292.72,-96.56,142.40,-0.17,0.18,-0.17
6.855016469955444,147,13,71,103,14,43,26,-151,-74,-15.68,31.71,147.40,346.13,-40.71,43.03,-0.03,0.34,0.28
6.8795106410980225,118,38,39,47,-4,-27,-11,-118,-117,-17.72,31.07,140.09,326.42,-54.87,105.41,0.04,0.03,0.86
6.899831295013428,102,15,84,27,16,7,-33,-149,-56,-21.22,29.12,132.10,306.58,-45.41,95.58,-0.23,-1.04,0.93
6.9243245124816895,123,38,87,-18,52,70,-5,-118,-52,-22.02,29.12,125.37,307.50,-1.89,-53.77,-0.86,-0.68,1.32
6.944759845733643,119,101,59,-90,27,44,-10,-34,-91,-22.35,30.55,120.59,231.81,-57.68,13.24,-0.85,-0.97,0.32
6.969470500946045,93,50,52,-98,-14,-65,-44,-103,-100,-25.34,29.80,114.79,108.34,2.56,36.80,-0.30,-0.69,-0.46
6.989599704742432,101,0,39,-39,18,-4,-34,-169,-116,-26.82,29.60,113.64,-22.03,-7.63,68.48,-0.35,-0.43,0.26
7.014394044876099,101,35,48,-36,38,95,-34,-122,-104,-28.39,27.34,116.01,-134.70,33.87,21.24,-0.27,-1.45,0.77
7.034991979598999,86,60,44,-48,29,41,-54,-88,-110,-28.63,24.45,119.81,-100.34,52.67,140.38,-2.00,-2.63,2.17
7.059412002563477,80,59,45,-64,-3,-62,-62,-90,-109,-26.79,26.30,123.03,-59.63,63.96,-233.83,0.21,0.49,1.14
7.079709053039551,93,36,31,-61,-2,-84,-45,-121,-128,-21.22,28.52,128.78,-110.72,104.31,-160.64,0.34,0.68,0.22
7.104520559310913,91,18,38,-69,-4,-59,-48,-145,-118,-19.47,27.83,132.31,-88.20,75.32,-44.01,0.05,0.24,0.25
7.12475323677063,85,13,33,-49,10,6,-55,-151,-124,-15.14,27.07,137.27,-61.34,140.08,-98.02,-0.76,0.60,2.25
7.149584770202637,91,44,32,-40,11,38,-48,-110,-126,-12.76,26.37,141.07,-77.39,19.78,34.36,-0.83,0.79,1.88
7.169831991195679,89,63,31,-56,-17,-30,-50,-84,-128,-14.60,26.16,143.62,-73.24,-24.41,87.22,-0.42,-0.27,0.39
7.1945507526397705,100,37,27,-50,-27,-79,-36,-119,-133,-17.29,25.96,143.40,-41.81,10.50,5.80,-0.25,-0.84,0.61
7.214960098266602,98,39,30,-44,-28,-56,-39,-117,-129,-16.41,24.84,145.10,-20.14,62.26,-32.53,-0.31,-0.34,1.15
7.239635944366455,91,49,32,-42,-19,-43,-47,-104,-126,-14.64,23.92,147.62,-23.07,51.27,-14.10,-0.30,0.28,1.13
7.260023593902588,97,61,28,-41,-5,-47,-39,-88,-131,-14.55,23.50,149.94,-40.04,4.15,29.24,-0.33,-0.05,0.87
7.285104513168335,103,51,25,-36,5,-22,-32,-101,-136,-15.78,23.16,150.98,-27.95,-4.21,16.66,-0.24,-0.70,0.76
7.305084228515625,105,44,47,-43,12,3,-28,-110,-107,-16.16,21.94,150.81,-10.19,37.96,-29.97,-0.29,-0.57,0.94
7.329746961593628,116,28,59,-39,18,39,-14,-132,-91,-15.09,21.37,152.48,-17.03,42.91,-32.71,-0.34,-0.19,0.98
7.350672245025635,110,251,57,-8,42,52,-22,-177,-93,-14.45,21.12,154.39,-21.00,22.34,-9.95,-0.31,-0.14,0.91
7.375360012054443,65,17,246,140,100,39,-82,-146,-184,-14.61,20.70,155.91,-24.23,7.81,13.12,-0.27,-0.28,0.93
7.395504474639893,101,135,24,-55,-9,-95,-34,10,-137,-15.15,20.29,156.82,-20.39,9.52,4.03,-0.27,-0.38,0.85
7.419891834259033,126,2,246,38,20,-6,-1,-167,-183,-15.25,19.99,157.93,-17.27,18.62,-10.86,-0.34,-0.30,0.88
7.440217971801758,126,94,222,28,29,52,-1,-44,-216,-15.01,19.69,159.30,-19.04,20.87,-10.44,-0.31,-0.24,0.98
7.464910507202148,127,55,236,35,0,9,0,-96,-197,-15.01,19.35,160.58,-23.62,13.85,1.28,-0.30,-0.25,0.99
7.485362768173218,124,41,0,35,-12,13,-3,-114,-168,-15.31,18.93,161.60,-21.42,8.54,3.78,-0.25,-0.31,0.93
7.510420560836792,103,59,18,35,-18,0,-32,-90,-145,-15.69,18.40,162.38,-19.78,7.69,1.95,-0.22,-0.33,0.93
7.5304412841796875,102,68,32,40,-14,13,-33,-78,-126,-15.84,18.00,163.39,-19.35,8.97,-0.12,-0.23,-0.22,0.94
7.555041551589966,121,87,36,61,-15,17,-8,-53,-121,-15.99,17.66,164.74,-20.94,5.55,-0.79,-0.26,-0.18,0.97
7.575423717498779,133,84,18,69,-20,8,7,-56,-145,-16.25,17.79,165.58,-16.05,1.16,-4.27,-0.33,-0.26,1.00
7.600115537643433,92,70,9,79,-6,18,-46,-75,-157,-16.50,17.99,166.27,-14.59,-1.28,-6.29,-0.35,-0.23,1.01
7.62096643447876,78,51,253,103,-8,35,-65,-101,-174,-16.71,18.27,167.19,-17.70,-4.52,-1.59,-0.38,-0.21,0.93
7.640902280807495,68,95,155,105,-17,7,-78,-42,-305,-17.18,18.49,167.91,-20.51,-13.18,7.14,-0.18,-0.26,0.97
7.6656293869018555,75,52,234,82,-54,-40,-69,-100,-200,-17.94,18.26,168.24,-21.12,-7.14,11.47,-0.21,-0.30,0.96
7.690353631973267,137,22,85,69,-47,-35,13,-140,-55,-18.59,18.07,168.55,-22.03,-6.96,9.09,-0.26,-0.26,0.96
7.710758447647095,117,12,68,43,-54,-103,-12,-153,-78,-19.22,18.50,169.14,-24.23,-11.47,12.15,-0.35,-0.20,0.96
7.731067895889282,122,6,91,-18,-63,-21,-7,-161,-47,-19.88,19.09,169.90,-28.26,-23.68,17.46,-0.32,-0.21,0.93
7.7558722496032715,116,83,63,-97,5,13,-14,-58,-85,-20.77,19.39,170.17,-29.60,-25.02,15.56,-0.28,-0.35,0.91
7.77620530128479,99,44,33,-106,-31,-101,-37,-110,-125,-21.72,19.48,170.05,-32.23,-17.82,16.97,-0.28,-0.34,0.95
7.800891876220703,116,224,51,-43,8,10,-14,-213,-101,-22.75,19.64,170.26,-38.57,-17.40,18.37,-0.29,-0.30,0.94
7.825893402099609,111,253,74,-2,59,153,-20,-175,-70,-23.81,19.86,170.31,-45.04,-14.71,16.30,-0.35,-0.40,0.81
7.846181869506836,105,57,56,-19,59,128,-29,-93,-94,-24.87,20.34,169.72,-48.16,-11.41,6.96,-0.37,-0.63,0.74
7.86627197265625,96,82,41,-54,1,-18,-40,-60,-114,-25.68,20.80,169.28,-57.13,-7.14,-1.46,-0.41,-0.68,0.75
7.891245126724243,88,35,40,-68,-29,-91,-51,-123,-115,-26.31,21.33,169.26,-70.01,-1.04,-2.99,-0.56,-0.69,0.84
7.911348581314087,101,13,40,-50,-4,-35,-35,-152,-115,-26.99,21.90,169.56,-86.98,4.52,-2.38,-0.69,-0.80,0.92
7.935904264450073,99,40,36,-44,14,22,-37,-116,-121,-27.71,22.55,170.47,-103.52,10.07,0.18,-0.96,-1.02,1.06
7.956305265426636,106,65,26,-48,11,17,-27,-83,-134,-28.23,22.77,171.74,-122.07,30.94,-0.61,-0.98,-1.21,1.25
7.981029033660889,97,67,32,-70,-5,-42,-39,-80,-126,-29.32,22.63,173.04,-131.96,28.20,24.48,-0.96,-1.03,1.48
8.001422882080078,93,35,26,-60,5,-44,-45,-122,-135,-30.86,22.67,174.16,-115.30,9.83,27.40,-0.54,-0.43,1.43
8.026716232299805,99,49,22,-73,8,10,-37,-104,-140,-30.52,21.62,176.66,-82.64,21.00,-29.66,-0.18,0.24,1.13
8.04644250869751,100,63,18,-91,-7,-18,-36,-85,-145,-27.83,19.91,-179.73,-35.03,40.77,-109.86,-0.11,0.44,0.82
8.071700096130371,92,55,17,-81,-12,-33,-46,-95,-147,-24.90,18.89,-177.94,13.85,-0.61,-102.84,0.70,0.64,0.54
8.091857433319092,104,54,24,-78,-14,-51,-31,-97,-138,-23.61,17.46,-177.46,57.56,31.43,25.09,-0.01,0.76,0.67
8.116314172744751,99,50,23,-71,-13,-45,-37,-102,-139,-25.46,17.99,-178.83,105.59,-29.72,110.23,-0.31,0.86,0.45
8.136751890182495,96,47,33,-57,0,-25,-41,-106,-125,-28.89,19.79,177.76,182.37,-100.77,179.38,-0.12,0.90,0.17
8.1614351272583,110,6,47,-16,28,17,-22,-160,-106,-33.60,22.22,171.65,248.54,-119.26,183.78,-0.06,0.44,0.10
8.185953378677368,125,225,55,74,79,96,-2,-211,-95,-36.90,24.27,163.98,331.30,-71.17,54.02,-0.02,0.13,0.08
8.20644998550415,19,82,231,93,-2,105,-144,-60,-203,-37.10,24.38,157.27,353.52,-43.46,28.87,0.00,0.12,0.76
8.226799011230469,147,64,235,-7,10,-137,26,-83,-198,-39.58,24.02,149.77,319.09,-79.96,116.09,-0.04,-0.47,1.04
8.251417875289917,95,15,92,40,31,27,-42,-149,-47,-43.11,23.41,140.33,312.32,-6.96,56.88,-1.31,-0.97,1.27
8.27178955078125,120,88,215,0,16,4,-9,-52,-225,-41.56,24.69,134.83,280.15,19.90,-108.95,-0.94,-0.79,1.00
8.296499490737915,119,50,250,42,1,-6,-10,-103,-179,-44.03,25.62,127.85,185.12,-32.23,50.48,-0.39,-0.73,-0.22
8.317112445831299,123,48,239,16,-7,13,-5,-105,-192,-45.40,24.85,125.20,18.98,1.53,85.57,-0.31,-0.31,0.05
8.341481447219849,121,50,6,38,-7,15,-8,-103,-160,-48.13,23.43,125.12,-77.21,-22.40,94.91,-0.42,-1.07,0.66
8.36194896697998,110,62,17,39,-7,16,-22,-86,-146,-47.86,22.40,127.79,-149.17,52.00,92.35,-1.57,-3.72,1.59
8.387073993682861,116,75,28,50,-15,11,-14,-68,-132,-48.31,21.80,129.48,-57.07,44.86,-14.16,-1.22,-0.60,1.33
8.40705156326294,125,85,23,57,-20,-1,-2,-55,-139,-43.29,24.26,134.38,-89.72,102.91,-231.93,0.29,0.79,0.75
8.431822061538696,117,67,3,71,-15,-2,-13,-80,-164,-38.40,24.85,139.95,-94.91,68.54,-117.68,0.87,0.46,0.48
8.452005624771118,89,64,6,85,-5,16,-50,-83,-160,-36.51,23.85,143.07,-44.37,54.44,-48.28,-0.37,-0.31,0.87
8.476841926574707,96,76,230,110,-16,34,-41,-67,-205,-32.45,23.04,146.30,-14.10,116.03,-109.62,-0.66,0.67,2.26
8.497507095336914,64,82,179,105,-25,-10,-84,-59,-273,-30.49,22.20,149.86,-89.90,0.92,67.63,-0.46,0.81,1.47
8.521855354309082,91,16,33,93,-12,35,-48,-148,-125,-33.25,22.31,151.94,-77.70,-36.13,115.72,-0.39,-0.44,0.43
8.553480625152588,137,57,46,68,-19,-11,13,-93,-108,-35.18,21.93,150.95,-32.10,5.98,7.32,-0.22,-0.97,0.75
8.590278148651123,94,12,41,43,-52,-78,-44,-152,-114,-34.62,20.76,151.10,-13.12,47.73,-35.58,-0.29,-0.47,0.98
8.62705111503601,107,11,103,-13,14,33,-27,-154,-32,-32.89,19.94,153.02,-18.62,43.58,-26.67,-0.23,0.13,0.96
8.659793376922607,98,67,74,-97,4,7,-38,-79,-70,-32.55,19.54,155.21,-35.28,8.12,24.35,-0.31,-0.14,0.94
8.692609071731567,121,235,69,-56,3,-38,-8,-198,-77,-33.77,19.37,155.52,-27.65,-12.08,33.81,-0.29,-0.64,0.80
8.729456186294556,108,187,65,73,55,65,-25,-262,-83,-34.46,18.74,154.40,-18.13,14.83,-1.34,-0.25,-0.69,0.75
8.762228727340698,135,90,79,73,46,210,11,-49,-64,-34.16,18.17,154.06,-13.79,28.81,-30.94,-0.32,-0.49,0.83
8.799062252044678,109,162,64,-87,31,-17,-24,46,-84,-33.36,17.94,155.38,-20.02,24.54,-20.94,-0.29,-0.18,0.98
8.835978984832764,80,79,14,-155,-106,-298,-62,-63,-150,-32.94,17.62,157.15,-31.01,3.72,12.21,-0.25,-0.11,0.97
8.876914978027344,160,205,44,-122,-76,-215,44,-239,-110,-33.34,17.46,158.45,-32.04,-2.50,22.52,-0.32,-0.35,0.87
8.913797378540039,72,223,34,-15,26,143,-73,-214,-123,-33.97,17.54,158.64,-25.70,1.22,9.34,-0.29,-0.44,0.88
8.950637340545654,115,32,72,-3,82,251,-15,-127,-73,-33.96,17.45,159.11,-21.18,12.82,-6.23,-0.28,-0.28,0.90
8.983435869216919,79,142,13,-81,34,54,-63,20,-151,-33.82,17.35,160.24,-24.41,8.30,-0.37,-0.31,-0.23,0.93
9.020266056060791,99,91,9,-92,-34,-115,-37,-48,-157,-33.85,17.09,161.16,-24.72,2.26,5.43,-0.23,-0.28,0.92
9.06119179725647,85,40,26,-86,-31,-116,-56,-115,-134,-34.07,16.71,161.70,-24.48,2.87,9.09,-0.22,-0.31,0.94
9.094032287597656,82,1,28,-62,-19,-24,-59,-168,-131,-34.24,16.54,162.22,-23.19,1.71,5.31,-0.28,-0.32,0.91
9.130855083465576,98,49,25,-51,-1,35,-38,-104,-136,-34.25,16.46,162.66,-22.34,3.91,-1.89,-0.31,-0.33,0.90
9.167718648910522,103,75,20,-62,-15,-23,-32,-70,-142,-34.25,16.34,163.11,-21.97,4.39,-2.20,-0.29,-0.33,0.94
9.204613208770752,105,53,23,-59,-18,-81,-29,-98,-138,-34.34,16.21,163.65,-26.92,-1.16,5.98,-0.25,-0.32,0.92
9.245500087738037,102,44,24,-85,-21,-47,-32,-110,-136,-34.71,16.21,164.06,-31.80,-4.76,11.90,-0.25,-0.33,0.89
9.282443284988403,115,43,34,-88,-2,-25,-15,-111,-123,-35.17,16.08,164.31,-34.36,-5.25,10.74,-0.29,-0.35,0.96
9.319252967834473,116,24,41,-75,19,39,-15,-136,-114,-35.43,16.06,164.83,-33.81,-4.21,5.37,-0.28,-0.26,0.92
9.35200309753418,86,245,59,1,62,75,-55,-185,-91,-35.55,16.24,165.71,-34.06,-5.37,4.03,-0.28,-0.21,0.91
9.388871908187866,96,233,36,170,109,68,-41,-201,-121,-35.64,16.35,166.48,-33.75,-6.23,1.34,-0.29,-0.25,0.95
9.421664714813232,132,193,63,-57,24,-120,7,88,-85,-35.69,16.42,167.26,-36.19,-6.35,0.85,-0.30,-0.20,0.96
9.458538293838501,169,204,245,28,12,-2,56,-239,-185,-35.78,16.68,168.17,-38.15,-9.83,5.62,-0.29,-0.19,0.95
9.495347738265991,94,94,198,-27,29,86,-43,-44,-247,-35.96,16.82,168.81,-40.59,-13.18,4.15,-0.28,-0.27,0.92
9.528125762939453,152,90,235,9,9,25,33,-48,-199,-36.15,16.96,168.73,-39.25,-12.33,-5.74,-0.25,-0.41,0.84
9.560912609100342,107,57,249,36,0,38,-26,-93,-179,-36.32,17.26,168.26,-41.08,-10.80,-17.94,-0.28,-0.45,0.81
9.59791898727417,105,112,241,43,-6,28,-29,-20,-190,-36.30,17.58,168.13,-52.37,-5.80,-20.69,-0.32,-0.46,0.79
9.630559921264648,104,99,23,63,-9,26,-30,-37,-138,-36.33,17.93,168.05,-63.54,-4.21,-19.04,-0.40,-0.60,0.81
9.667375802993774,125,82,19,82,-9,36,-2,-60,-143,-36.26,18.46,168.21,-73.49,0.24,-24.60,-0.57,-0.81,0.83
9.700122594833374,127,89,20,81,-16,12,0,-50,-142,-36.02,19.04,168.86,-89.54,14.22,-35.10,-0.71,-0.92,0.90
9.732952356338501,103,80,13,96,-15,20,-32,-63,-151,-35.46,19.11,170.04,-108.64,28.69,-37.60,-0.82,-1.29,1.16
9.76980996131897,90,42,249,126,-20,32,-49,-113,-180,-35.31,18.91,171.61,-129.33,26.18,-13.31,-0.92,-1.39,1.35
9.810817956924438,40,102,189,74,-42,-54,-115,-32,-260,-35.84,19.23,173.12,-131.71,11.78,0.67,-0.71,-0.72,1.31
9.843546628952026,77,237,42,117,6,53,-66,-196,-113,-35.72,18.95,174.89,-91.49,9.52,-47.30,-0.17,-0.16,1.44
9.876310586929321,130,81,39,72,-6,17,3,-61,-117,-32.83,17.34,177.74,-51.03,36.13,-133.12,0.01,0.30,1.18
9.913182735443115,119,41,48,65,-25,-80,-10,-115,-105,-28.64,15.94,-179.42,-1.83,-4.52,-150.27,0.43,0.60,0.84
9.945950984954834,98,3,71,50,5,-10,-38,-165,-74,-25.26,15.17,-178.37,33.94,-1.65,-106.08,0.57,0.93,0.70
9.982754468917847,110,59,73,-27,22,49,-22,-90,-71,-24.72,14.48,-178.23,71.11,-14.10,44.62,-0.31,1.11,0.49
10.0196213722229,118,80,50,-88,-14,-41,-12,-63,-102,-27.25,16.60,179.59,129.58,-98.51,138.00,-0.23,1.07,0.23
10.056541442871094,109,12,63,-73,-19,-69,-23,-152,-85,-31.56,19.69,174.91,220.03,-156.49,203.74,-0.21,0.83,0.01
10.093340873718262,106,0,51,-28,30,40,-27,-170,-101,-36.27,22.69,167.86,284.12,-137.15,161.50,-0.17,0.27,-0.04
10.126160383224487,100,51,44,-33,31,96,-35,-101,-110,-38.17,24.62,160.19,352.97,-58.53,19.71,-0.08,0.26,0.13
10.162960767745972,90,70,42,-57,10,2,-49,-75,-113,-39.04,25.30,152.92,353.09,-62.44,60.12,-0.24,0.09,0.87
10.199817657470703,89,43,48,-70,-12,-75,-50,-111,-104,-42.18,25.02,143.23,356.51,-46.57,25.70,-0.25,-1.43,0.57
10.232691764831543,98,20,31,-67,2,-56,-39,-142,-128,-40.68,26.34,135.06,360.84,65.06,-118.71,-1.06,-1.19,1.53
10.269495487213135,98,20,41,-65,-3,-16,-38,-143,-114,-37.00,28.94,130.90,253.42,-32.29,-60.79,-0.47,-0.32,0.92
10.306335926055908,87,34,34,-52,17,30,-53,-123,-124,-38.20,28.91,128.33,110.72,-19.90,56.27,-0.26,0.00,-0.06
10.33910870552063,87,58,29,-65,3,12,-53,-91,-130,-39.00,28.84,127.34,-18.92,1.95,31.49,-0.67,-0.49,0.04
10.375968217849731,93,60,24,-75,-17,-46,-45,-89,-137,-39.07,27.60,129.96,-178.10,46.81,37.48,-1.58,-3.61,3.13
10.412855386734009,104,31,22,-69,-16,-56,-31,-128,-140,-40.07,25.37,132.72,-82.03,26.43,-48.34,0.16,0.96,1.23
10.449743747711182,89,49,23,-73,-19,-36,-50,-104,-138,-35.92,26.11,138.20,-116.46,88.13,-92.22,-0.13,0.50,-0.22
10.486626386642456,99,59,23,-76,-21,-56,-37,-90,-138,-34.42,26.13,140.37,-55.79,39.18,-42.97,0.32,0.49,0.41
10.527485609054565,104,48,28,-65,-12,-58,-30,-104,-132,-33.12,24.76,143.12,-64.03,50.35,-52.92,-0.10,-0.72,1.87
10.564389705657959,111,36,36,-61,-1,-19,-20,-121,-121,-28.61,23.44,146.54,-12.82,117.49,-103.21,-0.54,0.58,1.82
10.5930757522583,97,9,38,6,20,0,-40,-157,-118,-27.48,22.70,149.61,-68.18,21.97,44.92,-0.47,0.67,0.96
10.629922866821289,128,216,49,149,98,33,1,-223,-104,-29.38,22.57,151.79,-54.87,-22.89,88.13,-0.50,-0.32,0.60
10.66267442703247,128,135,107,10,24,28,1,10,-26,-30.87,22.04,150.85,-23.44,3.42,27.34,-0.35,-0.70,0.96
10.69951343536377,127,30,225,34,20,-58,0,-128,-212,-30.64,21.27,151.17,-18.98,33.33,-5.62,-0.30,-0.42,0.93
10.732303857803345,162,34,52,36,33,21,46,-124,-100,-29.84,20.13,152.92,-23.50,32.17,11.05,-0.23,-0.05,0.85
10.765109062194824,131,39,222,28,30,41,4,-117,-215,-30.22,19.34,154.24,-30.03,7.45,39.67,-0.25,-0.29,0.91
10.79785943031311,109,51,0,19,6,-4,-23,-100,-171,-31.30,18.78,154.07,-29.30,-1.46,33.94,-0.29,-0.68,0.85
10.834696292877197,115,35,6,21,0,18,-15,-123,-161,-31.96,18.17,153.11,-17.76,17.21,-11.29,-0.24,-0.69,0.72
10.867470979690552,113,68,254,10,-5,31,-19,-78,-173,-31.35,17.60,152.65,-10.93,29.91,-34.73,-0.24,-0.44,0.82
10.900243520736694,108,82,16,40,5,33,-25,-60,-148,-30.30,17.27,153.75,-20.51,28.38,-21.61,-0.32,-0.34,0.89
10.933028936386108,116,86,20,54,0,28,-14,-54,-142,-29.86,17.01,155.22,-29.66,20.75,-2.14,-0.31,-0.36,0.84
10.969859600067139,110,98,15,59,-12,0,-22,-38,-148,-29.94,16.68,155.83,-26.55,14.59,4.39,-0.30,-0.40,0.80
11.002690076828003,97,78,17,90,5,28,-40,-64,-147,-29.71,16.87,156.49,-27.04,22.28,-9.09,-0.37,-0.40,0.84
11.035370826721191,91,67,0,109,16,43,-48,-80,-169,-29.30,17.03,156.81,-20.94,21.67,-25.39,-0.26,-0.50,0.85
11.07224178314209,102,64,219,113,-2,51,-33,-83,-220,-28.48,16.19,157.27,-18.98,29.30,-30.27,-0.21,-0.32,0.97
11.109096765518188,63,62,198,88,-38,-30,-85,-87,-247,-27.47,15.54,159.00,-30.64,30.52,-21.24,-0.37,-0.13,0.98
11.141912937164307,120,255,62,81,-21,18,-8,-171,-87,-26.98,15.87,160.57,-31.92,12.88,-8.12,-0.37,-0.22,0.87
11.17875599861145,152,67,46,70,-30,-81,32,-80,-108,-26.75,15.94,161.76,-32.65,9.77,-6.90,-0.28,-0.26,0.91
11.215673446655273,99,253,63,29,-51,-96,-37,-174,-85,-26.36,15.62,163.04,-32.71,13.06,-10.01,-0.25,-0.20,1.00
11.248404026031494,101,12,86,-2,37,63,-35,-153,-54,-26.01,15.43,164.21,-30.70,10.56,-6.53,-0.27,-0.18,0.98
11.285219669342041,113,86,68,-105,26,63,-18,-54,-79,-25.73,15.24,165.44,-29.97,7.02,-2.75,-0.24,-0.15,0.95
11.31807279586792,108,21,55,-90,0,-41,-25,-141,-95,-25.59,15.03,166.73,-31.31,5.62,-0.12,-0.25,-0.14,0.98
11.354903221130371,107,15,43,-34,32,70,-27,-149,-111,-25.51,14.93,167.73,-28.93,1.53,0.12,-0.27,-0.17,0.99
11.391778945922852,109,45,71,-47,27,100,-23,-109,-74,-25.49,14.81,168.56,-28.63,-3.85,5.68,-0.26,-0.17,0.97
11.424520254135132,86,54,39,-51,5,12,-54,-97,-117,-25.73,15.01,169.20,-32.23,-10.13,12.88,-0.25,-0.19,0.95
11.461376428604126,98,54,43,-59,-18,-39,-38,-97,-112,-26.08,15.06,169.91,-36.01,-11.05,16.54,-0.28,-0.19,0.96
11.498237133026123,95,46,34,-71,-17,-64,-42,-107,-124,-26.52,15.56,170.28,-36.25,-20.94,13.31,-0.28,-0.24,0.92
11.535120487213135,95,19,43,-81,-27,-55,-42,-143,-112,-27.06,16.16,170.25,-37.84,-25.21,14.95,-0.32,-0.29,0.88
11.567895412445068,95,27,25,-49,8,8,-43,-133,-135,-27.76,16.88,169.99,-42.91,-29.36,17.76,-0.33,-0.37,0.86
11.604799270629883,97,58,29,-55,7,22,-40,-92,-130,-28.53,17.64,169.59,-50.23,-28.38,12.45,-0.32,-0.47,0.82
11.637498140335083,96,62,14,-61,-7,-30,-41,-87,-150,-29.26,18.42,169.10,-54.57,-25.82,8.42,-0.40,-0.76,0.69
11.674355506896973,91,24,8,-79,-3,-33,-47,-138,-158,-29.83,19.15,168.96,-69.70,-15.81,0.18,-0.50,-0.92,0.74
11.711231231689453,101,42,32,-68,-14,-47,-34,-113,-126,-30.25,19.70,169.45,-95.52,3.30,-7.75,-0.75,-1.05,0.96
11.74811053276062,101,57,25,-70,-10,-30,-34,-93,-135,-30.47,19.99,170.64,-117.13,22.77,-6.59,-0.94,-1.06,1.11
11.784981489181519,104,55,21,-78,-17,-41,-31,-96,-141,-30.83,19.76,172.15,-138.98,40.41,7.75,-0.82,-0.97,1.48
11.82587456703186,103,51,22,-62,-9,-39,-32,-101,-140,-31.98,19.18,173.63,-150.51,16.42,48.95,-0.49,-0.75,1.57
11.858716249465942,100,54,29,-63,-1,-36,-36,-96,-130,-33.10,18.19,175.64,-129.39,-3.48,37.23,-0.02,-0.07,1.13
11.899604558944702,100,44,38,-36,14,-12,-36,-110,-118,-32.88,16.99,178.65,-63.48,8.79,-20.26,-0.03,0.42,0.58
11.932388544082642,113,20,45,2,39,33,-18,-143,-109,-31.33,16.28,-179.11,4.21,37.66,-47.55,-0.04,0.61,0.68
11.969239234924316,112,234,52,77,62,44,-19,-199,-99,-30.39,15.65,-178.11,37.35,21.61,6.41,-0.35,0.66,0.75
11.997952699661255,54,62,7,57,1,47,-97,-86,-160,-31.41,15.97,-178.73,85.27,-15.44,74.34,-0.22,0.70,0.42
12.034854173660278,124,77,234,-16,1,-53,-4,-66,-200,-33.68,16.98,178.67,173.16,-54.32,134.89,-0.17,0.59,0.18
12.06755256652832,129,26,37,21,6,-11,2,-134,-120,-36.48,18.71,173.28,252.20,-69.58,111.88,-0.22,0.31,0.01
12.100353479385376,133,76,15,17,33,21,8,-67,-149,-37.41,20.33,166.30,345.76,-28.32,-13.37,-0.21,0.26,0.32
12.133117914199829,110,79,224,27,12,0,-23,-64,-213,-35.85,21.02,160.21,355.22,-24.66,-17.58,-0.22,0.29,0.80
12.169918775558472,111,56,250,31,12,1,-21,-94,-178,-36.63,21.23,153.57,332.21,-65.61,47.12,-0.06,-0.18,1.10
12.198631525039673,122,54,0,39,7,17,-6,-97,-169,-38.92,21.20,145.64,329.53,-52.06,45.59,-0.65,-0.73,1.18
12.231380701065063,122,58,6,39,0,12,-6,-91,-161,-39.13,23.05,139.27,301.57,-44.25,-60.97,-0.51,-0.70,1.18
12.264129161834717,122,55,21,45,-4,7,-6,-95,-141,-40.36,24.97,132.31,211.79,-50.72,24.17,-0.32,-0.61,0.00
12.296911478042603,117,66,25,44,-3,8,-13,-80,-136,-41.02,24.71,128.01,108.40,8.48,22.22,-0.34,-0.52,-0.07
12.329692125320435,121,78,19,48,-10,7,-8,-65,-143,-42.22,24.35,126.07,-30.03,-3.78,57.37,-0.44,-0.80,0.25
12.362507343292236,121,69,22,61,-11,11,-8,-77,-139,-42.51,22.54,127.74,-119.38,32.17,-33.94,-0.42,-2.20,1.06
12.395276069641113,106,61,8,69,-1,25,-28,-87,-158,-43.58,19.75,129.97,-93.20,24.54,127.44,-1.80,-2.03,2.21
12.428015947341919,96,63,0,81,3,45,-41,-84,-170,-40.88,21.27,133.95,-85.69,51.82,-159.00,-0.11,0.11,1.06
12.46491551399231,101,62,227,94,-12,53,-34,-87,-208,-35.14,21.98,139.38,-96.68,97.47,-122.38,0.38,0.92,0.48
12.501685380935669,72,88,179,88,-29,-2,-73,-51,-272,-33.07,20.89,143.11,-90.27,53.16,-16.48,0.06,0.28,0.68
12.534497499465942,93,20,30,94,-17,16,-45,-142,-129,-31.03,19.79,146.62,-43.82,98.02,-69.27,-0.52,0.34,1.71
12.571334600448608,134,44,43,76,-12,-10,9,-110,-111,-28.22,18.96,149.78,-48.34,60.79,-26.37,-0.61,0.75,1.79
12.608200550079346,111,22,59,48,-20,-36,-21,-140,-91,-29.42,18.88,152.48,-68.97,-36.56,95.34,-0.38,0.04,0.69
12.640981435775757,119,12,88,32,41,49,-10,-152,-51,-31.65,19.07,151.64,-45.41,-25.15,49.32,-0.20,-0.67,0.67
12.6737539768219,120,96,65,-84,37,59,-9,-41,-82,-32.12,17.84,151.06,-16.97,33.39,-4.15,-0.26,-0.66,0.96
12.714698076248169,103,43,48,-128,-7,-63,-31,-111,-105,-30.99,16.93,152.32,-12.76,42.91,-16.36,-0.19,-0.03,0.99
12.747511386871338,98,225,47,-46,19,13,-38,-212,-106,-30.29,16.26,154.36,-30.33,16.05,25.02,-0.33,0.05,0.89
12.78436541557312,105,30,55,-25,29,139,-29,-128,-95,-31.12,16.61,154.83,-30.58,-9.52,39.12,-0.36,-0.51,0.78
12.817121744155884,88,62,61,-65,3,40,-51,-86,-88,-31.81,16.38,153.59,-17.82,3.72,5.31,-0.23,-0.82,0.74
12.854004144668579,80,65,44,-83,-30,-71,-63,-83,-110,-31.24,15.05,153.29,-14.95,36.99,-22.64,-0.23,-0.47,0.85
12.895001649856567,103,34,35,-85,-40,-106,-31,-123,-122,-30.35,14.61,154.20,-19.84,29.60,-14.53,-0.29,-0.33,0.87
12.931768894195557,89,21,34,-75,-22,-49,-50,-141,-123,-30.07,14.67,155.37,-28.14,14.65,7.32,-0.35,-0.29,0.85
12.964552402496338,92,35,30,-60,-6,6,-46,-123,-129,-30.14,15.04,156.24,-31.13,3.60,9.58,-0.34,-0.38,0.82
12.997345209121704,90,71,16,-55,-4,4,-49,-75,-147,-30.13,15.19,156.73,-29.17,6.35,-0.06,-0.33,-0.41,0.86
13.038245439529419,100,70,20,-50,-11,-49,-36,-76,-142,-30.00,15.72,157.32,-27.34,0.61,-4.76,-0.31,-0.36,0.87
13.075119495391846,108,67,17,-63,-20,-73,-24,-80,-146,-29.72,15.62,158.49,-31.74,6.47,-0.67,-0.21,-0.24,0.94
13.112035036087036,103,51,20,-70,-21,-61,-32,-101,-142,-29.75,15.07,159.85,-35.71,5.00,14.22,-0.19,-0.22,0.94
13.150899887084961,100,61,12,-73,-13,-56,-35,-87,-152,-29.82,14.67,161.07,-31.86,4.15,13.98,-0.26,-0.24,0.93
13.185732126235962,105,57,20,-73,-8,-49,-29,-92,-142,-30.03,14.49,161.70,-26.31,1.22,10.68,-0.27,-0.31,0.92
13.222577571868896,102,37,31,-72,2,-38,-32,-119,-128,-29.82,14.29,162.47,-21.73,8.61,-0.06,-0.27,-0.24,0.98
13.25942349433899,103,39,33,-61,18,0,-32,-117,-125,-29.67,14.39,163.32,-21.61,0.98,1.71,-0.28,-0.26,0.94
13.292233943939209,110,38,38,-54,14,6,-22,-118,-118,-29.66,14.52,163.55,-20.87,1.53,0.79,-0.28,-0.31,0.96
13.329060077667236,82,251,51,8,41,18,-59,-177,-101,-29.64,14.51,163.95,-25.70,-0.31,5.86,-0.29,-0.29,0.96
13.361861944198608,76,211,6,161,82,63,-67,-230,-161,-29.76,14.66,164.25,-25.82,-3.11,6.71,-0.27,-0.28,0.91
13.39875864982605,117,147,53,-14,29,-75,-12,27,-98,-29.81,14.75,164.89,-26.61,-3.23,7.93,-0.27,-0.21,0.95
13.43565845489502,116,6,238,40,-4,-41,-14,-161,-194,-29.88,14.90,165.67,-26.61,-8.12,9.34,-0.29,-0.24,0.92
13.468435287475586,146,85,24,19,40,41,25,-55,-137,-30.08,15.34,166.01,-27.83,-9.89,8.06,-0.27,-0.26,0.92
13.50129222869873,103,79,199,36,11,-3,-31,-64,-246,-30.47,15.54,166.10,-31.07,-13.06,14.83,-0.27,-0.33,0.92
13.537958145141602,109,51,0,41,13,-5,-23,-101,-170,-30.82,15.59,166.15,-31.56,-12.27,10.68,-0.26,-0.30,0.91
13.570743560791016,118,54,251,41,5,26,-11,-96,-176,-30.99,15.79,166.26,-32.35,-11.11,2.99,-0.28,-0.29,0.90
13.60377311706543,122,69,253,43,-4,8,-6,-77,-174,-31.07,16.01,166.41,-34.48,-10.99,2.01,-0.29,-0.31,0.84
13.6363046169281,118,56,22,58,2,20,-12,-94,-139,-31.37,16.57,166.29,-37.23,-12.39,0.06,-0.27,-0.32,0.82
13.673105955123901,119,68,31,60,6,34,-10,-78,-128,-31.47,16.88,166.34,-43.03,-5.74,-7.08,-0.31,-0.31,0.86
13.701839208602905,120,87,16,61,0,25,-8,-54,-148,-31.25,17.25,167.00,-48.22,-2.62,-12.39,-0.30,-0.25,0.87
13.734575271606445,129,77,16,74,0,23,2,-67,-147,-30.98,17.54,167.76,-53.71,-2.01,-12.70,-0.35,-0.29,0.88
13.76732325553894,94,81,8,88,21,39,-43,-61,-158,-30.84,18.18,168.25,-61.16,-2.81,-14.89,-0.47,-0.41,0.91
13.80417251586914,87,64,246,113,20,57,-53,-83,-184,-30.76,18.69,168.39,-69.46,-0.98,-19.23,-0.55,-0.64,0.95
13.836979150772095,104,83,176,113,7,30,-30,-58,-277,-30.73,19.46,168.89,-84.05,2.81,-25.02,-0.73,-0.92,0.96
13.873810291290283,71,13,3,94,-15,-5,-75,-151,-164,-30.45,19.91,169.76,-98.63,12.70,-30.70,-0.86,-1.20,1.19
13.906632900238037,117,253,58,109,10,42,-12,-174,-92,-30.46,20.19,170.93,-114.99,14.71,-16.54,-0.90,-1.04,1.36
13.943426847457886,116,43,42,53,4,4,-14,-112,-112,-30.74,20.42,172.04,-113.71,10.13,-9.03,-0.55,-0.53,1.24
13.972182750701904,127,16,81,39,28,39,0,-148,-61,-30.22,19.87,173.77,-70.86,18.01,-48.89,-0.20,-0.02,1.06
14.009002447128296,110,106,59,-70,24,45,-22,-27,-90,-27.55,18.26,176.51,-26.67,42.54,-122.50,0.07,0.27,0.84
14.045892477035522,114,55,58,-150,-37,-118,-17,-95,-91,-24.18,16.57,178.92,-2.08,39.92,-121.03,0.26,0.61,1.04
14.082745552062988,86,221,47,-65,1,-28,-55,-217,-107,-22.25,15.03,-179.47,22.95,20.87,-11.35,-0.12,0.75,0.90
14.119601011276245,119,218,67,35,56,139,-10,-221,-80,-23.29,15.73,-179.54,58.84,-43.82,76.17,-0.23,0.88,0.50
14.156410694122314,107,77,70,30,44,144,-26,-66,-75,-26.16,17.78,178.53,129.82,-114.87,166.26,-0.18,0.79,0.31
14.189229249954224,94,87,73,-54,-23,-82,-44,-53,-71,-30.62,20.63,174.10,193.66,-130.31,190.19,-0.11,0.41,0.18
14.230187892913818,100,42,30,-86,-71,-178,-36,-113,-129,-34.40,22.90,168.24,270.02,-75.13,115.30,-0.14,0.15,0.22
14.26702332496643,96,11,32,-82,-36,-91,-41,-154,-126,-36.23,23.37,162.37,294.56,-53.34,91.61,-0.14,0.12,0.61
14.303885698318481,91,24,42,-77,-22,-1,-47,-136,-113,-38.54,23.08,156.00,290.95,-44.19,104.31,-0.25,-0.12,0.76
14.336649417877197,94,56,22,-75,3,26,-43,-94,-140,-40.97,22.89,148.54,305.05,-28.02,66.10,-0.28,-0.55,0.81
14.373529434204102,102,72,17,-77,-15,-14,-33,-73,-146,-41.58,22.29,141.15,312.99,0.00,-22.46,-0.51,-0.69,1.08
14.410390138626099,101,78,25,-94,-17,-49,-34,-65,-135,-41.38,23.07,135.09,270.75,-33.45,-35.64,-0.63,-0.89,0.83
14.45132327079773,105,41,17,-99,-12,-55,-29,-114,-146,-43.50,24.06,128.65,183.59,-28.93,48.28,-0.35,-0.63,-0.01
14.488244533538818,102,59,19,-106,-12,-11,-32,-91,-143,-43.84,23.72,125.26,84.53,24.41,28.38,-0.35,-0.47,-0.02
14.525217533111572,97,60,14,-100,-8,-14,-39,-88,-150,-46.11,22.50,123.17,-41.38,-20.81,110.23,-0.48,-0.83,0.37
14.557865142822266,104,59,17,-98,4,-3,-30,-90,-146,-48.08,21.31,125.01,-126.34,-6.47,60.30,-0.29,-1.54,0.88
14.590632915496826,98,64,14,-63,16,8,-39,-83,-150,-48.91,18.75,127.50,-107.73,46.63,124.27,-1.98,-3.20,2.06
14.627496480941772,105,44,28,-32,34,20,-29,-110,-131,-46.35,20.62,130.70,-64.39,53.10,-150.27,-0.17,0.23,1.21
14.66432499885559,101,9,36,-2,36,39,-34,-157,-120,-39.63,22.72,136.22,-89.72,125.61,-228.27,0.08,0.91,0.58
14.701160669326782,112,153,60,158,90,87,-19,-307,-89,-35.18,23.27,140.10,-62.44,87.77,-120.00,0.53,0.79,0.67
14.733950138092041,147,159,100,13,33,-26,27,42,-35,-32.84,22.37,143.98,-54.93,55.42,-49.32,-0.50,-0.02,1.52
14.770830392837524,156,246,249,49,24,-35,39,-184,-180,-29.59,21.61,147.23,-34.48,86.85,-59.27,-0.66,0.69,1.85
14.803577423095703,158,61,4,32,51,75,41,-87,-164,-29.69,20.84,150.40,-85.51,-26.98,108.03,-0.28,0.19,0.92
14.840429544448853,104,97,212,37,17,21,-30,-40,-228,-33.01,20.84,150.28,-65.00,-32.71,99.06,-0.23,-0.70,0.58
14.873204231262207,117,65,253,39,0,10,-12,-82,-174,-34.11,19.84,149.53,-23.13,25.70,-9.89,-0.19,-0.73,0.85
14.906014442443848,117,55,250,53,2,26,-13,-95,-178,-32.65,19.38,150.76,-11.66,47.79,-43.46,-0.34,-0.19,0.94
14.938790321350098,116,59,7,46,-14,5,-15,-90,-159,-31.11,19.05,152.89,-24.05,33.63,-10.25,-0.30,0.24,0.99
14.975697994232178,118,58,23,41,-18,7,-12,-91,-139,-31.16,18.88,154.96,-40.83,2.08,36.99,-0.42,-0.22,0.97
15.008555889129639,117,73,21,47,-16,16,-13,-71,-140,-32.39,18.66,155.35,-31.56,-9.52,33.39,-0.26,-0.64,0.83
15.04533576965332,123,88,20,60,-19,13,-5,-52,-142,-32.83,17.76,154.58,-18.68,17.94,-4.46,-0.20,-0.56,0.80
15.078071117401123,128,82,13,73,-16,14,0,-60,-151,-32.28,17.22,155.06,-18.37,26.49,-15.38,-0.26,-0.28,0.88
15.110909700393677,88,80,10,95,2,28,-51,-62,-155,-31.75,16.95,156.50,-22.83,19.53,-0.67,-0.31,-0.14,0.96
15.14369511604309,103,86,245,112,1,59,-31,-54,-184,-31.81,16.68,157.91,-32.04,4.46,26.31,-0.28,-0.24,0.94
15.184521436691284,53,74,162,110,-48,-23,-98,-70,-296,-32.48,16.44,158.51,-29.85,1.16,26.49,-0.26,-0.36,0.88
15.221516609191895,98,251,37,84,-54,-39,-39,-177,-120,-32.90,16.15,158.81,-23.07,5.19,9.16,-0.27,-0.39,0.86
15.254276514053345,136,19,48,73,-18,-2,12,-144,-105,-32.87,15.91,159.25,-20.08,9.40,0.55,-0.27,-0.32,0.94
15.291147232055664,119,31,51,45,-25,-20,-10,-128,-101,-32.76,15.65,160.08,-23.25,8.00,9.40,-0.25,-0.21,0.99
15.327896118164062,101,88,67,-35,-3,0,-35,-51,-79,-32.98,15.43,161.00,-26.55,-2.14,17.76,-0.25,-0.27,0.92
15.364753723144531,111,59,61,-122,-35,-80,-21,-91,-87,-33.33,15.21,161.15,-22.34,-5.43,10.38,-0.21,-0.42,0.87
15.40168285369873,100,238,62,-72,-7,-36,-35,-194,-86,-33.67,15.01,161.28,-24.48,-0.98,11.17,-0.26,-0.37,0.94
15.438500165939331,107,15,56,-53,30,100,-26,-148,-95,7.05,0.84
15.47139835357666,94,32,59,-40,40,117,-43,-126,-91,-33.48,18.45,158.57,-26.55,10.31,10.07,-0.42,-0.24,0.78
15.508172988891602,99,46,41,-17,33,38,-36,-108,-114,24,-0.41,1.01
15.54503870010376,100,72,45,-49,-3,-42,-36,-73,-110,-33.76,18.23,156.87,-27.10,40.04,-4.52,-0.41,0.05,0.84
15.581930160522461,96,19,40,-50,-15,-101,-40,-144,-115,-33.48,18.45,158.57,-26.55,10.31,10.07,-0.42,-0.24,0.78
15.618769645690918,94,8,46,-40,-7,-25,-44,-158,-108,24,-0.41,1.01
15.655626058578491,100,45,31,-31,10,30,-35,-109,-127,-33.76,18.23,156.87,-27.10,40.04,-4.52,-0.41,0.05,0.84
15.69248104095459,97,70,34,-61,-13,-24,-40,-76,-123,-33.48,18.45,158.57,-26.55,10.31,10.07,-0.42,-0.24,0.78
15.72935175895691,99,47,28,-68,-26,-79,-38,-106,-131,24,-0.41,1.01
15.76620864868164,97,34,25,-62,-12,-55,-40,-123,-136,-33.76,18.23,156.87,-27.10,40.04,-4.52,-0.41,0.05,0.84
15.803117990493774,97,40,30,-59,-15,-36,-39,-116,-129,-33.48,18.45,158.57,-26.55,10.31,10.07,-0.42,-0.24,0.78
15.839945077896118,99,46,20,-50,-8,-32,-37,-108,-142,-33.65,18.59,158.50,-23.13,11.96,-5.19,-0.34,-0.47,0.81
15.876845359802246,104,60,23,-64,-13,-34,-30,-89,-138,-33.19,18.42,158.80,-19.78,26.18,-24.54,-0.34,-0.33,0.91
15.913708925247192,110,53,13,-86,-22,-53,-23,-98,-151,-32.54,17.82,159.70,-22.58,21.85,-14.47,-0.27,-0.31,0.91
15.954581260681152,103,65,23,-102,-22,-42,-31,-83,-138,-32.34,17.30,160.38,-25.27,8.12,3.97,-0.25,-0.32,0.91
15.991448163986206,99,53,22,-113,-11,-28,-36,-98,-140,-32.51,16.97,161.09,-26.25,3.23,13.67,-0.30,-0.27,0.90
16.024346351623535,99,45,28,-77,20,23,-36,-108,-132,-32.76,16.92,161.89,-27.10,-6.59,14.95,-0.31,-0.26,0.90
16.06110906600952,95,246,38,32,50,56,-42,-184,-119,-33.01,17.03,162.26,-24.11,-5.74,7.63,-0.25,-0.34,0.89
16.098113536834717,37,37,220,155,77,84,-119,-119,-218,-33.13,16.68,162.45,-21.97,5.98,2.69,-0.23,-0.33,0.94
16.134867429733276,85,112,1,-24,15,-132,-56,-20,-168,-33.09,16.12,163.16,-22.58,10.07,4.46,-0.24,-0.24,0.95
16.167694330215454,107,27,67,54,19,54,-26,-133,-80,-33.19,15.91,163.81,-23.62,3.11,9.70,-0.26,-0.27,0.90
16.204426527023315,149,133,248,29,55,74,29,8,-181,-33.39,15.64,163.91,-19.84,5.25,4.46,-0.25,-0.33,0.92
16.237271547317505,124,57,232,54,13,-14,-3,-93,-202,-33.51,15.35,164.13,-21.91,4.82,6.71,-0.24,-0.29,0.96
16.274143934249878,116,25,254,50,14,15,-14,-136,-172,-33.52,15.14,164.84,-23.19,6.41,5.62,-0.27,-0.22,0.95
16.306926012039185,123,52,245,47,1,16,-5,-100,-185,-33.64,15.21,165.51,-22.22,0.49,9.83,-0.32,-0.24,0.95
16.343711853027344,107,63,253,39,-9,6,-26,-85,-174,-33.87,15.41,165.69,-20.32,-3.60,9.52,-0.30,-0.34,0.91
16.376540660858154,114,69,14,51,-17,4,-17,-78,-150,-34.22,15.38,165.49,-22.71,-2.32,10.31,-0.27,-0.36,0.91
16.409309148788452,124,75,23,53,-18,7,-4,-69,-138,-34.57,15.30,165.60,-27.89,-0.98,12.76,-0.26,-0.32,0.95
16.446077823638916,124,79,28,58,-16,14,-4,-64,-132,-34.95,15.31,165.91,-31.56,-4.94,18.01,-0.30,-0.29,0.93
16.478941440582275,111,77,12,78,-9,25,-20,-66,-154,-35.34,15.37,166.32,-32.59,-5.25,17.52,-0.29,-0.27,0.94
16.511707305908203,89,81,15,91,-3,39,-51,-61,-148,-35.71,15.50,166.86,-34.18,-6.90,14.34,-0.26,-0.22,0.97
16.548536777496338,124,71,202,106,-7,44,-4,-74,-242,-35.99,15.68,167.58,-33.26,-8.30,14.71,-0.27,-0.23,0.92
16.585440635681152,32,40,210,97,-34,-22,-126,-116,-232,-36.30,15.74,167.85,-30.76,-11.11,9.83,-0.23,-0.27,0.89
16.622247219085693,115,253,65,85,-1,58,-16,-174,-82,-36.50,15.67,167.85,-30.88,-8.91,2.56,-0.23,-0.31,0.92
16.65507984161377,146,60,48,66,-8,-23,25,-89,-105,-36.58,15.80,167.97,-34.61,-8.12,-1.28,-0.26,-0.26,0.93
16.691888332366943,95,29,56,54,-13,-10,-42,-130,-94,-36.60,16.09,168.22,-36.80,-7.14,-4.21,-0.29,-0.26,0.86
16.72473382949829,111,29,85,10,21,31,-21,-130,-56,-36.52,16.32,168.64,-38.64,-8.48,-9.83,-0.27,-0.28,0.85
16.76145839691162,119,83,53,-72,14,12,-10,-58,-99,-36.37,16.69,168.72,-40.83,-6.65,-19.04,-0.31,-0.36,0.84
16.798377513885498,112,44,51,-116,-28,-76,-19,-111,-101,-36.06,17.17,168.77,-46.26,-1.34,-26.79,-0.39,-0.39,0.85
16.835397958755493,88,246,46,-51,0,-11,-52,-183,-107,-35.72,17.71,168.71,-54.08,1.46,-31.25,-0.41,-0.49,0.84
16.86821484565735,96,27,34,0,61,119,-40,-133,-123,-35.28,18.24,168.83,-65.43,6.16,-36.44,-0.55,-0.71,0.88
16.904866218566895,96,84,50,-61,32,97,-40,-57,-102,-34.79,18.84,169.39,-79.53,15.63,-38.02,-0.69,-0.91,0.96
16.94172215461731,78,76,40,-102,-10,-75,-64,-67,-115,-34.30,19.03,170.32,-105.35,26.92,-34.91,-0.85,-1.18,1.11
16.982699394226074,107,24,30,-87,-21,-119,-26,-137,-128,-34.19,18.96,171.68,-119.93,29.05,-16.78,-0.94,-1.27,1.31
17.015551805496216,94,22,29,-75,-1,-31,-43,-139,-130,-34.56,19.19,172.96,-119.57,16.11,2.50,-0.77,-0.73,1.39
17.05227828025818,87,23,35,-60,8,22,-53,-138,-122,-34.43,18.88,174.68,-89.60,9.03,-23.25,-0.40,-0.21,1.37
17.085110187530518,86,54,31,-53,15,32,-54,-97,-128,-32.33,17.97,177.36,-57.92,17.94,-98.39,-0.11,0.24,1.09
17.121953010559082,88,70,19,-53,-1,-31,-51,-76,-144,-28.68,16.63,-179.63,-11.72,2.56,-131.90,0.27,0.42,0.78
17.1587917804718,105,67,33,-56,-12,-61,-29,-80,-125,-25.67,15.97,-178.45,40.28,-3.78,-91.98,0.49,0.81,0.71
17.195643663406372,95,39,26,-40,-9,-33,-42,-117,-134,-24.43,14.98,-178.17,53.77,19.71,-16.05,-0.05,1.06,0.67
17.23244857788086,90,47,25,-23,-4,-21,-49,-106,-135,-25.55,15.76,-178.92,97.35,-71.35,112.73,-0.30,0.91,0.42
17.26535415649414,89,50,20,-13,0,-25,-51,-102,-142,-29.36,18.49,177.64,164.37,-126.71,182.80,-0.17,0.83,0.18
17.30212926864624,100,45,25,-5,9,-14,-36,-109,-136,-34.61,21.69,171.57,245.73,-140.81,202.09,-0.22,0.53,0.12
17.338958024978638,107,58,21,-20,0,-27,-26,-92,-140,-38.44,24.05,164.48,302.80,-99.30,122.01,-0.13,0.20,0.16
17.375819444656372,93,56,19,-33,-12,-16,-45,-94,-144,-39.56,25.11,157.71,342.59,-41.63,52.55,-0.26,0.27,0.61
17.408724069595337,106,52,34,-52,-9,-33,-27,-99,-123,-41.69,25.43,150.46,331.30,-60.61,92.22,-0.26,-0.54,0.79
17.445542097091675,110,34,39,-67,-3,8,-22,-124,-117,-43.84,24.56,140.95,342.96,20.32,-15.50,-0.73,-1.25,0.94
17.482332944869995,79,28,45,-31,10,29,-64,-132,-108,-41.29,26.04,135.67,322.51,20.45,-150.82,-0.32,-0.39,1.27
17.519176721572876,43,28,236,150,71,4,-112,-132,-196,-41.00,28.33,130.84,192.44,-73.79,75.74,-0.40,-0.54,0.34
17.551944971084595,126,124,7,-55,5,-40,-1,-4,-159,-43.09,27.62,127.33,56.40,-3.05,75.38,-0.52,-0.04,-0.18
17.584784507751465,125,26,2,46,18,-1,-2,-135,-166,-44.20,28.20,127.43,-81.73,-18.43,35.95,-0.31,-0.98,0.67
17.617645025253296,118,84,237,44,45,39,-11,-57,-195,-45.19,25.40,130.56,-164.18,51.64,164.43,-1.96,-3.07,2.77
17.654422760009766,104,57,250,52,16,13,-30,-92,-178,-45.89,24.49,132.96,-71.23,55.48,-101.87,-0.12,-0.10,0.95
17.687252283096313,134,29,254,48,12,16,8,-131,-173,-39.14,25.68,138.38,-66.53,127.32,-185.91,0.12,0.98,0.01
17.719996452331543,134,36,29,40,2,15,8,-120,-131,-35.77,25.79,141.50,-69.82,49.74,-29.91,0.34,0.62,0.72
17.752765417099,114,62,34,25,5,18,-17,-86,-123,-34.85,24.76,144.51,-57.68,50.54,-30.52,-0.47,-0.46,1.94
17.789579391479492,117,59,26,26,-4,12,-13,-90,-134,-30.73,24.02,148.10,-32.71,88.13,-77.94,-0.51,0.49,1.47
17.82232093811035,125,71,30,39,-9,11,-2,-75,-129,-30.75,23.28,150.65,-55.66,-1.59,73.00,-0.23,0.44,0.80
17.855125427246094,123,66,22,43,-10,14,-5,-81,-140,-32.74,22.86,152.47,-57.19,-18.13,83.68,-0.47,-0.49,0.84
17.887948513031006,111,66,10,56,1,39,-21,-80,-156,-34.13,21.87,151.74,-31.49,10.86,11.96,-0.33,-0.76,0.86
17.920645475387573,94,69,1,73,-3,33,-43,-77,-167,-33.82,20.86,151.59,-11.60,40.10,-23.93,-0.21,-0.29,0.81
17.957513570785522,100,68,231,88,-20,38,-35,-78,-204,-32.75,20.08,153.64,-21.36,32.47,-5.55,-0.26,0.01,0.99
17.994327306747437,68,71,171,87,-35,-12,-78,-75,-283,-32.63,19.45,155.40,-27.22,4.33,26.61,-0.33,-0.29,0.96
18.02718496322632,78,7,15,86,-15,30,-66,-159,-149,-33.66,19.24,155.18,-23.32,1.53,28.50,-0.30,-0.55,0.79
18.06391191482544,132,47,53,65,-12,49,6,-106,-98,-34.43,18.57,154.15,-14.16,19.04,-2.93,-0.30,-0.59,0.79
18.09690523147583,122,58,46,46,-24,-63,-6,-92,-107,-33.91,17.87,154.16,-8.12,31.68,-28.75,-0.26,-0.40,0.88
18.133669137954712,85,255,70,42,-12,-33,-56,-172,-76,-32.94,17.40,155.41,-15.50,20.51,-8.85,-0.30,-0.26,0.92
18.170400619506836,118,44,80,10,54,100,-12,-110,-63,-32.95,17.20,156.78,-22.03,8.24,18.13,-0.33,-0.23,0.92
18.203274250030518,120,122,46,-100,25,20,-8,-7,-107,-33.46,17.08,157.72,-21.42,-1.65,27.10,-0.30,-0.36,0.85
18.24416446685791,98,36,44,-124,-53,-115,-39,-121,-110,-34.03,16.85,157.56,-17.82,6.10,11.05,-0.27,-0.43,0.86
18.280988693237305,113,6,48,-40,12,16,-18,-161,-105,-34.05,16.44,157.74,-11.90,15.63,-2.38,-0.31,-0.37,0.89
18.313929557800293,105,36,47,-49,25,82,-29,-121,-106,-33.75,16.14,158.71,-12.21,13.49,-2.87,-0.29,-0.25,0.94
18.34669041633606,79,57,44,-77,1,9,-64,-93,-110,-33.73,15.88,159.63,-16.91,3.78,9.58,-0.28,-0.32,0.92
18.383536100387573,84,40,42,-69,-14,-58,-57,-116,-113,-34.22,15.67,159.47,-17.33,-4.58,12.63,-0.21,-0.40,0.90
18.420385360717773,93,31,35,-56,-2,-48,-45,-127,-122,-34.60,15.42,159.28,-16.78,2.75,4.09,-0.27,-0.41,0.87
18.457401990890503,87,26,39,-62,-7,-24,-52,-134,-117,-34.93,15.55,159.10,-17.64,-2.14,4.94,-0.28,-0.43,0.85
18.490063667297363,91,28,28,-39,3,0,-48,-132,-132,-35.23,15.77,158.99,-18.07,-1.89,2.93,-0.29,-0.44,0.89
18.527281284332275,90,55,35,-35,3,11,-49,-95,-122,-35.59,15.58,158.99,-21.18,-6.16,9.34,-0.26,-0.47,0.85
18.559821844100952,88,66,24,-44,-16,-36,-51,-81,-137,-36.02,15.63,158.65,-26.12,-4.39,6.59,-0.27,-0.45,0.85
18.596632957458496,88,7,0,-62,-17,-34,-51,-160,-170,-36.51,15.59,158.50,-30.33,-6.53,9.28,-0.25,-0.46,0.85
18.63348627090454,102,67,20,-63,-28,-61,-32,-80,-142,-36.89,15.57,158.56,-32.90,-1.46,7.20,-0.27,-0.36,0.91
18.670244455337524,100,52,18,-69,-30,-81,-35,-99,-145,-36.94,15.76,159.79,-37.17,0.31,7.32,-0.32,-0.21,0.96
18.711013555526733,101,47,16,-67,-20,-55,-34,-106,-148,-36.92,16.10,161.30,-35.28,-6.04,6.41,-0.32,-0.22,0.94
18.747894048690796,103,45,30,-61,-11,-43,-31,-109,-129,-36.98,16.35,162.39,-31.37,-8.06,5.74,-0.27,-0.24,0.96
18.78475332260132,103,45,28,-59,3,-27,-31,-109,-132,-36.88,16.51,163.38,-31.13,-7.32,0.98,-0.28,-0.20,0.98
18.82161283493042,108,42,35,-57,14,2,-25,-112,-122,-36.65,16.70,164.59,-31.37,-7.02,-1.04,-0.33,-0.19,0.97
18.854363203048706,92,8,37,-9,26,27,-46,-158,-119,-36.55,17.11,165.34,-32.78,-11.35,-0.79,-0.31,-0.25,0.95
18.891249656677246,92,218,11,158,113,52,-46,-221,-155,-36.63,17.34,165.61,-34.00,-12.33,-4.64,-0.31,-0.38,0.90
18.92404818534851,85,164,41,-32,36,-52,-56,49,-114,-36.80,17.73,165.19,-37.23,-11.54,-10.25,-0.33,-0.45,0.84
18.960938930511475,122,248,17,28,5,-35,-6,-180,-147,-36.96,18.15,164.71,-44.86,-10.80,-12.51,-0.34,-0.51,0.81
18.99365782737732,152,71,22,21,56,66,32,-75,-139,-37.08,18.55,164.38,-53.71,-9.58,-17.15,-0.35,-0.56,0.79
19.03049945831299,112,76,215,23,23,18,-20,-67,-225,-37.11,18.99,164.20,-62.44,-8.18,-23.86,-0.38,-0.71,0.69
19.06330156326294,119,49,255,16,4,8,-10,-103,-172,-37.00,19.68,164.52,-74.04,-5.00,-28.69,-0.48,-0.88,0.63
19.100136518478394,117,53,248,25,2,28,-12,-99,-181,-36.87,20.37,165.33,-91.25,1.46,-26.12,-0.67,-0.97,0.78
19.132975578308105,106,72,0,26,-10,9,-28,-73,-169,-36.46,20.86,166.58,-110.60,22.77,-38.45,-0.90,-1.10,1.32
19.165711164474487,112,81,17,42,-11,4,-20,-61,-146,-36.24,20.81,168.11,-131.77,26.18,-16.66,-0.83,-1.00,1.53
19.198458433151245,123,77,29,51,-9,6,-5,-66,-130,-36.65,20.84,169.69,-135.07,7.93,2.50,-0.50,-0.43,1.33
19.231180906295776,129,86,16,56,-10,4,2,-54,-148,-36.00,19.81,172.85,-94.97,25.39,-40.22,-0.15,0.17,1.19
19.263948678970337,101,80,6,67,-8,8,-34,-62,-161,-33.32,18.38,176.62,-45.65,38.15,-109.01,-0.06,0.50,0.95
19.292672872543335,99,68,7,94,3,32,-37,-78,-160,-30.25,17.24,179.29,-9.70,21.48,-101.62,0.12,0.67,0.83
19.329524517059326,96,79,238,104,-5,40,-41,-63,-195,-28.33,16.23,-179.28,22.03,10.44,-13.12,0.07,0.79,0.75
19.362327337265015,85,68,187,113,-8,25,-55,-78,-262,-29.35,16.51,-179.45,57.74,-18.31,73.79,-0.28,0.91,0.45
19.399171829223633,67,33,230,92,-21,15,-79,-125,-205,-31.92,17.90,178.70,108.15,-60.73,133.06,-0.27,0.69,0.28
19.43599820137024,136,24,77,74,-13,20,11,-137,-67,-35.72,20.04,174.92,179.08,-96.01,167.91,-0.26,0.45,0.22
19.472875118255615,107,34,48,59,-13,-62,-26,-124,-105,-39.19,21.98,169.78,243.47,-70.25,112.98,-0.29,0.24,0.22
19.505648374557495,101,10,81,19,7,12,-34,-155,-61,-40.07,23.02,164.51,285.40,-40.71,42.24,-0.06,0.18,0.40
19.538439512252808,119,80,74,-65,26,51,-10,-63,-70,-40.89,22.63,158.87,290.34,-38.45,67.99,-0.13,0.00,0.71
19.579352378845215,106,57,42,-106,-2,-32,-28,-93,-112,-42.99,22.42,152.35,292.91,-45.04,79.35,-0.30,-0.41,0.80
19.612172603607178,107,13,49,-64,13,17,-26,-152,-103,-44.97,21.82,144.22,309.33,-14.22,9.34,-0.44,-0.61,0.91
19.65305757522583,106,45,41,-54,37,109,-28,-108,-114,-44.74,23.48,138.26,291.26,-25.51,-22.95,-0.56,-0.53,1.23
19.685877799987793,102,63,45,-76,12,41,-33,-86,-108,-44.46,24.76,133.66,207.89,-37.23,12.08,-1.01,-1.17,0.49
19.722697257995605,96,58,29,-63,0,-42,-40,-91,-130,-45.33,25.01,128.62,152.71,11.96,-10.01,-0.39,-0.68,-0.24
19.755506992340088,92,52,32,-73,-17,-75,-46,-99,-127,-45.30,25.08,126.16,13.18,8.97,35.28,-0.34,-0.71,0.17
19.792363166809082,93,3,43,-64,-8,-60,-45,-164,-112,-47.82,24.63,126.42,-81.30,-5.62,73.49,-0.38,-0.63,0.56
19.825140953063965,86,28,32,-45,7,12,-54,-132,-127,-47.12,22.92,129.58,-135.74,37.29,97.35,-1.23,-3.22,1.68
19.861964225769043,83,54,33,-61,-2,6,-58,-97,-125,-48.26,22.16,129.60,-55.18,44.07,-31.49,-1.08,-1.06,1.21
19.894767999649048,93,50,31,-51,-9,-46,-44,-102,-128,-43.49,23.96,134.29,-74.71,114.01,-226.75,0.30,0.82,0.80
19.931737661361694,96,37,21,-53,-5,-47,-41,-119,-140,-38.53,24.84,139.13,-81.05,77.58,-119.38,0.36,0.99,0.45
19.96848964691162,92,40,30,-59,-15,-46,-46,-115,-129,-37.06,23.84,142.67,-86.91,41.02,28.69,-0.34,0.33,1.15
20.009392738342285,99,42,31,-61,-16,-39,-37,-112,-127,-35.53,22.89,145.94,-49.62,64.76,-40.89,-0.50,0.01,1.70
20.042223691940308,96,73,21,-78,-27,-38,-40,-72,-140,-32.94,22.15,149.30,-37.78,46.88,-23.74,-0.35,0.34,1.20
20.083122491836548,107,55,17,-72,-21,-56,-26,-96,-146,-33.46,21.28,151.63,-50.17,5.80,58.65,-0.33,-0.16,0.74
20.120015382766724,102,47,27,-74,-7,-32,-32,-106,-133,-34.93,21.08,152.82,-38.64,10.07,34.55,-0.36,-0.49,0.88
20.1528058052063,104,35,44,-67,21,4,-30,-122,-110,-35.29,20.55,153.69,-23.68,24.54,4.27,-0.34,-0.40,0.91
20.189640283584595,123,224,47,12,57,72,-4,-212,-106,-35.25,19.99,154.67,-16.66,25.15,-4.88,-0.25,-0.28,0.80
20.226510524749756,15,9,246,137,94,140,-148,-157,-184,-34.91,19.19,156.23,-18.74,20.02,2.81,-0.24,-0.23,0.91
20.263355016708374,105,164,10,-32,28,-79,-29,48,-156,-35.40,18.76,157.31,-24.78,7.14,22.77,-0.30,-0.40,0.89
20.296144247055054,131,253,22,35,0,-9,5,-174,-140,-36.60,18.24,156.61,-20.51,12.45,17.40,-0.28,-0.51,0.81
20.328890562057495,133,91,13,24,60,97,7,-47,-152,-37.22,17.69,155.82,-14.95,21.48,-4.46,-0.31,-0.49,0.82
20.36574387550354,104,116,192,37,20,4,-30,-15,-256,-37.64,17.57,155.85,-16.48,10.93,3.85,-0.31,-0.45,0.87
20.398555755615234,114,40,255,55,18,-1,-17,-116,-171,-38.06,17.42,156.41,-20.94,10.74,10.62,-0.23,-0.33,0.87
20.435382604599,118,56,249,36,9,39,-12,-94,-179,-38.57,16.83,157.27,-26.25,7.32,19.23,-0.29,-0.38,0.86
20.468132257461548,107,66,1,29,-2,6,-26,-81,-167,-39.25,16.83,157.53,-26.67,-4.64,22.58,-0.25,-0.40,0.87
20.50095534324646,117,57,14,38,-17,-3,-14,-92,-150,-40.03,17.32,157.53,-25.70,1.46,15.75,-0.32,-0.43,0.85
20.537755012512207,105,75,20,47,-9,12,-28,-68,-142,-40.35,16.98,157.85,-23.74,9.34,8.48,-0.25,-0.37,0.88
20.570554971694946,127,94,17,55,-15,13,0,-44,-146,-40.37,16.37,158.80,-24.96,11.35,7.08,-0.25,-0.29,0.92
20.603328704833984,126,86,13,68,-16,15,-1,-54,-151,-40.40,16.27,160.05,-25.39,2.56,8.73,-0.27,-0.29,0.91
20.636136054992676,93,85,11,83,-3,27,-44,-55,-154,-40.80,15.94,160.22,-24.23,-0.92,9.22,-0.23,-0.39,0.89
20.67293643951416,85,83,235,107,-3,42,-56,-58,-198,-41.12,15.30,160.49,-25.27,2.56,9.34,-0.23,-0.35,0.94
20.70982074737549,60,88,174,112,-27,-12,-89,-52,-279,-41.28,15.43,161.41,-26.67,-1.65,9.58,-0.28,-0.30,0.93
20.746639013290405,76,254,20,93,-31,5,-67,-173,-142,-41.50,15.55,161.64,-24.29,-3.60,6.10,-0.26,-0.34,0.89
20.779435873031616,134,15,58,66,-19,11,8,-149,-92,-41.76,15.63,161.72,-27.65,-4.27,3.91,-0.27,-0.38,0.89
20.81629252433777,116,42,34,51,-35,-54,-15,-112,-124,-42.15,15.53,161.69,-29.91,-3.54,7.75,-0.28,-0.36,0.88
20.853192806243896,112,21,85,33,-7,-20,-20,-141,-55,-42.56,15.60,161.80,-33.57,-5.13,12.39,-0.27,-0.36,0.92
20.885921955108643,103,37,79,-39,1,15,-32,-120,-64,-42.93,15.98,162.04,-36.68,-6.65,11.05,-0.29,-0.32,0.90
20.922773599624634,112,70,48,-75,18,22,-19,-75,-105,-43.13,16.11,162.68,-37.54,-7.51,11.29,-0.31,-0.27,0.95
20.959701776504517,100,48,48,-113,-20,-44,-35,-105,-105,-43.14,16.30,163.94,-37.05,-7.81,9.77,-0.31,-0.23,0.92
20.996514081954956,109,3,46,-58,15,11,-24,-164,-108,-43.12,16.50,165.03,-35.95,-9.34,4.46,-0.31,-0.23,0.96
21.033376455307007,110,38,44,-56,28,98,-22,-119,-110,-43.11,16.45,165.16,-35.10,-7.26,-2.87,-0.28,-0.29,0.91
21.066158533096313,99,54,41,-62,25,63,-37,-97,-114,-42.98,16.66,165.29,-38.09,-6.29,-5.80,-0.34,-0.29,0.90
21.103015184402466,86,68,37,-79,-8,-21,-55,-78,-120,-42.87,17.33,165.52,-42.05,-6.47,-4.39,-0.36,-0.34,0.86
21.139848947525024,95,48,23,-65,-9,-73,-43,-105,-139,-42.96,17.83,165.20,-44.49,-11.54,-9.46,-0.34,-0.44,0.81
21.176735401153564,109,39,31,-68,-9,-73,-23,-117,-127,-43.02,18.25,164.78,-49.99,-7.32,-16.72,-0.31,-0.49,0.83
21.21358346939087,83,38,29,-65,-5,-32,-59,-118,-131,-42.92,18.46,164.56,-60.79,-0.31,-22.89,-0.38,-0.51,0.85
21.246408700942993,93,39,25,-55,9,-10,-45,-117,-135,-42.73,18.99,164.69,-68.42,1.89,-26.00,-0.52,-0.69,0.88
21.283286333084106,97,50,23,-54,3,-18,-39,-102,-138,--0.26,-0.26,0.93
21.320091485977173,97,48,25,-62,-5,-33,-39,-105,-135,-54.38,16.,0.90
21.356976985931396,101,45,27,-65,-14,-46,-34,-109,-132,-53.91,16.31,161.96,-19.17,0.73,1.16,-0.24,-0.29,0.92
21.39386487007141,94,46,31,-63,-12,-46,-43,-107,-127,-54.04,16.21,162.76,-21.61,-0.12,5.43,-0.26,-0.26,0.93
21.434743404388428,100,49,29,-59,-12,-46,-36,-103,-130,-54.38,16.08,163.25,.91,16.31,161.96,-19.17,0.73,1.16,-0.24,-0.29,0.92
21.471636533737183,106,47,27,-57,-6,-49,-28,-106,-132,-54.04,16.21,162.76,-21.61,-0.12,5.43,-0.26,-0.26,0.93
21.508481740951538,115,19,38,-37,13,1,-16,-143,-118,-54.38,16.08,163.25,-22.46.31,161.96,-19.17,0.73,1.16,-0.24,-0.29,0.92
21.541343688964844,121,237,49,45,49,49,-8,-196,-103,-54.04,16.21,162.76,-21.61,-0.12,5.43,-0.26,-0.26,0.93
21.578139781951904,49,67,251,78,17,77,-104,-79,-176,-54.38,16.08,163.25,-22.40,-5.43,9.40,-0.25,-0.28,0.91
21.610926389694214,134,94,236,-23,1,-70,9,-44,-197,-54.67,16.01,163.69,-23.38,-3.23,6.65,-0.27,-0.30,0.96
21.64367175102234,125,4,45,25,9,1,-2,-163,-109,-55.02,16.10,164.03,-25.57,-9.09,9.46,-0.28,-0.32,0.91
21.672379970550537,128,98,12,7,40,52,0,-38,-152,-55.49,16.13,164.30,-26.31,-8.24,9.64,-0.30,-0.32,0.88
21.709189653396606,117,94,204,20,10,-4,-13,-44,-239,-55.92,16.33,164.38,-28.32,-9.64,8.97,-0.30,-0.35,0.92
21.746063470840454,115,60,249,32,11,10,-16,-89,-180,-56.39,16.53,164.59,-32.65,-12.21,11.54,-0.28,-0.32,0.88
21.778826236724854,116,69,244,35,6,25,-14,-76,-186,-56.96,16.69,164.93,-37.23,-15.44,16.54,-0.30,-0.33,0.88
21.811633110046387,108,62,255,40,-2,1,-25,-86,-172,-57.50,17.06,164.87,-37.41,-13.37,7.81,-0.31,-0.38,0.88
21.844411373138428,111,78,13,49,-2,6,-21,-65,-151,-57.83,17.47,164.61,-37.90,-12.27,-2.62,-0.31,-0.38,0.86
21.881216526031494,119,78,17,54,-6,1,-10,-65,-146,-58.04,17.86,164.18,-41.56,-12.70,-8.18,-0.31,-0.48,0.78
21.909932374954224,131,83,21,56,-10,2,4,-59,-141,-58.35,18.24,163.70,-51.27,-11.29,-8.18,-0.33,-0.57,0.74
21.942711353302002,121,74,15,68,-9,6,-7,-70,-150,-58.54,18.64,163.43,-58.84,-8.61,-14.77,-0.38,-0.66,0.74
21.975440740585327,98,75,17,82,1,21,-39,-69,-146,-58.57,19.22,163.44,-70.74,-3.54,-21.42,-0.52,-0.71,0.77
22.00822401046753,83,89,0,100,3,34,-58,-50,-171,-58.46,20.03,163.96,-82.76,0.98,-22.46,-0.69,-0.80,0.83
22.045066118240356,99,68,244,115,-12,30,-36,-79,-186,-58.24,20.76,165.02,-102.54,19.04,-28.99,-0.86,-0.88,1.03
22.08191680908203,73,30,189,112,-26,4,-72,-129,-260,-57.55,20.81,166.41,-117.19,28.99,-38.02,-0.89,-1.17,1.37
22.114723920822144,88,20,21,78,-44,5,-51,-143,-141,-57.47,21.01,167.81,-128.42,1.59,-13.06,-0.73,-0.90,1.29
22.151559352874756,120,31,75,67,-47,-48,-8,-128,-69,-57.30,21.22,169.43,-108.09,-6.77,-24.84,-0.22,-0.12,1.02
22.184354066848755,106,7,54,50,-35,-68,-28,-159,-97,-55.06,20.17,172.64,-46.45,27.40,-113.83,0.03,0.26,0.93
22.22117328643799,106,249,94,27,8,23,-28,-179,-43,-50.48,18.72,175.86,-13.55,34.30,-160.95,0.15,0.52,0.97
22.253998279571533,108,46,95,-38,36,81,-24,-107,-43,-46.68,17.35,178.06,3.36,22.58,-103.33,0.37,0.66,1.05
22.290810346603394,112,69,52,-97,11,40,-19,-77,-99,-46.01,16.42,179.24,22.16,17.64,17.09,-0.28,0.97,0.80
22.32771372795105,106,40,46,-111,-30,-41,-27,-116,-107,-47.35,17.12,178.85,73.30,-57.68,110.29,-0.37,0.99,0.45
22.364557027816772,105,14,52,-46,11,52,-28,-150,-99,-50.96,19.52,176.18,127.01,-118.71,174.68,-0.19,0.70,0.35
22.40143585205078,98,42,50,-23,17,72,-39,-112,-102,-55.58,22.33,171.74,202.27,-121.77,184.14,-0.18,0.23,0.15
22.43419075012207,95,50,43,-17,2,13,-42,-102,-112,-58.74,24.43,165.52,260.50,-74.95,112.06,-0.15,0.15,0.24
22.471065282821655,94,49,43,-28,-12,-36,-44,-103,-111,-60.56,24.71,159.80,283.33,-45.35,107.67,-0.19,0.10,0.56
22.507916927337646,103,40,45,-30,-7,-59,-32,-115,-109,-62.43,24.35,153.46,283.94,-27.59,99.61,-0.42,-0.32,0.69
22.548830032348633,100,39,42,-39,-6,-50,-36,-117,-112,-63.59,24.77,145.60,312.93,3.97,11.54,-0.41,-0.60,0.89
22.58162808418274,89,41,33,-36,3,-27,-51,-115,-124,-62.45,24.23,139.15,307.86,11.29,-32.71,-0.80,-0.51,1.20
22.61855435371399,101,53,39,-47,-6,-26,-35,-99,-117,-61.92,24.63,133.58,241.82,-25.57,-20.20,-0.54,-0.78,0.96
22.651280403137207,99,52,23,-48,0,-30,-37,-99,-139,-64.31,24.71,127.24,179.14,-33.02,50.96,-0.34,-0.74,-0.28
22.688146352767944,95,44,28,-57,-3,-29,-42,-110,-132,-64.38,24.33,123.78,74.16,21.00,11.47,-0.46,-0.99,-0.22
22.724971532821655,89,45,26,-69,0,-24,-50,-109,-134,-65.63,22.85,122.11,-23.99,2.44,70.19,-0.20,-0.69,0.36
22.761821269989014,93,38,28,-71,5,-11,-45,-118,-131,-66.35,21.36,124.85,-130.68,19.10,46.39,-0.20,-0.42,0.67
22.794618606567383,94,39,25,-77,9,-2,-43,-117,-136,-66.67,20.81,126.60,-126.71,17.33,81.67,-1.34,-3.31,1.69
22.82738184928894,88,61,10,-84,7,-2,-51,-87,-155,-66.65,19.98,126.23,-49.26,47.91,-71.11,-1.18,-1.40,1.35
22.86016869544983,94,64,18,-89,0,-21,-44,-84,-145,-61.78,21.86,130.88,-77.09,102.66,-198.30,0.05,0.84,0.96
22.896992444992065,95,62,16,-95,1,-17,-42,-86,-147,-57.32,22.71,135.81,-98.82,68.60,-70.56,0.16,0.90,0.46
22.929786682128906,92,62,26,-77,15,13,-46,-87,-135,-56.05,21.76,139.49,-88.81,49.68,10.44,-0.34,0.39,1.12
22.966633558273315,104,65,35,-67,23,53,-30,-82,-123,-54.17,21.43,142.85,-38.57,55.73,-57.50,-0.44,0.03,1.61
22.999443531036377,115,23,47,-2,36,62,-15,-138,-107,-52.01,20.90,145.91,-46.63,41.26,-13.67,-0.18,0.41,1.37
23.040331840515137,116,223,22,181,95,51,-14,-214,-140,-53.33,19.61,148.67,-75.81,-15.69,110.23,-0.29,-0.10,0.88
23.07314109802246,126,176,27,-31,41,-94,-1,65,-133,-55.26,18.96,149.31,-54.81,-11.23,62.62,-0.29,-0.67,0.78
23.109963178634644,89,1,236,47,3,-46,-50,-168,-196,-55.71,17.99,149.29,-21.67,19.29,-3.66,-0.31,-0.56,0.86
23.138692378997803,130,82,0,43,21,31,4,-60,-170,-54.72,17.53,150.54,-10.13,28.26,-24.90,-0.25,-0.17,0.86
23.17145299911499,123,69,238,51,13,3,-5,-76,-195,-53.74,17.18,152.37,-22.64,16.30,1.22,-0.28,-0.10,0.93
23.208285093307495,108,46,253,58,13,6,-25,-108,-174,-54.01,17.13,153.62,-28.56,2.26,25.15,-0.28,-0.48,0.84
23.24104142189026,118,57,2,51,4,15,-11,-93,-166,-54.79,16.78,152.84,-20.57,10.44,5.86,-0.30,-0.65,0.78
23.27384114265442,115,44,24,50,4,12,-16,-110,-137,-54.42,16.18,152.79,-15.20,25.82,-19.04,-0.27,-0.41,0.84
23.306626558303833,116,63,29,42,4,27,-14,-85,-131,-53.67,15.89,154.03,-17.70,20.75,-10.62,-0.28,-0.22,0.93
23.3393976688385,115,67,32,46,0,10,-16,-79,-126,-53.37,15.80,155.45,-21.48,9.28,6.04,-0.28,-0.24,0.92
23.376214027404785,119,75,32,48,-4,12,-10,-68,-126,-53.52,15.78,156.50,-22.71,1.04,16.66,-0.31,-0.36,0.88
23.408987998962402,120,75,22,59,-12,-4,-8,-69,-140,-53.81,15.60,156.80,-18.86,5.62,7.81,-0.30,-0.39,0.85
23.44190502166748,94,55,0,76,-3,13,-43,-95,-169,-53.76,15.63,157.28,-19.17,10.25,-1.89,-0.27,-0.32,0.91
23.47454023361206,90,67,2,96,0,25,-49,-80,-166,-53.61,15.51,158.13,-20.94,7.87,1.95,-0.27,-0.29,0.90
23.511518001556396,106,46,245,104,-13,26,-28,-108,-185,-53.61,15.37,158.88,-21.91,2.01,10.93,-0.25,-0.32,0.94
23.548242807388306,71,18,167,91,-24,12,-74,-144,-288,-53.78,15.22,159.49,-21.30,0.00,11.47,-0.24,-0.30,0.92
23.581058502197266,90,34,20,59,-44,7,-48,-124,-142,-53.96,14.99,159.95,-20.75,-0.85,10.68,-0.28,-0.33,0.92
23.618016004562378,151,252,98,51,-33,-50,32,-175,-39,-54.11,14.82,160.44,-21.48,-4.03,11.23,-0.27,-0.31,0.93
23.650866746902466,125,4,68,46,-4,-23,-2,-163,-78,-54.12,14.92,161.03,-19.35,-2.75,1.53,-0.30,-0.28,0.89
23.683546781539917,121,24,98,18,2,36,-7,-137,-38,-54.13,15.07,161.06,-16.48,-7.75,-1.16,-0.29,-0.40,0.89
23.720285654067993,110,70,65,-28,16,53,-22,-75,-82,-54.19,15.00,161.00,-22.28,-1.77,-0.06,-0.27,-0.36,0.93
23.757141828536987,116,95,43,-98,-12,-20,-15,-42,-112,-54.13,15.09,161.56,-24.11,-3.72,3.91,-0.29,-0.31,0.90
23.794139862060547,105,45,33,-105,-26,-64,-29,-109,-124,-54.28,15.68,161.54,-21.30,-8.85,0.37,-0.29,-0.38,0.89
23.830947399139404,107,11,53,-52,10,26,-26,-154,-99,-54.42,15.84,161.44,-25.51,-9.16,1.10,-0.29,-0.38,0.91
23.867766857147217,88,28,45,-38,43,97,-52,-131,-109,-54.53,16.23,161.47,-26.43,-10.19,-0.85,-0.31,-0.37,0.91
23.900617599487305,89,35,44,-34,47,92,-51,-122,-110,-54.50,16.45,162.28,-27.77,-11.17,2.93,-0.33,-0.25,0.96
